DEPTH = 16384;
WIDTH = 24;
ADDRESS_RADIX = HEX;
DATA_RADIX = HEX;
CONTENT BEGIN
00000 : 66910c;
00001 : 5f8e08;
00002 : 628c02;
00003 : 648f02;
00004 : 669406;
00005 : 618f03;
00006 : 628e03;
00007 : 5a8e0d;
00008 : 378521;
00009 : 398e2b;
0000A : 50911d;
0000B : 5a8720;
0000C : c1ab38;
0000D : 6e9633;
0000E : 2e8822;
0000F : 347721;
00010 : 31651f;
00011 : 629615;
00012 : 23673a;
00013 : 1c6a47;
00014 : 819c21;
00015 : 869722;
00016 : 31764c;
00017 : 274d1d;
00018 : 557113;
00019 : a8a001;
0001A : a29902;
0001B : bfa100;
0001C : 46641f;
0001D : 013b2a;
0001E : 264e21;
0001F : b89c03;
00020 : bba001;
00021 : bca001;
00022 : b69f01;
00023 : b59f01;
00024 : b89e01;
00025 : c5a100;
00026 : 697511;
00027 : 295324;
00028 : 485c1b;
00029 : 817915;
0002A : c9a406;
0002B : c0a512;
0002C : 977a18;
0002D : a2b334;
0002E : c7cd4a;
0002F : aeb83d;
00030 : 9aa22a;
00031 : cbd24d;
00032 : cbd04b;
00033 : c9d04e;
00034 : c4ce49;
00035 : c8d049;
00036 : c9cf46;
00037 : b2c22e;
00038 : a8b718;
00039 : acb513;
0003A : b0bd29;
0003B : c3ce49;
0003C : c2cb44;
0003D : c0c93f;
0003E : c1c734;
0003F : c3cc36;
00040 : c0cd37;
00041 : c3cc33;
00042 : ccd03b;
00043 : d1d347;
00044 : d2d24c;
00045 : d4d769;
00046 : d5d479;
00047 : d6d486;
00048 : d6d577;
00049 : d5d455;
0004A : d2cf46;
0004B : d3d23f;
0004C : d2d446;
0004D : d2d645;
0004E : d3d845;
0004F : d5c943;
00050 : d5d04b;
00051 : cdd543;
00052 : cbd244;
00053 : cbd145;
00054 : cccf47;
00055 : d2d248;
00056 : d1cf36;
00057 : d3d655;
00058 : d2d54f;
00059 : d1d348;
0005A : d0d142;
0005B : cfd042;
0005C : cccf3f;
0005D : cbcf3c;
0005E : c9cf34;
0005F : c8cd2d;
00060 : c7cd2d;
00061 : c8d02c;
00062 : dda019;
00063 : d8971e;
00064 : a8c630;
00065 : a7c129;
00066 : c7ae13;
00067 : da9913;
00068 : df9333;
00069 : a6cb59;
0006A : 93c753;
0006B : 94c04c;
0006C : 9dc261;
0006D : a7cc74;
0006E : a3cc70;
0006F : 97b62e;
00070 : b1b601;
00071 : c0a800;
00072 : a4a606;
00073 : 4ea138;
00074 : 5eb35e;
00075 : 91be35;
00076 : adb726;
00077 : afa706;
00078 : aead11;
00079 : cabc26;
0007A : d6d350;
0007B : c5b70f;
0007C : bdad00;
0007D : c0ba15;
0007E : 709428;
0007F : 3f782a;
00080 : 649a26;
00081 : 5f931d;
00082 : 678f03;
00083 : 699002;
00084 : 739608;
00085 : 769d19;
00086 : 558707;
00087 : 518a14;
00088 : 2e8125;
00089 : 31872c;
0008A : 418b23;
0008B : 518f1d;
0008C : 4c8b2d;
0008D : 36882c;
0008E : 50932f;
0008F : 5f822a;
00090 : 598619;
00091 : 629719;
00092 : 1c5e39;
00093 : 1e6339;
00094 : 4c7e31;
00095 : 547523;
00096 : 367a4b;
00097 : 325d28;
00098 : 698b13;
00099 : a4a103;
0009A : 999502;
0009B : 969d0c;
0009C : 335e1e;
0009D : 09472f;
0009E : 407625;
0009F : 95a50b;
000A0 : a79e01;
000A1 : 979702;
000A2 : 96a001;
000A3 : 9da302;
000A4 : b09f01;
000A5 : ac9901;
000A6 : 637814;
000A7 : 5a7623;
000A8 : 49611c;
000A9 : be9c01;
000AA : c4ad16;
000AB : c5bd33;
000AC : aba53b;
000AD : b2c345;
000AE : c9d151;
000AF : 8f942e;
000B0 : a1a119;
000B1 : c8ce4b;
000B2 : c0c942;
000B3 : bfc73f;
000B4 : c0c63b;
000B5 : bec129;
000B6 : bcc22a;
000B7 : b6bf1d;
000B8 : adb40f;
000B9 : b0b81d;
000BA : bec940;
000BB : c5cf4c;
000BC : b9c335;
000BD : b5bd29;
000BE : c1c633;
000BF : c5ca32;
000C0 : c6ce32;
000C1 : ccd136;
000C2 : d0d346;
000C3 : d4d652;
000C4 : d5d659;
000C5 : d5d760;
000C6 : d5d65b;
000C7 : d5d657;
000C8 : d5d651;
000C9 : d5d547;
000CA : d3d03d;
000CB : d3d03a;
000CC : d2ce37;
000CD : d2d444;
000CE : d0d544;
000CF : d3cb46;
000D0 : d2cb49;
000D1 : c9d241;
000D2 : cad142;
000D3 : cad145;
000D4 : cbce42;
000D5 : cfcd32;
000D6 : cfcc2c;
000D7 : d1d44e;
000D8 : cccf3f;
000D9 : cccd38;
000DA : cccc34;
000DB : cfcd38;
000DC : cece35;
000DD : cdce33;
000DE : cccf34;
000DF : c9ce30;
000E0 : c8cf31;
000E1 : cacb2c;
000E2 : e6840f;
000E3 : e48112;
000E4 : b1b92b;
000E5 : a3c732;
000E6 : c2ad19;
000E7 : dd8a10;
000E8 : eb8121;
000E9 : b1ca5c;
000EA : 94a044;
000EB : 887a35;
000EC : 9ecd5b;
000ED : 9fcc52;
000EE : 91b341;
000EF : a8ba1d;
000F0 : 83a50f;
000F1 : aca605;
000F2 : b5aa02;
000F3 : 65aa39;
000F4 : 86c877;
000F5 : 9ec337;
000F6 : adb213;
000F7 : beab04;
000F8 : afb01a;
000F9 : bcca5b;
000FA : d4d65b;
000FB : cab60b;
000FC : c9b000;
000FD : bab313;
000FE : 778f12;
000FF : 90960b;
00100 : 689d21;
00101 : 789c0e;
00102 : 739502;
00103 : 6d9301;
00104 : 6f9508;
00105 : 55890e;
00106 : 799011;
00107 : 8f9b2c;
00108 : 2d8329;
00109 : 268533;
0010A : 298331;
0010B : 308730;
0010C : 298939;
0010D : 3b9344;
0010E : 74a152;
0010F : 859130;
00110 : 698d10;
00111 : 48802b;
00112 : 095041;
00113 : 387939;
00114 : 839f18;
00115 : 6f8417;
00116 : 034a39;
00117 : 235323;
00118 : 849e10;
00119 : 909d10;
0011A : 6f9223;
0011B : 6ba228;
0011C : 67931b;
0011D : 438a39;
0011E : 629e29;
0011F : 689e1b;
00120 : 6f8a0d;
00121 : 748907;
00122 : 8b9f07;
00123 : 92a107;
00124 : 8ba913;
00125 : 628819;
00126 : 869910;
00127 : 678017;
00128 : 8d930e;
00129 : bbaa08;
0012A : 9a9617;
0012B : b3ab19;
0012C : afa824;
0012D : b7b421;
0012E : b7ad18;
0012F : 969b28;
00130 : b7bd2e;
00131 : b9c53e;
00132 : 8ab533;
00133 : 93b630;
00134 : bbbc27;
00135 : bab711;
00136 : b8bc1b;
00137 : bbc11f;
00138 : b8be1f;
00139 : babe36;
0013A : c4cf4e;
0013B : bfca47;
0013C : bfc940;
0013D : bfc537;
0013E : c3c634;
0013F : c9cc36;
00140 : cdd237;
00141 : ced238;
00142 : d0d343;
00143 : d3d447;
00144 : d3d245;
00145 : d5d33e;
00146 : d3d22f;
00147 : d3d22f;
00148 : d4d33a;
00149 : d5d33a;
0014A : d4d12f;
0014B : cfca21;
0014C : d0c60f;
0014D : d0c30c;
0014E : cbcc2c;
0014F : d0cc45;
00150 : d1c848;
00151 : c7d040;
00152 : c9d042;
00153 : cace3e;
00154 : caca39;
00155 : cdcb30;
00156 : cecc30;
00157 : cfd148;
00158 : cdce3a;
00159 : cece39;
0015A : d0cf3a;
0015B : d2cf3c;
0015C : d3d13d;
0015D : d3d13a;
0015E : cfd035;
0015F : c5cb2a;
00160 : c3ca28;
00161 : c7c525;
00162 : e98010;
00163 : ea760c;
00164 : c0b625;
00165 : bbb925;
00166 : b8ba28;
00167 : bcaf22;
00168 : c3ae41;
00169 : a3cf64;
0016A : 928836;
0016B : 947933;
0016C : 99c341;
0016D : 9eb222;
0016E : 9eb422;
0016F : 9db015;
00170 : 6a9d1c;
00171 : a7a609;
00172 : c0ad00;
00173 : a0b21c;
00174 : 98b82c;
00175 : 8db017;
00176 : 93be3a;
00177 : b6ae08;
00178 : 93ae30;
00179 : b8cf73;
0017A : c0d476;
0017B : b2b92b;
0017C : b2a703;
0017D : 9aa617;
0017E : 718a10;
0017F : 8a9609;
00180 : 68950f;
00181 : 799908;
00182 : 749602;
00183 : 6a9202;
00184 : 4f8b1c;
00185 : 36822b;
00186 : 4c8829;
00187 : a8a036;
00188 : 9da235;
00189 : 659339;
0018A : 318237;
0018B : 1f7c32;
0018C : 248233;
0018D : 2c8a36;
0018E : 348b3c;
0018F : 427b21;
00190 : 5e8112;
00191 : 477825;
00192 : 2c6a36;
00193 : 5c9c3b;
00194 : 86a518;
00195 : 5d7d18;
00196 : 044936;
00197 : 477b2c;
00198 : 7ba117;
00199 : 569128;
0019A : 5da63d;
0019B : 519a3a;
0019C : 73a31e;
0019D : 46721b;
0019E : 699825;
0019F : 518423;
001A0 : 154920;
001A1 : 7d8f21;
001A2 : 9da415;
001A3 : 98a40e;
001A4 : 779c1b;
001A5 : 629321;
001A6 : 608920;
001A7 : 5f831f;
001A8 : a3b011;
001A9 : 91b227;
001AA : 497432;
001AB : 64882c;
001AC : a9ae21;
001AD : b5a605;
001AE : a99603;
001AF : b1bc40;
001B0 : becb4b;
001B1 : 97b734;
001B2 : 75b442;
001B3 : 8dbe4b;
001B4 : bbbd28;
001B5 : b7b40b;
001B6 : b4b60e;
001B7 : b8bd19;
001B8 : b8be20;
001B9 : b9c236;
001BA : bfca49;
001BB : c4cd4d;
001BC : cad14e;
001BD : c7cc43;
001BE : cccd3d;
001BF : cfce39;
001C0 : d3d331;
001C1 : d2d231;
001C2 : d0cf2f;
001C3 : d1cf36;
001C4 : d3d049;
001C5 : d4d139;
001C6 : d5d335;
001C7 : d6d43a;
001C8 : d6d53c;
001C9 : d6d439;
001CA : d5d231;
001CB : cfc920;
001CC : cec20b;
001CD : d0bd00;
001CE : cec719;
001CF : cecb3a;
001D0 : d3c848;
001D1 : c7d040;
001D2 : c7c92b;
001D3 : c7c627;
001D4 : c9c934;
001D5 : cac82f;
001D6 : cecf42;
001D7 : ced149;
001D8 : cecf3c;
001D9 : d0d03d;
001DA : d0cf3a;
001DB : d1ce39;
001DC : d3d03d;
001DD : d3d03a;
001DE : cbcd2e;
001DF : c1c823;
001E0 : c1c823;
001E1 : c4cc24;
001E2 : da9f18;
001E3 : e88310;
001E4 : d4b117;
001E5 : e4900d;
001E6 : e78510;
001E7 : cab525;
001E8 : a9cd48;
001E9 : abce5e;
001EA : 9da13d;
001EB : 904b29;
001EC : 9b8926;
001ED : 93ab1b;
001EE : 99a907;
001EF : 8ba507;
001F0 : 709d1b;
001F1 : a3a309;
001F2 : c1ad00;
001F3 : 8aa618;
001F4 : 71a627;
001F5 : a4b011;
001F6 : b6b10c;
001F7 : b5ac05;
001F8 : 96b033;
001F9 : bfd379;
001FA : 9ac36f;
001FB : 7bb247;
001FC : 839f18;
001FD : aba810;
001FE : 9c9905;
001FF : c4ac01;
00200 : 6b8f00;
00201 : 779501;
00202 : 649106;
00203 : 588c05;
00204 : 307e25;
00205 : 39812e;
00206 : 4d8f2d;
00207 : 66951c;
00208 : 5d8927;
00209 : 5a8331;
0020A : 2c7831;
0020B : 1b7930;
0020C : 268536;
0020D : 2f8d3c;
0020E : 53a35c;
0020F : 8db56d;
00210 : 91a71c;
00211 : 789b13;
00212 : 749e11;
00213 : 65a92e;
00214 : 74ad2e;
00215 : 61821f;
00216 : 487e28;
00217 : 6cab40;
00218 : 579c3a;
00219 : 297a38;
0021A : 53ae4e;
0021B : 367d35;
0021C : 429038;
0021D : 5e982c;
0021E : 5daa3a;
0021F : 21772e;
00220 : 39793a;
00221 : af7f62;
00222 : bc7948;
00223 : aa9904;
00224 : a99e4e;
00225 : 8f9f79;
00226 : 9a9980;
00227 : af9e73;
00228 : bda20b;
00229 : b0a808;
0022A : 2f5b27;
0022B : 5c6e1b;
0022C : c9a801;
0022D : c1a500;
0022E : 8e7f0e;
0022F : aabf49;
00230 : bed05e;
00231 : 9bbe43;
00232 : 73b442;
00233 : 6cbc5c;
00234 : 9cb936;
00235 : b8b209;
00236 : b3b40b;
00237 : baba10;
00238 : b7b50b;
00239 : b6b91b;
0023A : bac744;
0023B : c3cc4e;
0023C : ccd251;
0023D : cbce46;
0023E : cdc730;
0023F : d0c728;
00240 : d1cc20;
00241 : d2d12a;
00242 : d3d130;
00243 : d6d43c;
00244 : d6d441;
00245 : d6d43c;
00246 : d6d43a;
00247 : d6d43b;
00248 : d7d43e;
00249 : d6d43b;
0024A : d4d12d;
0024B : d2cf31;
0024C : d0c719;
0024D : cdbb00;
0024E : cdc20a;
0024F : cfc623;
00250 : d4c541;
00251 : c7c828;
00252 : c6c621;
00253 : cbcc31;
00254 : cdcb35;
00255 : c5b426;
00256 : cdcd3f;
00257 : cfd34f;
00258 : ced042;
00259 : cfd241;
0025A : d2d343;
0025B : d2d140;
0025C : d3d140;
0025D : d0cf36;
0025E : c3c825;
0025F : c0c825;
00260 : c1c924;
00261 : c4ce25;
00262 : d0ab18;
00263 : e78511;
00264 : e39d0f;
00265 : ee7d0d;
00266 : f0720c;
00267 : d6a722;
00268 : b5cf3e;
00269 : b1ca48;
0026A : 8d522a;
0026B : 943c2a;
0026C : ab7e19;
0026D : 8e9f0b;
0026E : 89a406;
0026F : 6a9e13;
00270 : 619d2a;
00271 : 5e9725;
00272 : 95a109;
00273 : 569d35;
00274 : 57a756;
00275 : 6da63e;
00276 : a8aa06;
00277 : 96ac11;
00278 : 72b752;
00279 : b4cf79;
0027A : 64a854;
0027B : 509c3a;
0027C : 87a217;
0027D : a6a711;
0027E : 8d9d0a;
0027F : 789c17;
00280 : 3f801b;
00281 : 488a1e;
00282 : 579c26;
00283 : 5e930d;
00284 : 3f8420;
00285 : 2e7b27;
00286 : 4d8a1b;
00287 : 69960a;
00288 : 699614;
00289 : 267628;
0028A : 15702e;
0028B : 228037;
0028C : 2c893d;
0028D : 42964a;
0028E : 4f9947;
0028F : 74a453;
00290 : 87a01e;
00291 : 749a17;
00292 : 699812;
00293 : 70aa25;
00294 : 62a735;
00295 : 4a8525;
00296 : 659f24;
00297 : 66a93a;
00298 : 46a954;
00299 : 3ead5b;
0029A : 4cab50;
0029B : 2d803b;
0029C : 2a9046;
0029D : 55ab50;
0029E : 8d8155;
0029F : 7d7155;
002A0 : 978466;
002A1 : c8656c;
002A2 : c56d60;
002A3 : bc8054;
002A4 : c7a198;
002A5 : c9aaa5;
002A6 : c7aca4;
002A7 : c5a9a5;
002A8 : abad57;
002A9 : 969304;
002AA : 355925;
002AB : ab9910;
002AC : caa900;
002AD : ad9906;
002AE : 595e1e;
002AF : abc658;
002B0 : b7cd5c;
002B1 : 97c04c;
002B2 : 60b452;
002B3 : 54b85f;
002B4 : 6cb953;
002B5 : b5b50e;
002B6 : b9b609;
002B7 : b8b70d;
002B8 : bcb709;
002B9 : bbb303;
002BA : bcb918;
002BB : c3c845;
002BC : c4c532;
002BD : c6c01d;
002BE : cbc223;
002BF : cfc220;
002C0 : d3cf27;
002C1 : d3d12b;
002C2 : d1ce28;
002C3 : d3cf2e;
002C4 : d5d234;
002C5 : d6d438;
002C6 : d6d338;
002C7 : d6d33e;
002C8 : d5d136;
002C9 : d4d02b;
002CA : d2ce27;
002CB : d2d139;
002CC : d1c72f;
002CD : cbb202;
002CE : cdc510;
002CF : ccc41e;
002D0 : d5c33b;
002D1 : cbc928;
002D2 : cdcd2e;
002D3 : cac828;
002D4 : c6c326;
002D5 : cac92c;
002D6 : cbce3b;
002D7 : d1d44f;
002D8 : cfd23f;
002D9 : cfd23e;
002DA : cfd13f;
002DB : cfd03d;
002DC : d0cf3c;
002DD : cfc836;
002DE : c3c826;
002DF : c0c927;
002E0 : c1c926;
002E1 : c6cd25;
002E2 : cab917;
002E3 : e78911;
002E4 : e1a712;
002E5 : ea890f;
002E6 : f0750f;
002E7 : d7a720;
002E8 : bcd036;
002E9 : baca39;
002EA : ab8f31;
002EB : 994d29;
002EC : a6a522;
002ED : 6f9d0e;
002EE : 7eab12;
002EF : 66a524;
002F0 : 4ba037;
002F1 : 409e38;
002F2 : 60a226;
002F3 : 479d40;
002F4 : 3b9445;
002F5 : 519c3c;
002F6 : 8daf1f;
002F7 : 9ec342;
002F8 : a4b464;
002F9 : a6ac7b;
002FA : 76a35b;
002FB : 5f9e32;
002FC : 849d0c;
002FD : 95a91d;
002FE : 96a40a;
002FF : 599b31;
00300 : 21752b;
00301 : 237d2f;
00302 : 2d8a31;
00303 : 2a822e;
00304 : 22792e;
00305 : 19722d;
00306 : 1f762b;
00307 : 508e1e;
00308 : 5c911d;
00309 : 1f722d;
0030A : 1a722f;
0030B : 1e8037;
0030C : 308f40;
0030D : 409637;
0030E : 529534;
0030F : 4f9144;
00310 : 397f26;
00311 : 4e8825;
00312 : 5f9c25;
00313 : 75ad2d;
00314 : 73a92e;
00315 : 4d9c35;
00316 : 53a336;
00317 : 62a839;
00318 : 48a74d;
00319 : 298340;
0031A : 368c43;
0031B : 45a44e;
0031C : 289545;
0031D : 5ca461;
0031E : c06169;
0031F : c9626e;
00320 : c76a71;
00321 : c66a6f;
00322 : c66466;
00323 : ca8c89;
00324 : c69b92;
00325 : c4a49b;
00326 : c4aaa0;
00327 : c4a795;
00328 : a2a945;
00329 : 5d7339;
0032A : 958121;
0032B : ad7d0b;
0032C : beaa07;
0032D : 758621;
0032E : 5d8e43;
0032F : a6cb63;
00330 : b6cc5e;
00331 : 85be55;
00332 : 54b559;
00333 : 52b75d;
00334 : 57b95a;
00335 : a7b718;
00336 : beb603;
00337 : b7b407;
00338 : bbb304;
00339 : beb101;
0033A : bfb205;
0033B : c3c742;
0033C : c4c533;
0033D : c7bd11;
0033E : cdbe18;
0033F : cfb80a;
00340 : d0c40d;
00341 : ccc712;
00342 : d1cd28;
00343 : d3cf38;
00344 : d4d13d;
00345 : d8d53c;
00346 : d6d435;
00347 : d3cf23;
00348 : d3cc13;
00349 : d3cc0f;
0034A : d1cb1c;
0034B : d1cc2c;
0034C : d5d144;
0034D : cdbc08;
0034E : cbc20a;
0034F : cbc214;
00350 : d5c339;
00351 : cdc828;
00352 : ccca26;
00353 : cbc926;
00354 : cac525;
00355 : cccc30;
00356 : cdcf3f;
00357 : d1d451;
00358 : cfd23b;
00359 : ced036;
0035A : cbcc30;
0035B : cccd32;
0035C : cec935;
0035D : d8c645;
0035E : cecd26;
0035F : cdcd26;
00360 : cbcc28;
00361 : c4c91d;
00362 : cbbf18;
00363 : ec840f;
00364 : e3ab15;
00365 : e1ab12;
00366 : e39a0f;
00367 : cebd22;
00368 : c0cf37;
00369 : bfcd37;
0036A : c1c833;
0036B : b1883f;
0036C : 95a22d;
0036D : 68a61e;
0036E : 8ebd2f;
0036F : 72b93d;
00370 : 62bf53;
00371 : 5eba42;
00372 : 69ba41;
00373 : 399943;
00374 : 3a9344;
00375 : 469640;
00376 : 72b455;
00377 : 98c75e;
00378 : b79947;
00379 : c5af7f;
0037A : b1b275;
0037B : 6e9f30;
0037C : 6f9915;
0037D : 6ba42e;
0037E : 6aa938;
0037F : 4e993c;
00380 : 1c722b;
00381 : 156f2b;
00382 : 16722b;
00383 : 1e7a2f;
00384 : 247a30;
00385 : 267b32;
00386 : 20772a;
00387 : 20792d;
00388 : 16712e;
00389 : 227832;
0038A : 2d7f38;
0038B : 1e7f35;
0038C : 26893e;
0038D : 39913c;
0038E : 64a237;
0038F : 4e9743;
00390 : 217931;
00391 : 328030;
00392 : 66a72b;
00393 : 67a82b;
00394 : 59a536;
00395 : 5ba432;
00396 : 51a83f;
00397 : 67aa38;
00398 : 5eab53;
00399 : 32733d;
0039A : 368440;
0039B : 47a750;
0039C : 2a9b4b;
0039D : 2b954d;
0039E : 94665b;
0039F : c8626b;
003A0 : c5686c;
003A1 : c66a6e;
003A2 : c8676a;
003A3 : c7817b;
003A4 : c69a91;
003A5 : c5a49c;
003A6 : c4a8a1;
003A7 : c7a789;
003A8 : c29e67;
003A9 : c4a19a;
003AA : c4ae86;
003AB : 81943b;
003AC : 84af39;
003AD : 75a439;
003AE : 78b648;
003AF : 9ac660;
003B0 : abca5f;
003B1 : 7fbd58;
003B2 : 5cb659;
003B3 : 60ba5b;
003B4 : 53bb61;
003B5 : 92b52a;
003B6 : c0b200;
003B7 : bab101;
003B8 : bbb202;
003B9 : bfb302;
003BA : bcb000;
003BB : c2c233;
003BC : c6c83c;
003BD : c5b401;
003BE : cbb300;
003BF : d0be01;
003C0 : cec608;
003C1 : cdcb16;
003C2 : d2d02d;
003C3 : d5d338;
003C4 : d6d437;
003C5 : d5d334;
003C6 : d4d12d;
003C7 : d4d127;
003C8 : d3ca0a;
003C9 : d2c906;
003CA : d2c506;
003CB : cdbb04;
003CC : cfc415;
003CD : cdc10b;
003CE : cfc91b;
003CF : d0c60d;
003D0 : d5c230;
003D1 : cec621;
003D2 : cbc81b;
003D3 : cecc26;
003D4 : d0cb2d;
003D5 : cece31;
003D6 : ccce35;
003D7 : d1d453;
003D8 : cdcf30;
003D9 : cbcd2a;
003DA : cdcf2e;
003DB : cfcf32;
003DC : d1ca3a;
003DD : d6cd3c;
003DE : d3cf28;
003DF : d4cf2c;
003E0 : d4cf2e;
003E1 : cbca1b;
003E2 : cdc924;
003E3 : e69b24;
003E4 : ef9614;
003E5 : e0ab13;
003E6 : dbac12;
003E7 : cac729;
003E8 : c4cf3c;
003E9 : c7ce39;
003EA : c5c233;
003EB : c3b541;
003EC : 88902b;
003ED : 91bb28;
003EE : 8bbc38;
003EF : 79c655;
003F0 : 66c359;
003F1 : 5cc052;
003F2 : 5eb74a;
003F3 : 379946;
003F4 : 3f9a4c;
003F5 : 50a557;
003F6 : 7cc068;
003F7 : 5aab4c;
003F8 : b08734;
003F9 : e09d57;
003FA : 7ba150;
003FB : 4f9b2a;
003FC : 4b9329;
003FD : 79ad3e;
003FE : 6ba63d;
003FF : 4f9e45;
00400 : 317c25;
00401 : 358224;
00402 : 1c7a2e;
00403 : 1a762d;
00404 : 297f33;
00405 : 35863c;
00406 : 1f7427;
00407 : 438825;
00408 : 1e742d;
00409 : 1b722e;
0040A : 2f7f36;
0040B : 238036;
0040C : 228338;
0040D : 268336;
0040E : 3e9044;
0040F : 3a8e42;
00410 : 278738;
00411 : 469c39;
00412 : 57a536;
00413 : 45a441;
00414 : 39a146;
00415 : 409d3d;
00416 : 54ac46;
00417 : 60ac41;
00418 : 5ba649;
00419 : 397330;
0041A : 54882f;
0041B : 79b143;
0041C : 44a448;
0041D : 65b149;
0041E : 8b9a5c;
0041F : c1646a;
00420 : c4636a;
00421 : c26169;
00422 : c46e5c;
00423 : c97360;
00424 : c97871;
00425 : c29b8f;
00426 : c7a79f;
00427 : c5a098;
00428 : c7ab9a;
00429 : c8ada2;
0042A : bdaa90;
0042B : 8dab32;
0042C : 78a42b;
0042D : 72a835;
0042E : 82b238;
0042F : a3c559;
00430 : a5c963;
00431 : 7cbd5b;
00432 : 67b95b;
00433 : 6ebc5b;
00434 : 51b85d;
00435 : 7eb432;
00436 : bfb300;
00437 : bdb402;
00438 : bcb201;
00439 : bdb201;
0043A : bdb000;
0043B : c0bb1d;
0043C : c5c63b;
0043D : c3b200;
0043E : ccb701;
0043F : cec101;
00440 : ccc505;
00441 : cecc19;
00442 : d1cf2c;
00443 : d3d233;
00444 : d6d63b;
00445 : d5d538;
00446 : d6d639;
00447 : d7d634;
00448 : d6ce11;
00449 : d4c902;
0044A : d0c002;
0044B : ccb900;
0044C : cebe02;
0044D : d2cb2b;
0044E : d7d850;
0044F : d2c90b;
00450 : d7c324;
00451 : d4c51d;
00452 : ccc711;
00453 : d0cc1e;
00454 : d0ca20;
00455 : cfcc27;
00456 : cfd13e;
00457 : d3d657;
00458 : cdce2d;
00459 : cccc25;
0045A : cecd26;
0045B : cdca28;
0045C : d5c93e;
0045D : d3cc2c;
0045E : d2cf24;
0045F : d2cd20;
00460 : cdca1a;
00461 : ccc815;
00462 : cfcb2c;
00463 : e1aa31;
00464 : e99211;
00465 : d7a719;
00466 : daac12;
00467 : d0bd1e;
00468 : c3ce37;
00469 : b9cf3f;
0046A : a88c29;
0046B : b19b2f;
0046C : acaf3b;
0046D : 976d30;
0046E : 84a147;
0046F : 6ec957;
00470 : 76c452;
00471 : 44b64e;
00472 : 46b150;
00473 : 359e4c;
00474 : 439c4d;
00475 : 99bb3a;
00476 : a2c541;
00477 : 60b051;
00478 : 638b36;
00479 : ae9947;
0047A : 449945;
0047B : 4a9e36;
0047C : 64a434;
0047D : 76a63e;
0047E : 88ad4c;
0047F : 61af52;
00480 : 45881f;
00481 : 3f891e;
00482 : 25842e;
00483 : 1a762f;
00484 : 1b772c;
00485 : 207c2d;
00486 : 47871e;
00487 : 61941b;
00488 : 257c31;
00489 : 1f7a33;
0048A : 207930;
0048B : 1e8433;
0048C : 2d913b;
0048D : 2b8a3d;
0048E : 24803b;
0048F : 1d7c3e;
00490 : 25883a;
00491 : 3b973c;
00492 : 429a36;
00493 : 349a42;
00494 : 27923e;
00495 : 339c40;
00496 : 83b14c;
00497 : 88b046;
00498 : 389b52;
00499 : 1e6639;
0049A : 3d853b;
0049B : 4fac53;
0049C : 557e45;
0049D : af8955;
0049E : c26f67;
0049F : c56369;
004A0 : c7676b;
004A1 : c3616a;
004A2 : bf7f45;
004A3 : bc8e2f;
004A4 : c97169;
004A5 : ba816f;
004A6 : c5a19a;
004A7 : c6a89e;
004A8 : c9b096;
004A9 : c7aa9f;
004AA : bda68f;
004AB : 779e3d;
004AC : 488737;
004AD : 61b04a;
004AE : 7fb43b;
004AF : 9cc459;
004B0 : acc754;
004B1 : 96bb42;
004B2 : 95c04d;
004B3 : 82c05b;
004B4 : 55b95d;
004B5 : 63b84f;
004B6 : b8b107;
004B7 : c0b501;
004B8 : bdb005;
004B9 : c1b20a;
004BA : bdb102;
004BB : beb512;
004BC : c3bd20;
004BD : c7b700;
004BE : cebe01;
004BF : cfc302;
004C0 : cdc607;
004C1 : cecc1c;
004C2 : cecd27;
004C3 : d3d336;
004C4 : d5d639;
004C5 : d5d537;
004C6 : d5d73b;
004C7 : d7d734;
004C8 : d6cd0e;
004C9 : d2c501;
004CA : d0c002;
004CB : cdbb01;
004CC : ccbd02;
004CD : cec61c;
004CE : d6d74f;
004CF : d0c70f;
004D0 : d5c116;
004D1 : d6c521;
004D2 : d1cd1e;
004D3 : d1cf26;
004D4 : d3d22e;
004D5 : cdbd28;
004D6 : d1cf3e;
004D7 : d4d655;
004D8 : cbcb22;
004D9 : cdcc22;
004DA : cecd25;
004DB : d1cb30;
004DC : d7cb3d;
004DD : d1cd20;
004DE : d1cd20;
004DF : d0cb1c;
004E0 : cfca1a;
004E1 : d0cc1b;
004E2 : d3b81a;
004E3 : e59119;
004E4 : e29a1b;
004E5 : c7c82b;
004E6 : d9bc13;
004E7 : ddb717;
004E8 : d0c030;
004E9 : b2cd4a;
004EA : aaa537;
004EB : 988e45;
004EC : a7b24f;
004ED : 9fa54f;
004EE : 96ca56;
004EF : 88ca53;
004F0 : 7cc75b;
004F1 : 54ba55;
004F2 : 57b95d;
004F3 : 4eaf5c;
004F4 : 67b45a;
004F5 : bcbf0c;
004F6 : c0be07;
004F7 : 5ba53c;
004F8 : 2c9e4e;
004F9 : 38b055;
004FA : 4aaf51;
004FB : 6cb753;
004FC : 71ab37;
004FD : 9fb551;
004FE : 73aa4e;
004FF : 7cbe60;
00500 : 4c8b1b;
00501 : 52921a;
00502 : 318c2b;
00503 : 207f30;
00504 : 1a772c;
00505 : 228129;
00506 : 51901b;
00507 : 448b22;
00508 : 257e35;
00509 : 278939;
0050A : 37953b;
0050B : 339d3f;
0050C : 2b9a3f;
0050D : 2c9141;
0050E : 217d3d;
0050F : 197a43;
00510 : 1c7f3a;
00511 : 228034;
00512 : 2e8f38;
00513 : 278f3b;
00514 : 238d3b;
00515 : 28963d;
00516 : 4b9938;
00517 : b6b147;
00518 : 489e5a;
00519 : 267f4c;
0051A : 3c974c;
0051B : 43ad5e;
0051C : 996961;
0051D : c86070;
0051E : c2636b;
0051F : c9676b;
00520 : cc6d6c;
00521 : cc6e6e;
00522 : c4745f;
00523 : c38651;
00524 : cc766f;
00525 : cd7774;
00526 : ca827c;
00527 : c78a82;
00528 : c69089;
00529 : bc9f88;
0052A : 98af6b;
0052B : 64a242;
0052C : 609749;
0052D : 7bc160;
0052E : 75bb53;
0052F : 89bf55;
00530 : 8dbf50;
00531 : 9eba37;
00532 : aabe3c;
00533 : a6c145;
00534 : 85b637;
00535 : 5ab455;
00536 : c6ae39;
00537 : c8b313;
00538 : cdac2b;
00539 : d7ba35;
0053A : beb104;
0053B : bdae04;
0053C : c2b802;
0053D : c9bb01;
0053E : cdc101;
0053F : cfc605;
00540 : cfca10;
00541 : cdcd1a;
00542 : c9ca20;
00543 : d1d232;
00544 : d3d433;
00545 : d3d538;
00546 : d6d943;
00547 : d8da3d;
00548 : d6cb0d;
00549 : d1c301;
0054A : d0bf02;
0054B : cebb01;
0054C : cdbb01;
0054D : cec10a;
0054E : d4d23e;
0054F : d3cb1a;
00550 : d5c214;
00551 : d9c832;
00552 : d3cf24;
00553 : d3d232;
00554 : d3d432;
00555 : cfbf28;
00556 : cdc830;
00557 : d2d449;
00558 : cdcb20;
00559 : cfcd25;
0055A : d0ce28;
0055B : d5cc3d;
0055C : d4cc2f;
0055D : d0cb19;
0055E : d0ca1a;
0055F : d1cb1c;
00560 : d2cc1e;
00561 : d3ce21;
00562 : dbac17;
00563 : e98712;
00564 : e49b1f;
00565 : c9cb30;
00566 : d6c01b;
00567 : ddb018;
00568 : d4b325;
00569 : afba3b;
0056A : 95bb43;
0056B : 99a54c;
0056C : bfcf5f;
0056D : a9d863;
0056E : 9acf58;
0056F : 8ecb5d;
00570 : 8dcb67;
00571 : 97cf6d;
00572 : 85cc79;
00573 : 8ece7e;
00574 : 88c973;
00575 : b8c11a;
00576 : b6b405;
00577 : 76af47;
00578 : 45b061;
00579 : 5cbd69;
0057A : 6fc263;
0057B : 47a546;
0057C : 83ad40;
0057D : 88af55;
0057E : 3a9142;
0057F : 5b9b57;
00580 : 649511;
00581 : 5c9314;
00582 : 429129;
00583 : 2c8d33;
00584 : 2f9037;
00585 : 338e33;
00586 : 448d21;
00587 : 3e8b25;
00588 : 2a7f36;
00589 : 48942f;
0058A : 2d8c31;
0058B : 2c953e;
0058C : 6da344;
0058D : 4f9441;
0058E : 338238;
0058F : 2a843c;
00590 : 2f9143;
00591 : 67a141;
00592 : 92ab43;
00593 : 389a44;
00594 : 3aa14a;
00595 : 38a045;
00596 : 3b9e3c;
00597 : 66ab44;
00598 : 459c5c;
00599 : 2a8f57;
0059A : 4aab56;
0059B : 3eaa60;
0059C : 647b64;
0059D : c36b6e;
0059E : c5666e;
0059F : c9686c;
005A0 : cb6b6c;
005A1 : ca6b6c;
005A2 : ca696a;
005A3 : cc6d70;
005A4 : ce7b77;
005A5 : cc7a76;
005A6 : cb7b76;
005A7 : cc7c75;
005A8 : c47a69;
005A9 : 859f45;
005AA : 5aae3f;
005AB : 539239;
005AC : 73a838;
005AD : 85b229;
005AE : 89b22d;
005AF : 91ba3e;
005B0 : 96be45;
005B1 : 9ab833;
005B2 : a6b52c;
005B3 : bfa82e;
005B4 : adb43d;
005B5 : 77b441;
005B6 : c9b33f;
005B7 : d0b223;
005B8 : d7b039;
005B9 : d4b233;
005BA : ceb51f;
005BB : ccb61a;
005BC : c5b90a;
005BD : c9bf04;
005BE : cdc305;
005BF : cec70d;
005C0 : cecb18;
005C1 : cbca19;
005C2 : caca21;
005C3 : d1d338;
005C4 : d3d73c;
005C5 : d6da45;
005C6 : d6db49;
005C7 : d8d837;
005C8 : d4c603;
005C9 : d1c101;
005CA : d2c301;
005CB : cfbb01;
005CC : cdba01;
005CD : d0be00;
005CE : d3c619;
005CF : d3c91d;
005D0 : d2c00d;
005D1 : d9cd39;
005D2 : d7d22e;
005D3 : d5d540;
005D4 : d5d746;
005D5 : d0cf26;
005D6 : ccc92d;
005D7 : d3d346;
005D8 : d0ce20;
005D9 : d3d026;
005DA : d2cf2a;
005DB : d6cb3e;
005DC : d2cb1e;
005DD : d3ce1d;
005DE : d3ce20;
005DF : d2cd1f;
005E0 : d1cd1f;
005E1 : d1cd21;
005E2 : cac827;
005E3 : e69218;
005E4 : ea9317;
005E5 : cdca30;
005E6 : d4c122;
005E7 : d8b820;
005E8 : bebe35;
005E9 : 8dbd4b;
005EA : 86b44e;
005EB : 7f5c35;
005EC : bbb951;
005ED : a6d35c;
005EE : 88c955;
005EF : 86c95c;
005F0 : 95ce68;
005F1 : afd871;
005F2 : 93cb69;
005F3 : 91ca70;
005F4 : 88ca75;
005F5 : 80b43f;
005F6 : 56ac48;
005F7 : 5bb562;
005F8 : 4fb661;
005F9 : 84c768;
005FA : 59b45a;
005FB : 5faa51;
005FC : a6bc51;
005FD : 30913f;
005FE : 287f47;
005FF : 2d684d;
00600 : 3b8425;
00601 : 388323;
00602 : 378927;
00603 : 1f7f34;
00604 : 217f32;
00605 : 25802d;
00606 : 348726;
00607 : 62971e;
00608 : 287a30;
00609 : 4a972f;
0060A : 3a9e3f;
0060B : 328b38;
0060C : a29f3c;
0060D : 849c3d;
0060E : 6f9e3d;
0060F : 529a33;
00610 : 4daa4c;
00611 : 5fa03e;
00612 : c0b040;
00613 : 92ae52;
00614 : 78b56d;
00615 : 51ab5a;
00616 : 4ea842;
00617 : 56a736;
00618 : 409e50;
00619 : 3f9748;
0061A : 62a62c;
0061B : 55a84c;
0061C : 2c986d;
0061D : 5f955a;
0061E : b46669;
0061F : c96369;
00620 : cb6b6c;
00621 : ce6c6d;
00622 : cd6f70;
00623 : cd8480;
00624 : ca9f95;
00625 : cfada1;
00626 : cda099;
00627 : d0978f;
00628 : 95a754;
00629 : 5baa35;
0062A : 538433;
0062B : 4e7c26;
0062C : 6da91f;
0062D : 72ac23;
0062E : 72b236;
0062F : 84bb43;
00630 : a3c649;
00631 : 77b025;
00632 : 78b127;
00633 : a8a92d;
00634 : d8b23c;
00635 : c3ae39;
00636 : ceae3a;
00637 : d9b238;
00638 : d4b032;
00639 : d9b63a;
0063A : d0b827;
0063B : cabd1b;
0063C : c6c115;
0063D : c9c614;
0063E : ccc814;
0063F : ceca19;
00640 : cecd20;
00641 : cecf29;
00642 : d1d33b;
00643 : d3d644;
00644 : d5d945;
00645 : d6db4b;
00646 : d6db4b;
00647 : d6d52b;
00648 : d3c502;
00649 : d2c201;
0064A : d1c302;
0064B : cfba01;
0064C : ceb901;
0064D : d0bc00;
0064E : d3c30e;
0064F : d7cc26;
00650 : d5c820;
00651 : d9cd3b;
00652 : d4c402;
00653 : d4cf26;
00654 : d3d445;
00655 : d1ce2f;
00656 : d0ce37;
00657 : d3d242;
00658 : d4d125;
00659 : d3d024;
0065A : d4ca32;
0065B : d9cb43;
0065C : d4cf20;
0065D : d3ce1f;
0065E : d3cd21;
0065F : d3ce25;
00660 : d3cf27;
00661 : cfce26;
00662 : c2cd2e;
00663 : e59319;
00664 : eb9216;
00665 : ccca32;
00666 : c9c228;
00667 : d0c73c;
00668 : aed066;
00669 : 8aaf4f;
0066A : 7da150;
0066B : 83653b;
0066C : b1883f;
0066D : acd34c;
0066E : 9dcd50;
0066F : 98cc53;
00670 : b4d769;
00671 : add76f;
00672 : 82c35d;
00673 : 6abf63;
00674 : 3da951;
00675 : 3dab62;
00676 : 48b589;
00677 : 55bb73;
00678 : 79c36f;
00679 : 8abe58;
0067A : 68c26f;
0067B : 8abf6a;
0067C : a1c258;
0067D : 459a47;
0067E : 2e834c;
0067F : 2a674c;
00680 : 227a36;
00681 : 227a29;
00682 : 24802e;
00683 : 1d7b33;
00684 : 1c7932;
00685 : 267e2f;
00686 : 558e31;
00687 : 65971f;
00688 : 318031;
00689 : 46932f;
0068A : 40a045;
0068B : 278d42;
0068C : 257831;
0068D : 37923d;
0068E : 4cab53;
0068F : 4e9a31;
00690 : 57a434;
00691 : 419c44;
00692 : 589f4b;
00693 : 9caf59;
00694 : 7bb369;
00695 : 47aa57;
00696 : 51aa45;
00697 : 4cad4d;
00698 : 319759;
00699 : 1b7348;
0069A : 26723a;
0069B : 176f4a;
0069C : 066448;
0069D : 17633f;
0069E : ae6567;
0069F : cb6269;
006A0 : cd6e6b;
006A1 : 9a6b5b;
006A2 : ac7a72;
006A3 : d5a49a;
006A4 : c68f85;
006A5 : d7c4b4;
006A6 : cea69d;
006A7 : d0928b;
006A8 : 819f44;
006A9 : 70a412;
006AA : 5f6e1e;
006AB : 427b26;
006AC : 51a52c;
006AD : 55a832;
006AE : 5cb039;
006AF : 65b232;
006B0 : 6cb12c;
006B1 : 69b22d;
006B2 : 60b02f;
006B3 : 9fae33;
006B4 : c5ab2f;
006B5 : b9b038;
006B6 : bbae2e;
006B7 : d3ab32;
006B8 : d7ba2f;
006B9 : cebd1e;
006BA : cdbf27;
006BB : c8c725;
006BC : c6c725;
006BD : d0cb3a;
006BE : d3ce36;
006BF : d0cb20;
006C0 : d0cf31;
006C1 : cfd340;
006C2 : d1d645;
006C3 : d3d246;
006C4 : d6d94c;
006C5 : d6db4e;
006C6 : d3d742;
006C7 : d4d01c;
006C8 : d3c603;
006C9 : d3c502;
006CA : d2c301;
006CB : d1bb01;
006CC : d1bd01;
006CD : d5c81b;
006CE : d5bf0a;
006CF : d3bb23;
006D0 : d9d95a;
006D1 : d7c93e;
006D2 : d2bf00;
006D3 : d2c816;
006D4 : d4d247;
006D5 : d5d44a;
006D6 : d2cf39;
006D7 : d2cd3d;
006D8 : d2cb22;
006D9 : d4cd27;
006DA : daca49;
006DB : d8cf3a;
006DC : d1cb1b;
006DD : d3cd20;
006DE : d7ce2c;
006DF : d7d134;
006E0 : d4d12c;
006E1 : d2cf2a;
006E2 : cec92b;
006E3 : eb951b;
006E4 : ef9016;
006E5 : d1bd23;
006E6 : c3c438;
006E7 : d3cf55;
006E8 : b8d360;
006E9 : 968c42;
006EA : 625831;
006EB : 668243;
006EC : 71ae56;
006ED : 90c960;
006EE : aad566;
006EF : aad25f;
006F0 : b4d875;
006F1 : 64b55b;
006F2 : 3ba44f;
006F3 : 47af59;
006F4 : 33a751;
006F5 : 41ad6a;
006F6 : 3eaf86;
006F7 : 65c379;
006F8 : 79b95f;
006F9 : 72b85c;
006FA : 61c57b;
006FB : 71ba65;
006FC : acbd5a;
006FD : c5c76d;
006FE : 418751;
006FF : 27644c;
00700 : 2a7e30;
00701 : 408c25;
00702 : 3d932e;
00703 : 207e36;
00704 : 1c7732;
00705 : 217d31;
00706 : 217e2a;
00707 : 5b911c;
00708 : 2d7c31;
00709 : 207531;
0070A : 1c732e;
0070B : 207d36;
0070C : 2d9645;
0070D : 399f47;
0070E : 39a04f;
0070F : 43a145;
00710 : 4ba33b;
00711 : 39a450;
00712 : 32a056;
00713 : 289248;
00714 : 41a853;
00715 : 45ad59;
00716 : 49a545;
00717 : 42b360;
00718 : 32a96e;
00719 : 1e916a;
0071A : 43b367;
0071B : 279a71;
0071C : 0c6d53;
0071D : 23894e;
0071E : 84926e;
0071F : bd766f;
00720 : d37270;
00721 : 77584e;
00722 : 9b6660;
00723 : d07672;
00724 : cf8a7d;
00725 : cca290;
00726 : d1a99f;
00727 : c47b73;
00728 : 819d44;
00729 : 84a93a;
0072A : 4d771e;
0072B : 378724;
0072C : 4a9b22;
0072D : 66aa22;
0072E : 66af27;
0072F : 63ae26;
00730 : 64af27;
00731 : 5cac2a;
00732 : 4ca92a;
00733 : 6faf2d;
00734 : b8a32c;
00735 : ddb03e;
00736 : d2b236;
00737 : d8af3a;
00738 : dcb53e;
00739 : d8b638;
0073A : cfbd2d;
0073B : d4c33a;
0073C : d9c54c;
0073D : d5c94a;
0073E : d9d457;
0073F : d3ce29;
00740 : d1d132;
00741 : d2d747;
00742 : d1d645;
00743 : d6d04e;
00744 : d7d74f;
00745 : d4da4b;
00746 : d2d539;
00747 : d6d01b;
00748 : d5ca0b;
00749 : d4c807;
0074A : d6cb06;
0074B : d4c100;
0074C : d3c204;
0074D : d5be46;
0074E : cf8b19;
0074F : cd9611;
00750 : d5d052;
00751 : d8c945;
00752 : ccb502;
00753 : cdbd09;
00754 : d1ca30;
00755 : d2d03f;
00756 : d1d03c;
00757 : d1c638;
00758 : d4c929;
00759 : d6cb38;
0075A : dbcc50;
0075B : cfc917;
0075C : d3cc21;
0075D : d5cc27;
0075E : d4bf38;
0075F : d9d13d;
00760 : d5d22e;
00761 : d3ca22;
00762 : dab71f;
00763 : ed8314;
00764 : f09118;
00765 : dea419;
00766 : d6b22c;
00767 : dcbd4a;
00768 : c0d367;
00769 : acb256;
0076A : 7aa254;
0076B : 686f3e;
0076C : 437c3e;
0076D : 5cb659;
0076E : b3d871;
0076F : c1dc72;
00770 : 7fc76b;
00771 : 46ac56;
00772 : 46ab57;
00773 : 38a450;
00774 : 2c9f4f;
00775 : 56ae6a;
00776 : 85cc86;
00777 : 71c176;
00778 : 63af3f;
00779 : 7ac25a;
0077A : 73b864;
0077B : 8ab963;
0077C : b5bd63;
0077D : a2c069;
0077E : 4a885a;
0077F : 307f55;
00780 : 59991f;
00781 : 659f17;
00782 : 489525;
00783 : 1d7d36;
00784 : 1a7631;
00785 : 1c772f;
00786 : 24852f;
00787 : 63971c;
00788 : 649c24;
00789 : 45993d;
0078A : 34984a;
0078B : 3fab5b;
0078C : 36a951;
0078D : 2f9c45;
0078E : 2f994b;
0078F : 329b46;
00790 : 3da54e;
00791 : 3dad5a;
00792 : 30a457;
00793 : 1c8243;
00794 : 2c8e47;
00795 : 3ba758;
00796 : 429b47;
00797 : 56ab58;
00798 : 258f5b;
00799 : 147959;
0079A : 32995d;
0079B : 1e9477;
0079C : 127358;
0079D : 207844;
0079E : 25834f;
0079F : 2c774d;
007A0 : 8f725d;
007A1 : b66b67;
007A2 : d07271;
007A3 : cd6f6e;
007A4 : b78e68;
007A5 : c39f7f;
007A6 : dbc3b5;
007A7 : a5a484;
007A8 : 44892f;
007A9 : 60973d;
007AA : 437821;
007AB : 3a9028;
007AC : 449924;
007AD : 54a323;
007AE : 61ac24;
007AF : 5aab26;
007B0 : 5bad28;
007B1 : 4ea525;
007B2 : 85a933;
007B3 : b5b240;
007B4 : c3ab36;
007B5 : a9b228;
007B6 : c7b22d;
007B7 : d9ad3b;
007B8 : d6bb2c;
007B9 : d0c620;
007BA : cac81f;
007BB : cbc130;
007BC : d5ba4f;
007BD : c4b647;
007BE : bfba5a;
007BF : b9b546;
007C0 : bdbb38;
007C1 : cacd43;
007C2 : d1d743;
007C3 : d7ce45;
007C4 : d8cf49;
007C5 : d3d949;
007C6 : d3d53a;
007C7 : d7d326;
007C8 : d5d01c;
007C9 : d6d21f;
007CA : d8d114;
007CB : d4c100;
007CC : d2bf02;
007CD : d3b711;
007CE : d09610;
007CF : cf9912;
007D0 : d7d04b;
007D1 : d3c428;
007D2 : cdb701;
007D3 : ceba04;
007D4 : ceba04;
007D5 : d2bc11;
007D6 : d2b435;
007D7 : d9d23e;
007D8 : d5cd34;
007D9 : dacf4a;
007DA : d7c93e;
007DB : d2cc1e;
007DC : d4cd24;
007DD : d8cd3b;
007DE : decc53;
007DF : d9d43e;
007E0 : d5d232;
007E1 : d6cb2d;
007E2 : d3ba30;
007E3 : cfa72b;
007E4 : dfb528;
007E5 : dba01b;
007E6 : dbae1c;
007E7 : d3c94b;
007E8 : c9db70;
007E9 : b2b257;
007EA : 83c163;
007EB : 8dac60;
007EC : 869553;
007ED : a0d577;
007EE : b8da78;
007EF : bfdd76;
007F0 : 57bc5c;
007F1 : 6ac36d;
007F2 : 69c86e;
007F3 : 3bab54;
007F4 : 38b061;
007F5 : 72be7c;
007F6 : a9d18b;
007F7 : 42ab5c;
007F8 : 5dba5f;
007F9 : 75c46f;
007FA : 83b55e;
007FB : 6cae54;
007FC : 76b25e;
007FD : 61bf74;
007FE : 61be6f;
007FF : 4cb45f;
00800 : 609c1e;
00801 : 659e18;
00802 : 499826;
00803 : 248439;
00804 : 1a7430;
00805 : 19752f;
00806 : 2b8c30;
00807 : 75a11e;
00808 : 62a12c;
00809 : 4cae54;
0080A : 46b464;
0080B : 45b15f;
0080C : 3fb05a;
0080D : 32a34d;
0080E : 279244;
0080F : 329b43;
00810 : 47ab53;
00811 : 39aa57;
00812 : 219249;
00813 : 166e3b;
00814 : 146539;
00815 : 177643;
00816 : 477438;
00817 : 8a9241;
00818 : 084c34;
00819 : 034833;
0081A : 126548;
0081B : 10816f;
0081C : 03523c;
0081D : 0c452e;
0081E : 053e2e;
0081F : 023e2c;
00820 : 123f2d;
00821 : 3d4e3e;
00822 : 876854;
00823 : d28880;
00824 : 8da170;
00825 : 998667;
00826 : be877a;
00827 : 5e864b;
00828 : 608044;
00829 : 497629;
0082A : 3d8024;
0082B : 35902c;
0082C : 4c9f27;
0082D : 4ca427;
0082E : 54a826;
0082F : 50a627;
00830 : 51a827;
00831 : 5fa723;
00832 : c9aa39;
00833 : dda841;
00834 : d7a93f;
00835 : cfb53a;
00836 : cab32d;
00837 : ddb43c;
00838 : cba63b;
00839 : 997f29;
0083A : 625918;
0083B : 474416;
0083C : 4e411b;
0083D : 463b1c;
0083E : 3b361d;
0083F : 3a371f;
00840 : 3b371c;
00841 : 4a451c;
00842 : 73712b;
00843 : 9b932d;
00844 : baaa33;
00845 : d7dc46;
00846 : d7db45;
00847 : d9db47;
00848 : d8d732;
00849 : d6d42b;
0084A : d8d21d;
0084B : d6c702;
0084C : d3c001;
0084D : d5c100;
0084E : d5bd04;
0084F : d5bc03;
00850 : d7d049;
00851 : d4c336;
00852 : ccad01;
00853 : d2c102;
00854 : d3be01;
00855 : d2b201;
00856 : d1a807;
00857 : d3c115;
00858 : d5cb28;
00859 : dcc952;
0085A : d4c22e;
0085B : d1ca16;
0085C : d0c911;
0085D : d7ca39;
0085E : d8cd40;
0085F : d3cf29;
00860 : d4ce2e;
00861 : d2ce2f;
00862 : d2d144;
00863 : d3d53f;
00864 : dfb824;
00865 : d2ca2c;
00866 : d7c622;
00867 : dfab1e;
00868 : d4be35;
00869 : c3b537;
0086A : 96b054;
0086B : 8fb766;
0086C : 9cb668;
0086D : afda7e;
0086E : a9d574;
0086F : bddb76;
00870 : 82cd6e;
00871 : 74c76c;
00872 : 78c472;
00873 : 56b963;
00874 : 3fae62;
00875 : 72bd86;
00876 : 5fb16b;
00877 : 2b9a4b;
00878 : 4cbc71;
00879 : 69c379;
0087A : 81b658;
0087B : 9bc058;
0087C : 56ae60;
0087D : 65cb82;
0087E : 5ac76d;
0087F : 88d170;
00880 : 2c8232;
00881 : 2c7e2a;
00882 : 308a30;
00883 : 2a893b;
00884 : 1b7632;
00885 : 18742f;
00886 : 278730;
00887 : 699d21;
00888 : 55a43c;
00889 : 50ac4f;
0088A : 4fab4e;
0088B : 43a344;
0088C : 3aa54c;
0088D : 36a44f;
0088E : 2d9948;
0088F : 369e49;
00890 : 3aa14a;
00891 : 33a150;
00892 : 2b9b4b;
00893 : 45ac53;
00894 : 17683c;
00895 : 0c663c;
00896 : 4b9f51;
00897 : 95af56;
00898 : 57a349;
00899 : 328d56;
0089A : 38a865;
0089B : 1c836b;
0089C : 469455;
0089D : 4a9b4f;
0089E : 175237;
0089F : 0c4432;
008A0 : 567762;
008A1 : 1c633c;
008A2 : 27843c;
008A3 : 98a680;
008A4 : 74aa6f;
008A5 : 5c9155;
008A6 : c2bca1;
008A7 : 438b43;
008A8 : 3a8434;
008A9 : 38762e;
008AA : 2a5f23;
008AB : 2a892d;
008AC : 399229;
008AD : 3f9a2b;
008AE : 439c25;
008AF : 5aad26;
008B0 : 59ab28;
008B1 : 58aa25;
008B2 : 599f22;
008B3 : 8f9a23;
008B4 : d6b341;
008B5 : bebe2e;
008B6 : a9bb26;
008B7 : 85762c;
008B8 : 4a4126;
008B9 : 2f2c1d;
008BA : 232016;
008BB : 252116;
008BC : 292418;
008BD : 2e291b;
008BE : 322d1f;
008BF : 2a2618;
008C0 : 242113;
008C1 : 272214;
008C2 : 2e2819;
008C3 : 2f2718;
008C4 : 3f361d;
008C5 : 78752b;
008C6 : c6ca43;
008C7 : dee04e;
008C8 : d8d838;
008C9 : d8d637;
008CA : dad732;
008CB : d8c805;
008CC : d3bd00;
008CD : d2bc01;
008CE : d3ba03;
008CF : d3b800;
008D0 : d5ca3a;
008D1 : d5c62d;
008D2 : d0b605;
008D3 : ccae03;
008D4 : cdab05;
008D5 : d0af03;
008D6 : cfb303;
008D7 : d0bd00;
008D8 : d0c007;
008D9 : daba51;
008DA : c8a10b;
008DB : c9c300;
008DC : c7bf00;
008DD : d4c738;
008DE : cbc818;
008DF : cbbf08;
008E0 : dba516;
008E1 : d6a610;
008E2 : d1c824;
008E3 : e7b722;
008E4 : f28b1b;
008E5 : dbaf27;
008E6 : d8c927;
008E7 : e6ab1b;
008E8 : e1ae1a;
008E9 : c59d19;
008EA : 9ea344;
008EB : 89ae61;
008EC : 7e8a55;
008ED : 9dd87e;
008EE : a7d677;
008EF : bddb7b;
008F0 : 9dd578;
008F1 : 5dba63;
008F2 : 80c879;
008F3 : 63c36f;
008F4 : 68c06e;
008F5 : 69b570;
008F6 : 40a257;
008F7 : 319d51;
008F8 : 46bc70;
008F9 : 38b25f;
008FA : a7c06b;
008FB : 86b766;
008FC : 46b063;
008FD : 66cb82;
008FE : 9ad57f;
008FF : b7db78;
00900 : 1e7a37;
00901 : 18702f;
00902 : 388a37;
00903 : 449a43;
00904 : 24823d;
00905 : 1d7734;
00906 : 217c36;
00907 : 2f8333;
00908 : 37933f;
00909 : 4ea13f;
0090A : 539e30;
0090B : 459e39;
0090C : 34a148;
0090D : 2e9d48;
0090E : 2a9443;
0090F : 2d9440;
00910 : 258e3f;
00911 : 2d9a48;
00912 : 3ba749;
00913 : 48aa4e;
00914 : 19663a;
00915 : 034631;
00916 : 2c8849;
00917 : 4db75b;
00918 : 70b63d;
00919 : 40924d;
0091A : 147250;
0091B : 1d7964;
0091C : 52a24f;
0091D : 5bb558;
0091E : 1a5b3a;
0091F : 053f2e;
00920 : 4e715a;
00921 : 3c764e;
00922 : 1d833a;
00923 : 699e6a;
00924 : 7ba86f;
00925 : 569954;
00926 : 428d47;
00927 : 2a8336;
00928 : 307d35;
00929 : 3e4826;
0092A : 4b382a;
0092B : 49793c;
0092C : 22852f;
0092D : 26862d;
0092E : 2d8929;
0092F : 409820;
00930 : 51a421;
00931 : 53a522;
00932 : 4ea426;
00933 : 4fa224;
00934 : 6da821;
00935 : 789223;
00936 : 4c4b20;
00937 : 2e281a;
00938 : 342f1e;
00939 : 36311f;
0093A : 302c1c;
0093B : 2c2819;
0093C : 2b2518;
0093D : 342e1f;
0093E : 363121;
0093F : 322e1e;
00940 : 282417;
00941 : 20190f;
00942 : 2a2316;
00943 : 31291d;
00944 : 413829;
00945 : 372e21;
00946 : 49431c;
00947 : b7b736;
00948 : dfe03d;
00949 : d9d83d;
0094A : d7cf2b;
0094B : d2bc00;
0094C : d0b901;
0094D : cfb801;
0094E : d0b602;
0094F : d2b800;
00950 : d4c72f;
00951 : d6c630;
00952 : d2ba0b;
00953 : ceb102;
00954 : ceb103;
00955 : d0a605;
00956 : cb9408;
00957 : cfbd00;
00958 : d4c121;
00959 : d5b53a;
0095A : c8b500;
0095B : c7bc01;
0095C : c5bb04;
0095D : d6cf41;
0095E : c9c30c;
0095F : d9a30b;
00960 : ee8815;
00961 : f18213;
00962 : eea01e;
00963 : f19c1f;
00964 : ea8b16;
00965 : d8bc26;
00966 : dac72b;
00967 : e6b31c;
00968 : e4ad1d;
00969 : 916a1e;
0096A : a56228;
0096B : bfa041;
0096C : a6b36c;
0096D : afdb80;
0096E : acd678;
0096F : c2dc7f;
00970 : b9d274;
00971 : b1b97c;
00972 : a2c78c;
00973 : 77ca71;
00974 : 81c16c;
00975 : 45a45b;
00976 : 41a156;
00977 : 34a65b;
00978 : 40bc70;
00979 : 4bab53;
0097A : 8fb562;
0097B : 49aa61;
0097C : 50ba71;
0097D : 50c576;
0097E : 8ed077;
0097F : d2d472;
00980 : 27853b;
00981 : 1e7632;
00982 : 3c8f3f;
00983 : 5fad4c;
00984 : 3b9849;
00985 : 308746;
00986 : 2d8243;
00987 : 1f7c3a;
00988 : 268940;
00989 : 2b883b;
0098A : 539c32;
0098B : 50a846;
0098C : 43ae5a;
0098D : 39a852;
0098E : 319748;
0098F : 349548;
00990 : 2e9446;
00991 : 2d9745;
00992 : 3ba648;
00993 : 49ac4d;
00994 : 3b944a;
00995 : 014030;
00996 : 0a4d34;
00997 : 3d9f4a;
00998 : 529b33;
00999 : 1c5c36;
0099A : 0f4838;
0099B : 215840;
0099C : 0a4c32;
0099D : 22693b;
0099E : 125136;
0099F : 064130;
009A0 : 0d4731;
009A1 : 125136;
009A2 : 0a4e30;
009A3 : 54815e;
009A4 : 69a266;
009A5 : 268435;
009A6 : 288235;
009A7 : 298336;
009A8 : 2f7634;
009A9 : 3f3723;
009AA : 643732;
009AB : 4b6a38;
009AC : 288a2d;
009AD : 348e2a;
009AE : 3a9327;
009AF : 559636;
009B0 : 5f982f;
009B1 : 4ea31b;
009B2 : 52a826;
009B3 : 4f9b25;
009B4 : 4b6622;
009B5 : 37311d;
009B6 : 302a1b;
009B7 : 37311f;
009B8 : 3b3523;
009B9 : 312b1b;
009BA : 292316;
009BB : 292216;
009BC : 292317;
009BD : 2b2519;
009BE : 2a251a;
009BF : 2d271a;
009C0 : 352e21;
009C1 : 2c2318;
009C2 : 241c13;
009C3 : 281f15;
009C4 : 32281a;
009C5 : 443b2a;
009C6 : 3c3324;
009C7 : 4d4223;
009C8 : a09b2c;
009C9 : dcd832;
009CA : d5ca1b;
009CB : cfb908;
009CC : c9ac02;
009CD : cbb701;
009CE : d0b603;
009CF : d3b900;
009D0 : d5c829;
009D1 : d3ba1f;
009D2 : ceaa0d;
009D3 : d1b900;
009D4 : d3b902;
009D5 : d4ab05;
009D6 : ce9d09;
009D7 : cdb900;
009D8 : dac63d;
009D9 : cfad19;
009DA : c9b700;
009DB : c8bc00;
009DC : cfc123;
009DD : d1c325;
009DE : d1b201;
009DF : ed8b14;
009E0 : f77d16;
009E1 : f48715;
009E2 : d7bc0c;
009E3 : d8c514;
009E4 : d8bb04;
009E5 : d0c60d;
009E6 : ccce2a;
009E7 : dcc529;
009E8 : e4a819;
009E9 : 8f571e;
009EA : 97532c;
009EB : d7a747;
009EC : 90ca78;
009ED : 9dd37a;
009EE : bcda7f;
009EF : bddb85;
009F0 : bdc263;
009F1 : d7b15e;
009F2 : c6c88c;
009F3 : 97cb6c;
009F4 : 45a45c;
009F5 : 45a056;
009F6 : 46a157;
009F7 : 60b063;
009F8 : 7ec070;
009F9 : aabf6e;
009FA : 489f55;
009FB : 36a157;
009FC : 44b265;
009FD : 3bb561;
009FE : 97c461;
009FF : e1ca67;
00A00 : 308b38;
00A01 : 268338;
00A02 : 2d8b3d;
00A03 : 3a913c;
00A04 : 25823a;
00A05 : 2a8140;
00A06 : 308547;
00A07 : 237f3c;
00A08 : 28873e;
00A09 : 2c873e;
00A0A : 559932;
00A0B : 5aa941;
00A0C : 57b057;
00A0D : 3aa44e;
00A0E : 2f9347;
00A0F : 48a456;
00A10 : 49b051;
00A11 : 42ac4d;
00A12 : 41ad4e;
00A13 : 3ca647;
00A14 : 51a036;
00A15 : 115031;
00A16 : 084736;
00A17 : 186137;
00A18 : 0d5635;
00A19 : 18533e;
00A1A : 336445;
00A1B : 024131;
00A1C : 044333;
00A1D : 0a4e38;
00A1E : 0a4a37;
00A1F : 0d4b39;
00A20 : 144e36;
00A21 : 195437;
00A22 : 064430;
00A23 : 246b3b;
00A24 : 34893f;
00A25 : 257f34;
00A26 : 267f33;
00A27 : 267f34;
00A28 : 387634;
00A29 : 43552f;
00A2A : 534028;
00A2B : 488f1f;
00A2C : 52a11e;
00A2D : 4b9c24;
00A2E : 559235;
00A2F : b89187;
00A30 : c2928f;
00A31 : 9f9a6a;
00A32 : 799a46;
00A33 : 3e4b21;
00A34 : 3e3625;
00A35 : 3a3421;
00A36 : 3b3422;
00A37 : 443d2b;
00A38 : 45402d;
00A39 : 342d1e;
00A3A : 282115;
00A3B : 282115;
00A3C : 261f15;
00A3D : 282218;
00A3E : 251f14;
00A3F : 292217;
00A40 : 261f15;
00A41 : 2f251a;
00A42 : 221a12;
00A43 : 261d14;
00A44 : 22170e;
00A45 : 312518;
00A46 : 332719;
00A47 : 372a1d;
00A48 : 3c2e1a;
00A49 : 84761a;
00A4A : cec42f;
00A4B : dcdd63;
00A4C : cbb821;
00A4D : c9b200;
00A4E : cfb202;
00A4F : d1b701;
00A50 : d6cf38;
00A51 : d4c02b;
00A52 : d4be35;
00A53 : d2b802;
00A54 : d6b801;
00A55 : d4a804;
00A56 : cd8011;
00A57 : d3be0e;
00A58 : dcc547;
00A59 : cdb006;
00A5A : cebd03;
00A5B : cdbc03;
00A5C : dac844;
00A5D : d0bc0e;
00A5E : e2ac08;
00A5F : f68516;
00A60 : f18c13;
00A61 : e2a807;
00A62 : e0ad02;
00A63 : e8ab04;
00A64 : d5b901;
00A65 : d1ba00;
00A66 : cec815;
00A67 : d8c632;
00A68 : edb42a;
00A69 : a47331;
00A6A : 9a5633;
00A6B : e4d476;
00A6C : b3d383;
00A6D : afd57f;
00A6E : c2d879;
00A6F : bad466;
00A70 : 92c25b;
00A71 : c7ae55;
00A72 : c6c672;
00A73 : 63b35c;
00A74 : 269452;
00A75 : 47a055;
00A76 : 70aa59;
00A77 : dbcb7b;
00A78 : c3c97a;
00A79 : 67a85c;
00A7A : 32974f;
00A7B : 3fa65d;
00A7C : 4bb76b;
00A7D : 7dc874;
00A7E : b1c569;
00A7F : 94bd66;
00A80 : 40983a;
00A81 : 36933d;
00A82 : 278a3c;
00A83 : 21813a;
00A84 : 1e7838;
00A85 : 217838;
00A86 : 247b3d;
00A87 : 26833f;
00A88 : 298640;
00A89 : 2f8942;
00A8A : 479c3d;
00A8B : 4fa743;
00A8C : 43a64a;
00A8D : 34a14a;
00A8E : 289442;
00A8F : 2e9943;
00A90 : 43a848;
00A91 : 43a645;
00A92 : 3fa146;
00A93 : 409f42;
00A94 : 5dab33;
00A95 : 2f6d30;
00A96 : 013f31;
00A97 : 0a4633;
00A98 : 17523b;
00A99 : 206045;
00A9A : 044132;
00A9B : 2b6630;
00A9C : 2b7b38;
00A9D : 166c43;
00A9E : 1e694a;
00A9F : 4a7959;
00AA0 : 13412b;
00AA1 : 39653b;
00AA2 : 054430;
00AA3 : 23653d;
00AA4 : 7fa975;
00AA5 : 247e34;
00AA6 : 288035;
00AA7 : 308536;
00AA8 : 3e882e;
00AA9 : 527e26;
00AAA : 5c6d1e;
00AAB : 76b024;
00AAC : 6fad32;
00AAD : 419826;
00AAE : 828153;
00AAF : cf8492;
00AB0 : cd9398;
00AB1 : b8817f;
00AB2 : 514231;
00AB3 : 352f1e;
00AB4 : 3a3422;
00AB5 : 3a3422;
00AB6 : 47412e;
00AB7 : 494130;
00AB8 : 362d1f;
00AB9 : 2c2317;
00ABA : 2a2015;
00ABB : 2f2318;
00ABC : 34281d;
00ABD : 392e23;
00ABE : 2f261b;
00ABF : 251c12;
00AC0 : 2a2016;
00AC1 : 2e2118;
00AC2 : 2b1f17;
00AC3 : 241a11;
00AC4 : 241910;
00AC5 : 261b11;
00AC6 : 302317;
00AC7 : 2e2014;
00AC8 : 2f2113;
00AC9 : 342416;
00ACA : 635520;
00ACB : c1c259;
00ACC : ddd94e;
00ACD : cab304;
00ACE : ceaf00;
00ACF : cfb605;
00AD0 : d1c526;
00AD1 : d7c629;
00AD2 : d2ba0f;
00AD3 : d6bb0e;
00AD4 : d8b700;
00AD5 : d7b00a;
00AD6 : d4a317;
00AD7 : ddcb43;
00AD8 : d8bf4b;
00AD9 : cdb717;
00ADA : d4c41a;
00ADB : d4c62c;
00ADC : dac84a;
00ADD : ceb700;
00ADE : deac05;
00ADF : f29312;
00AE0 : e8a60a;
00AE1 : dab600;
00AE2 : dcb601;
00AE3 : deb602;
00AE4 : d7b901;
00AE5 : dbb103;
00AE6 : deb708;
00AE7 : ddcd2a;
00AE8 : f8af2a;
00AE9 : ac702d;
00AEA : 9b5d3b;
00AEB : a0ca82;
00AEC : aac677;
00AED : add583;
00AEE : b1d172;
00AEF : b1cc51;
00AF0 : 8dc854;
00AF1 : abbd60;
00AF2 : 79b35d;
00AF3 : 4ba559;
00AF4 : 299553;
00AF5 : 409b4f;
00AF6 : afc070;
00AF7 : afc77d;
00AF8 : 50ab5e;
00AF9 : 3a984d;
00AFA : 4ba55c;
00AFB : 42aa60;
00AFC : 40ae5e;
00AFD : 74ba65;
00AFE : 67b463;
00AFF : 57b569;
00B00 : 319040;
00B01 : 23853b;
00B02 : 288a3d;
00B03 : 24833b;
00B04 : 1d7536;
00B05 : 1f7637;
00B06 : 1e7638;
00B07 : 288742;
00B08 : 27873e;
00B09 : 319041;
00B0A : 41a044;
00B0B : 4ca947;
00B0C : 48a94a;
00B0D : 359f4a;
00B0E : 349f4a;
00B0F : 2e9b45;
00B10 : 3ca54a;
00B11 : 3aa241;
00B12 : 29853a;
00B13 : 4e994b;
00B14 : 39ab4d;
00B15 : 166439;
00B16 : 013e31;
00B17 : 3d6e47;
00B18 : 4e7b4e;
00B19 : 034938;
00B1A : 034434;
00B1B : 17532d;
00B1C : 125832;
00B1D : 074d3a;
00B1E : 064a38;
00B1F : 1d5640;
00B20 : 314c3b;
00B21 : 415437;
00B22 : 1f5f38;
00B23 : 247837;
00B24 : 2d8338;
00B25 : 2e8633;
00B26 : 3f912c;
00B27 : 5a9a29;
00B28 : 889a35;
00B29 : 877129;
00B2A : 9b9a0e;
00B2B : c6b92b;
00B2C : a3be48;
00B2D : 5dac35;
00B2E : 89844b;
00B2F : ca7885;
00B30 : be8384;
00B31 : 4a392d;
00B32 : 19160b;
00B33 : 201a10;
00B34 : 332c1d;
00B35 : 342d1f;
00B36 : 282015;
00B37 : 261c12;
00B38 : 281d13;
00B39 : 271b12;
00B3A : 2c1f14;
00B3B : 2c1f14;
00B3C : 34261a;
00B3D : 3c2d22;
00B3E : 423124;
00B3F : 39291d;
00B40 : 402d21;
00B41 : 483325;
00B42 : 573b2c;
00B43 : 54392a;
00B44 : 493022;
00B45 : 442f20;
00B46 : 3b291c;
00B47 : 2f2115;
00B48 : 2d2012;
00B49 : 2a1c10;
00B4A : 271a0f;
00B4B : 473915;
00B4C : b1a838;
00B4D : dacd2b;
00B4E : cfb104;
00B4F : cfb608;
00B50 : d1b707;
00B51 : d5b808;
00B52 : d9bb0a;
00B53 : d8b903;
00B54 : d7b901;
00B55 : d6b005;
00B56 : d3ae04;
00B57 : dbc641;
00B58 : d7c84a;
00B59 : d1c32f;
00B5A : d5cc43;
00B5B : d7c947;
00B5C : dbd05c;
00B5D : d7c826;
00B5E : dfb00a;
00B5F : f59914;
00B60 : fb9815;
00B61 : f19b0f;
00B62 : ddb702;
00B63 : dbbc01;
00B64 : d9bd00;
00B65 : eaa40c;
00B66 : e4ad09;
00B67 : e3bb03;
00B68 : ff8817;
00B69 : b25c1f;
00B6A : 997b4a;
00B6B : 74b573;
00B6C : 92935c;
00B6D : 8dd177;
00B6E : 76c96e;
00B6F : 8fca63;
00B70 : 94c549;
00B71 : 88bd53;
00B72 : 31994c;
00B73 : 369b53;
00B74 : 2e9857;
00B75 : 66a558;
00B76 : 7db066;
00B77 : 48af66;
00B78 : 67b966;
00B79 : 5cad5e;
00B7A : 42a25b;
00B7B : 3fa55d;
00B7C : 8dc274;
00B7D : 6dbe6c;
00B7E : 4bb166;
00B7F : 6db56d;
00B80 : 28893e;
00B81 : 1e8138;
00B82 : 1e8136;
00B83 : 25823c;
00B84 : 1f7838;
00B85 : 1f7737;
00B86 : 20793a;
00B87 : 20803a;
00B88 : 3a9a42;
00B89 : 44a443;
00B8A : 46a343;
00B8B : 4fa740;
00B8C : 50ab47;
00B8D : 3ca249;
00B8E : 3ba34b;
00B8F : 5ab155;
00B90 : 3b9f48;
00B91 : 44aa49;
00B92 : 389f45;
00B93 : 379945;
00B94 : 43ae5b;
00B95 : 145a38;
00B96 : 024131;
00B97 : 205a3d;
00B98 : 256346;
00B99 : 075845;
00B9A : 08604c;
00B9B : 024332;
00B9C : 074c37;
00B9D : 054937;
00B9E : 094f3a;
00B9F : 095337;
00BA0 : 457e50;
00BA1 : 5c8448;
00BA2 : 4d8d39;
00BA3 : 237935;
00BA4 : 40912b;
00BA5 : 6ba727;
00BA6 : 9bac13;
00BA7 : b19908;
00BA8 : b57420;
00BA9 : bd8024;
00BAA : cab60b;
00BAB : c4ad1c;
00BAC : a6ae43;
00BAD : 5e8d48;
00BAE : 8e8e72;
00BAF : cc7480;
00BB0 : 82554f;
00BB1 : 161409;
00BB2 : 18140c;
00BB3 : 272116;
00BB4 : 221b11;
00BB5 : 211910;
00BB6 : 1d160e;
00BB7 : 241b11;
00BB8 : 2f2115;
00BB9 : 3e291b;
00BBA : 493020;
00BBB : 523625;
00BBC : 533425;
00BBD : 563929;
00BBE : 5b3c2b;
00BBF : 62402d;
00BC0 : 774f3b;
00BC1 : 865a41;
00BC2 : a26b4c;
00BC3 : a36b4d;
00BC4 : 996449;
00BC5 : 905e44;
00BC6 : 7e5139;
00BC7 : 654430;
00BC8 : 513724;
00BC9 : 3c2818;
00BCA : 291b0e;
00BCB : 2c1d11;
00BCC : 413214;
00BCD : b1a423;
00BCE : d6c019;
00BCF : d3bb15;
00BD0 : d6b604;
00BD1 : d7ba1c;
00BD2 : d9bc1a;
00BD3 : d7b600;
00BD4 : d7b801;
00BD5 : d7b002;
00BD6 : d6b103;
00BD7 : e0ca4e;
00BD8 : d7c33b;
00BD9 : d1c126;
00BDA : d2c83e;
00BDB : d9cb5e;
00BDC : dad362;
00BDD : dad753;
00BDE : ebc130;
00BDF : fd9a19;
00BE0 : ff8a1e;
00BE1 : fe861e;
00BE2 : ea8f10;
00BE3 : dfba03;
00BE4 : e1c012;
00BE5 : efbc2a;
00BE6 : f4bc12;
00BE7 : eac303;
00BE8 : f2af10;
00BE9 : bea948;
00BEA : 9aad54;
00BEB : 73b369;
00BEC : 849f63;
00BED : 8bd078;
00BEE : 72c569;
00BEF : 8fc758;
00BF0 : a0c444;
00BF1 : 63ab49;
00BF2 : 6bb464;
00BF3 : 45a55e;
00BF4 : 3fa560;
00BF5 : 5faa5c;
00BF6 : 81b481;
00BF7 : 94c492;
00BF8 : 65b362;
00BF9 : 5d995f;
00BFA : b68f85;
00BFB : afa885;
00BFC : 97ce82;
00BFD : 3db564;
00BFE : 43b062;
00BFF : 3fa75a;
00C00 : 1d7e37;
00C01 : 1c7d36;
00C02 : 1d7c36;
00C03 : 257f3d;
00C04 : 237c3d;
00C05 : 237c3c;
00C06 : 237f3d;
00C07 : 26883e;
00C08 : 369840;
00C09 : 42a240;
00C0A : 49a442;
00C0B : 4ca43e;
00C0C : 58ad45;
00C0D : 44a44a;
00C0E : 37a149;
00C0F : 4ba44b;
00C10 : 56a150;
00C11 : 57ae5a;
00C12 : 51b257;
00C13 : 63b65b;
00C14 : 45a659;
00C15 : 054631;
00C16 : 1c623b;
00C17 : 206a42;
00C18 : 084e3d;
00C19 : 064f3d;
00C1A : 04503d;
00C1B : 064a36;
00C1C : 0a5338;
00C1D : 054936;
00C1E : 0c523b;
00C1F : 0c5336;
00C20 : 115a35;
00C21 : 437341;
00C22 : 356739;
00C23 : 356b37;
00C24 : 7aad2e;
00C25 : 82b026;
00C26 : bab21c;
00C27 : c5a301;
00C28 : c1950f;
00C29 : c3ac17;
00C2A : c4aa21;
00C2B : c88372;
00C2C : c77b83;
00C2D : c87884;
00C2E : ce818c;
00C2F : ab6568;
00C30 : 342a1b;
00C31 : 18150c;
00C32 : 17120b;
00C33 : 1a150e;
00C34 : 1a130c;
00C35 : 261c12;
00C36 : 342519;
00C37 : 4d3422;
00C38 : 68432e;
00C39 : 7d4f37;
00C3A : 8a593e;
00C3B : 8d5a41;
00C3C : 8e573f;
00C3D : 8e583f;
00C3E : 8f5b42;
00C3F : 9a6447;
00C40 : aa704f;
00C41 : ba7a55;
00C42 : bd7b56;
00C43 : be7c56;
00C44 : bf7d58;
00C45 : bb7956;
00C46 : b3724f;
00C47 : a66948;
00C48 : 9c6343;
00C49 : 885839;
00C4A : 513622;
00C4B : 25180c;
00C4C : 26180d;
00C4D : 5f5520;
00C4E : cdb522;
00C4F : dbc92b;
00C50 : d7b912;
00C51 : d7ba3a;
00C52 : d9be17;
00C53 : d8b800;
00C54 : d7b801;
00C55 : d6b202;
00C56 : d7b716;
00C57 : e2cf65;
00C58 : dcd060;
00C59 : d5c22e;
00C5A : d3bf39;
00C5B : d8bc5f;
00C5C : d7c749;
00C5D : dad652;
00C5E : e9c237;
00C5F : fd9c27;
00C60 : fe8920;
00C61 : fc841e;
00C62 : ef7b16;
00C63 : ea8a16;
00C64 : f18f1e;
00C65 : f49020;
00C66 : f69118;
00C67 : e8a50a;
00C68 : e2c305;
00C69 : caa728;
00C6A : c4b40b;
00C6B : 87a73c;
00C6C : 7e7d55;
00C6D : bec773;
00C6E : b4c76c;
00C6F : 83cd7d;
00C70 : 5bc077;
00C71 : 38a95d;
00C72 : 83ba65;
00C73 : 90c277;
00C74 : 34a15b;
00C75 : 49a65f;
00C76 : c7d4ad;
00C77 : c5d2b8;
00C78 : 49a462;
00C79 : a08d79;
00C7A : da8c93;
00C7B : c3a993;
00C7C : 4dbb74;
00C7D : 3fb86b;
00C7E : 3dae62;
00C7F : 5abd74;
00C80 : 1d7b35;
00C81 : 1d7b38;
00C82 : 278241;
00C83 : 2f894a;
00C84 : 338e50;
00C85 : 308b4b;
00C86 : 27843f;
00C87 : 35953f;
00C88 : 369b40;
00C89 : 43a441;
00C8A : 54a73b;
00C8B : 59a939;
00C8C : 59ac42;
00C8D : 4aa240;
00C8E : 48a446;
00C8F : 4aae50;
00C90 : 2d9746;
00C91 : 4ba953;
00C92 : 5db358;
00C93 : 67b960;
00C94 : 489154;
00C95 : 2b5841;
00C96 : 418648;
00C97 : 115938;
00C98 : 064939;
00C99 : 054837;
00C9A : 064d3c;
00C9B : 055744;
00C9C : 054333;
00C9D : 084a37;
00C9E : 175039;
00C9F : 0b4f36;
00CA0 : 14673a;
00CA1 : 3d7e2d;
00CA2 : 869c3b;
00CA3 : b7c45b;
00CA4 : 8db626;
00CA5 : 72aa1e;
00CA6 : 97a00c;
00CA7 : c6a200;
00CA8 : bf9f14;
00CA9 : c0b725;
00CAA : ba9f26;
00CAB : c56f7a;
00CAC : cc6b80;
00CAD : cd707f;
00CAE : b76d72;
00CAF : 423125;
00CB0 : 1a180c;
00CB1 : 15110a;
00CB2 : 110d07;
00CB3 : 23190f;
00CB4 : 392518;
00CB5 : 593825;
00CB6 : 774932;
00CB7 : 8a5639;
00CB8 : 975e40;
00CB9 : 9b6243;
00CBA : 9f6344;
00CBB : a66649;
00CBC : a86549;
00CBD : ae694c;
00CBE : b67453;
00CBF : ba7855;
00CC0 : bc7956;
00CC1 : be7a55;
00CC2 : bf7b56;
00CC3 : be7a55;
00CC4 : bd7a55;
00CC5 : bd7954;
00CC6 : bc7752;
00CC7 : b8744f;
00CC8 : b5734c;
00CC9 : af6f48;
00CCA : 9c6542;
00CCB : 64422a;
00CCC : 27180c;
00CCD : 2d1e0f;
00CCE : 705715;
00CCF : bb9d0b;
00CD0 : d9b805;
00CD1 : dac648;
00CD2 : dbc632;
00CD3 : d8b700;
00CD4 : d9bc03;
00CD5 : d8b805;
00CD6 : d7bb21;
00CD7 : e0cd5f;
00CD8 : d8c84a;
00CD9 : d6b837;
00CDA : d4b54e;
00CDB : dabe48;
00CDC : d7c42c;
00CDD : d8ce34;
00CDE : edb730;
00CDF : fd861e;
00CE0 : fd942c;
00CE1 : f9831e;
00CE2 : ee7616;
00CE3 : f5801e;
00CE4 : f67f1a;
00CE5 : fd8b1f;
00CE6 : ec7a1b;
00CE7 : e98d3e;
00CE8 : c6a25e;
00CE9 : 634529;
00CEA : c5aa34;
00CEB : aaae6a;
00CEC : b79b64;
00CED : cfaf54;
00CEE : d5d87a;
00CEF : 6db461;
00CF0 : 64b265;
00CF1 : 65be74;
00CF2 : 54b66d;
00CF3 : 74c582;
00CF4 : 74c279;
00CF5 : 97c887;
00CF6 : cbd5b5;
00CF7 : c3d0bb;
00CF8 : acc4a8;
00CF9 : cb9597;
00CFA : d59d99;
00CFB : c6a499;
00CFC : 60c88b;
00CFD : 4cca84;
00CFE : 43bd76;
00CFF : 6dc57f;
00D00 : 1f7b38;
00D01 : 2a8445;
00D02 : 2c8447;
00D03 : 257d40;
00D04 : 298043;
00D05 : 2c8648;
00D06 : 26833d;
00D07 : 3c993d;
00D08 : 3fa246;
00D09 : 3fa548;
00D0A : 5aab3d;
00D0B : 61ab35;
00D0C : 5fae3a;
00D0D : 5aa736;
00D0E : 489e3d;
00D0F : 55b453;
00D10 : 349c4b;
00D11 : 379c45;
00D12 : 48ae50;
00D13 : 46ac5b;
00D14 : 316c42;
00D15 : 1c5538;
00D16 : 26904a;
00D17 : 1e7347;
00D18 : 0c5543;
00D19 : 084e3b;
00D1A : 0a5b48;
00D1B : 0e7364;
00D1C : 0a5644;
00D1D : 084b36;
00D1E : 0d5237;
00D1F : 074631;
00D20 : 145f3b;
00D21 : 185432;
00D22 : 436531;
00D23 : cad066;
00D24 : 598740;
00D25 : 2c782d;
00D26 : 659721;
00D27 : ad9a04;
00D28 : c4a505;
00D29 : bcae18;
00D2A : b2a918;
00D2B : a89637;
00D2C : a98758;
00D2D : 9f765a;
00D2E : 422b24;
00D2F : 141208;
00D30 : 19160d;
00D31 : 151009;
00D32 : 2f1f13;
00D33 : 4f301d;
00D34 : 6d4029;
00D35 : 844d33;
00D36 : 93573a;
00D37 : 9c6041;
00D38 : a16445;
00D39 : a16445;
00D3A : a56546;
00D3B : ad694a;
00D3C : b16a4b;
00D3D : b66e4e;
00D3E : bd7956;
00D3F : c07d59;
00D40 : bf7b57;
00D41 : c07b56;
00D42 : c07c57;
00D43 : bf7b56;
00D44 : bd7954;
00D45 : bc7752;
00D46 : bc7750;
00D47 : bc7751;
00D48 : ba764f;
00D49 : b9774f;
00D4A : b6754b;
00D4B : b17347;
00D4C : 7b5133;
00D4D : 2f1d10;
00D4E : 25170b;
00D4F : 473716;
00D50 : 9f8211;
00D51 : d7c146;
00D52 : dbd04f;
00D53 : d8b700;
00D54 : d7bb05;
00D55 : d6bb1e;
00D56 : d6b80f;
00D57 : d7b323;
00D58 : d8be55;
00D59 : d7ba5e;
00D5A : dfd363;
00D5B : ddc024;
00D5C : d6ba2a;
00D5D : dad445;
00D5E : e3cc51;
00D5F : f09226;
00D60 : fc8523;
00D61 : f98c27;
00D62 : f7801a;
00D63 : fe8b1d;
00D64 : fe931e;
00D65 : fd9521;
00D66 : ed7c20;
00D67 : f7ab67;
00D68 : c7a582;
00D69 : 5f4325;
00D6A : d2a168;
00D6B : d8b587;
00D6C : d7ab5d;
00D6D : e49933;
00D6E : afc466;
00D6F : 4eb363;
00D70 : 9cc35f;
00D71 : 94bd50;
00D72 : 9fc35b;
00D73 : 99ce80;
00D74 : 6fc580;
00D75 : 72b97a;
00D76 : bdcfa0;
00D77 : cad5b4;
00D78 : cac7bc;
00D79 : d3ab99;
00D7A : d6a6a1;
00D7B : bf968f;
00D7C : 66b97f;
00D7D : 70b685;
00D7E : 67c48d;
00D7F : 4dc27b;
00D80 : 2a8443;
00D81 : 2e8648;
00D82 : 2b8245;
00D83 : 237a3d;
00D84 : 237a3e;
00D85 : 2b8747;
00D86 : 359445;
00D87 : 4da138;
00D88 : 4aa64b;
00D89 : 41af60;
00D8A : 57af4b;
00D8B : 62ab32;
00D8C : 62ac33;
00D8D : 419634;
00D8E : 409d40;
00D8F : 46aa4c;
00D90 : 349e50;
00D91 : 419d48;
00D92 : 3a8a42;
00D93 : 1d6e43;
00D94 : 023e2e;
00D95 : 115237;
00D96 : 25844b;
00D97 : 329051;
00D98 : 0f553d;
00D99 : 084838;
00D9A : 054a3c;
00D9B : 15776a;
00D9C : 0f5e50;
00D9D : 12643c;
00D9E : 1f7c42;
00D9F : 074632;
00DA0 : 134e38;
00DA1 : 0e4535;
00DA2 : 2d593b;
00DA3 : cdd16b;
00DA4 : 75985b;
00DA5 : 015442;
00DA6 : 3c8c3a;
00DA7 : 7b9116;
00DA8 : af9b04;
00DA9 : 9ca321;
00DAA : 98a423;
00DAB : 96a41f;
00DAC : 769c29;
00DAD : 2e3c13;
00DAE : 17130c;
00DAF : 15120a;
00DB0 : 18120a;
00DB1 : 412a19;
00DB2 : 643d26;
00DB3 : 75452c;
00DB4 : 824c32;
00DB5 : 8c5237;
00DB6 : 995b3e;
00DB7 : a26545;
00DB8 : a56747;
00DB9 : a56646;
00DBA : aa6848;
00DBB : b16c4c;
00DBC : b56e4e;
00DBD : ba7352;
00DBE : be7956;
00DBF : bf7b58;
00DC0 : be7955;
00DC1 : c07a56;
00DC2 : c17b57;
00DC3 : c17c57;
00DC4 : c07b54;
00DC5 : bf7a53;
00DC6 : bf7a53;
00DC7 : bf7a53;
00DC8 : bd7951;
00DC9 : bb784f;
00DCA : b8774d;
00DCB : b7774b;
00DCC : b7784b;
00DCD : 845536;
00DCE : 332112;
00DCF : 362a1a;
00DD0 : 43371d;
00DD1 : a3923d;
00DD2 : ded25f;
00DD3 : d6c41a;
00DD4 : d6bd15;
00DD5 : d5c037;
00DD6 : d4a44c;
00DD7 : cc6b54;
00DD8 : d6ac65;
00DD9 : ddd26b;
00DDA : e0d166;
00DDB : ddc239;
00DDC : dac437;
00DDD : dac628;
00DDE : dcd23b;
00DDF : e3b318;
00DE0 : fc8720;
00DE1 : fc932c;
00DE2 : fe891e;
00DE3 : ff901d;
00DE4 : fe911d;
00DE5 : fc8a1d;
00DE6 : f89233;
00DE7 : cf9a58;
00DE8 : b7955f;
00DE9 : 9f7e51;
00DEA : ddba83;
00DEB : dcb06d;
00DEC : ec9738;
00DED : e09728;
00DEE : 6fc670;
00DEF : 6dcf8e;
00DF0 : b0d67c;
00DF1 : b9d66d;
00DF2 : bdd773;
00DF3 : c5d294;
00DF4 : bfd1b5;
00DF5 : a9cda8;
00DF6 : a6c898;
00DF7 : cfdba2;
00DF8 : cfd5b1;
00DF9 : d7c39a;
00DFA : cf9699;
00DFB : cb9898;
00DFC : c9a9a3;
00DFD : d4a9a9;
00DFE : 96ba98;
00DFF : 47be7d;
00E00 : 237c3c;
00E01 : 227a3d;
00E02 : 237b3e;
00E03 : 21783b;
00E04 : 22793a;
00E05 : 22793b;
00E06 : 2b8237;
00E07 : 5ba32b;
00E08 : 50a542;
00E09 : 53ac4e;
00E0A : 4fb25a;
00E0B : 65ab31;
00E0C : 67ab2c;
00E0D : 3a9030;
00E0E : 37963d;
00E0F : 43ac52;
00E10 : 3b9b48;
00E11 : 47822f;
00E12 : 0a422b;
00E13 : 15502d;
00E14 : 04402f;
00E15 : 0b4833;
00E16 : 1e6142;
00E17 : 10553b;
00E18 : 074436;
00E19 : 064233;
00E1A : 044739;
00E1B : 146559;
00E1C : 1e6e57;
00E1D : 1d7f47;
00E1E : 1d8842;
00E1F : 187641;
00E20 : 0d4836;
00E21 : 255837;
00E22 : 9fb252;
00E23 : a1b946;
00E24 : 468143;
00E25 : 07624d;
00E26 : 458d37;
00E27 : 588c2c;
00E28 : 43661b;
00E29 : 6e9a2b;
00E2A : 829f26;
00E2B : b9b21d;
00E2C : 535a1a;
00E2D : 14110c;
00E2E : 17130b;
00E2F : 19130a;
00E30 : 462e19;
00E31 : 684127;
00E32 : 76482f;
00E33 : 824d34;
00E34 : 884f35;
00E35 : 95583c;
00E36 : a06143;
00E37 : a86948;
00E38 : a96a49;
00E39 : ab6a4a;
00E3A : af6c4b;
00E3B : b77050;
00E3C : ba7352;
00E3D : be7856;
00E3E : bf7b58;
00E3F : c07b57;
00E40 : c07b57;
00E41 : c07a56;
00E42 : c17956;
00E43 : c07955;
00E44 : c17a55;
00E45 : c17c55;
00E46 : c37e57;
00E47 : c37f58;
00E48 : c17c55;
00E49 : c17d54;
00E4A : bf7c52;
00E4B : b9794d;
00E4C : b8794c;
00E4D : b4744a;
00E4E : 935d3c;
00E4F : 47301c;
00E50 : 3a2e1d;
00E51 : 615427;
00E52 : c8c057;
00E53 : d7ce30;
00E54 : d9cd4e;
00E55 : ded458;
00E56 : d5a353;
00E57 : d38773;
00E58 : d79772;
00E59 : e6d269;
00E5A : dcb35e;
00E5B : e1c06c;
00E5C : e3cb6e;
00E5D : e2c371;
00E5E : dcae62;
00E5F : e0ab4d;
00E60 : f69b3f;
00E61 : f89936;
00E62 : f78f31;
00E63 : f68223;
00E64 : f09125;
00E65 : f09a1a;
00E66 : f5b03a;
00E67 : d0b155;
00E68 : bca054;
00E69 : c5a157;
00E6A : deb870;
00E6B : eaa648;
00E6C : f6992a;
00E6D : a5b650;
00E6E : 8ebf73;
00E6F : bcc284;
00E70 : 7cd29b;
00E71 : 57ce94;
00E72 : 5bd199;
00E73 : 83cda6;
00E74 : c3cdb9;
00E75 : c5ceb9;
00E76 : c4d2b9;
00E77 : aac59a;
00E78 : c7b797;
00E79 : cf9b9d;
00E7A : ce9da0;
00E7B : d0aaaa;
00E7C : d2a8aa;
00E7D : d39d9e;
00E7E : 84c090;
00E7F : 38b771;
00E80 : 1f7938;
00E81 : 1f7739;
00E82 : 1f7738;
00E83 : 207739;
00E84 : 207839;
00E85 : 217839;
00E86 : 1f7935;
00E87 : 3e8f31;
00E88 : 5a9a2a;
00E89 : 75a729;
00E8A : 4fb25a;
00E8B : 64ad39;
00E8C : 4f9829;
00E8D : 2c8930;
00E8E : 2f8f33;
00E8F : 3ba34e;
00E90 : 3a7f2d;
00E91 : 488731;
00E92 : 195936;
00E93 : 31783f;
00E94 : 04402e;
00E95 : 06432f;
00E96 : 1b543a;
00E97 : 0d4d37;
00E98 : 033e31;
00E99 : 053f31;
00E9A : 064f3f;
00E9B : 106e5d;
00E9C : 24795a;
00E9D : 3e8e66;
00E9E : 248944;
00E9F : 359d58;
00EA0 : 094733;
00EA1 : 2f7847;
00EA2 : bfd266;
00EA3 : 7ba32f;
00EA4 : 307736;
00EA5 : 167553;
00EA6 : 307d35;
00EA7 : 679e38;
00EA8 : 224925;
00EA9 : 558b2c;
00EAA : 93af2a;
00EAB : a7a322;
00EAC : 282412;
00EAD : 16120c;
00EAE : 181109;
00EAF : 452d1a;
00EB0 : 684227;
00EB1 : 73472d;
00EB2 : 794931;
00EB3 : 824d34;
00EB4 : 90553a;
00EB5 : 9b5e41;
00EB6 : a56747;
00EB7 : aa6a4a;
00EB8 : a96949;
00EB9 : ac6b4b;
00EBA : b37050;
00EBB : bb7654;
00EBC : be7755;
00EBD : bf7957;
00EBE : c27e5b;
00EBF : c27e5b;
00EC0 : c27d59;
00EC1 : c27c58;
00EC2 : c37b57;
00EC3 : c27a57;
00EC4 : c47f5a;
00EC5 : c5805a;
00EC6 : c6825b;
00EC7 : c6825b;
00EC8 : c5815a;
00EC9 : c58159;
00ECA : c38057;
00ECB : be7d53;
00ECC : b9794d;
00ECD : b8794d;
00ECE : b7784b;
00ECF : 986340;
00ED0 : 412c1c;
00ED1 : 362917;
00ED2 : 73682f;
00ED3 : cbc24c;
00ED4 : e0db65;
00ED5 : dfdc70;
00ED6 : deca6b;
00ED7 : d49884;
00ED8 : e18d5b;
00ED9 : dea743;
00EDA : e6b849;
00EDB : eabf4e;
00EDC : dfb559;
00EDD : e4c27e;
00EDE : e4bb85;
00EDF : e29f6a;
00EE0 : e3b05e;
00EE1 : e7bc65;
00EE2 : db976b;
00EE3 : da9272;
00EE4 : d78d70;
00EE5 : deb039;
00EE6 : f1af3d;
00EE7 : c19f4f;
00EE8 : 998945;
00EE9 : d29a3a;
00EEA : f7a131;
00EEB : e4a74d;
00EEC : dec375;
00EED : c6b653;
00EEE : d2b253;
00EEF : e2b578;
00EF0 : 7fcb92;
00EF1 : 58cf94;
00EF2 : 5ad198;
00EF3 : 79cda5;
00EF4 : c7d3bf;
00EF5 : c9d3c0;
00EF6 : ced5c1;
00EF7 : 85b790;
00EF8 : 9bb096;
00EF9 : ceb3af;
00EFA : cea4a5;
00EFB : d0999d;
00EFC : d78a94;
00EFD : be958f;
00EFE : 6ac27e;
00EFF : 3bb874;
00F00 : 1e7736;
00F01 : 1b7335;
00F02 : 1b7435;
00F03 : 1b7333;
00F04 : 217a33;
00F05 : 1b7434;
00F06 : 1b7333;
00F07 : 1c7435;
00F08 : 3a8635;
00F09 : 54932d;
00F0A : 57a750;
00F0B : 5fa93e;
00F0C : 65a423;
00F0D : 43952c;
00F0E : 579f38;
00F0F : 44a651;
00F10 : 66a93a;
00F11 : 68a22b;
00F12 : 5a9938;
00F13 : 5ba249;
00F14 : 145736;
00F15 : 044b32;
00F16 : 16693d;
00F17 : 155c38;
00F18 : 2e713e;
00F19 : 0c4a33;
00F1A : 044e3f;
00F1B : 12765c;
00F1C : 308245;
00F1D : 318560;
00F1E : 2c8857;
00F1F : 339b5c;
00F20 : 0e533a;
00F21 : 38945b;
00F22 : a5ca63;
00F23 : 7ba948;
00F24 : 214f2c;
00F25 : 1b734f;
00F26 : 1d6634;
00F27 : 547027;
00F28 : 3e692e;
00F29 : 53731f;
00F2A : a3ba32;
00F2B : 595b1f;
00F2C : 191510;
00F2D : 161109;
00F2E : 3e2918;
00F2F : 634125;
00F30 : 71482d;
00F31 : 784a30;
00F32 : 814e35;
00F33 : 885138;
00F34 : 91553a;
00F35 : 9b5f42;
00F36 : a66849;
00F37 : aa6b4a;
00F38 : ab6b4a;
00F39 : ad6b4b;
00F3A : b47150;
00F3B : ba7654;
00F3C : c07c59;
00F3D : c27e5b;
00F3E : c3805d;
00F3F : c3815e;
00F40 : c4815d;
00F41 : c5815e;
00F42 : c47f5c;
00F43 : c57e5b;
00F44 : c8845f;
00F45 : c8845f;
00F46 : c8845e;
00F47 : c7835c;
00F48 : c7835c;
00F49 : c5825a;
00F4A : c27e55;
00F4B : c07e54;
00F4C : bc7a50;
00F4D : ba7a50;
00F4E : b77a4e;
00F4F : b5784a;
00F50 : 8a5a3a;
00F51 : 342215;
00F52 : 443623;
00F53 : 94822c;
00F54 : dac841;
00F55 : ded667;
00F56 : ddc96f;
00F57 : dcb580;
00F58 : dd9857;
00F59 : e79d3b;
00F5A : f0bd33;
00F5B : ebba4f;
00F5C : e1ad30;
00F5D : e2c679;
00F5E : e8cb88;
00F5F : e9b948;
00F60 : f3b730;
00F61 : f79d2d;
00F62 : f1a748;
00F63 : db9a71;
00F64 : db8463;
00F65 : e3924e;
00F66 : db995c;
00F67 : dec375;
00F68 : a98c3d;
00F69 : e6952d;
00F6A : fba224;
00F6B : edac40;
00F6C : cfb35a;
00F6D : d5b03e;
00F6E : eba030;
00F6F : ec9b40;
00F70 : 76cb8c;
00F71 : 5bd097;
00F72 : 60d09a;
00F73 : 92d0af;
00F74 : d3d6c6;
00F75 : d5d9c9;
00F76 : c2cdba;
00F77 : 97be9b;
00F78 : b8cbb5;
00F79 : c3c2b6;
00F7A : c3ada8;
00F7B : c6a0a0;
00F7C : c4a3a1;
00F7D : 79b691;
00F7E : 4bc47d;
00F7F : 45bd79;
00F80 : 1f7836;
00F81 : 1b7133;
00F82 : 1d7635;
00F83 : 1f7735;
00F84 : 2b8238;
00F85 : 1d7637;
00F86 : 1e7636;
00F87 : 227838;
00F88 : 3a8e4c;
00F89 : 1f7b3c;
00F8A : 227f3c;
00F8B : 3e9138;
00F8C : 71a71c;
00F8D : 4b9628;
00F8E : 52972e;
00F8F : 4f9f3c;
00F90 : 489c3b;
00F91 : 6d9f1c;
00F92 : 91a80e;
00F93 : 7caf34;
00F94 : 2e8247;
00F95 : 0a5335;
00F96 : 176d3d;
00F97 : 156338;
00F98 : 2a7a41;
00F99 : 3a9757;
00F9A : 18714c;
00F9B : 0c6b51;
00F9C : 218549;
00F9D : 238e44;
00F9E : 228047;
00F9F : 4d9860;
00FA0 : 176343;
00FA1 : 40a566;
00FA2 : 87c265;
00FA3 : 80b957;
00FA4 : 316d3a;
00FA5 : 1d7142;
00FA6 : 1b6834;
00FA7 : 414b21;
00FA8 : 4e8336;
00FA9 : 546b1f;
00FAA : 909226;
00FAB : 2c2b1c;
00FAC : 17150e;
00FAD : 322315;
00FAE : 5d3d23;
00FAF : 694429;
00FB0 : 74492f;
00FB1 : 804f34;
00FB2 : 865137;
00FB3 : 8e553b;
00FB4 : 975b3f;
00FB5 : 9d6144;
00FB6 : a36547;
00FB7 : a76848;
00FB8 : ab6a4a;
00FB9 : b06e4e;
00FBA : b4704f;
00FBB : b77251;
00FBC : bf7c59;
00FBD : c27f5c;
00FBE : c27f5c;
00FBF : c4825f;
00FC0 : c68462;
00FC1 : c78663;
00FC2 : c5805d;
00FC3 : c6805e;
00FC4 : c88460;
00FC5 : c98560;
00FC6 : c98560;
00FC7 : c8845e;
00FC8 : c7825c;
00FC9 : c58058;
00FCA : c17d53;
00FCB : c17e54;
00FCC : bf7d53;
00FCD : bc7b51;
00FCE : b7794d;
00FCF : b4784b;
00FD0 : b27248;
00FD1 : 69432d;
00FD2 : 473926;
00FD3 : 57492c;
00FD4 : aa8f27;
00FD5 : e0c647;
00FD6 : ddc554;
00FD7 : dfd36c;
00FD8 : e0c860;
00FD9 : ecbd4e;
00FDA : e1b71e;
00FDB : dcb257;
00FDC : dbb32d;
00FDD : e4cb74;
00FDE : e0b77a;
00FDF : dfbc1c;
00FE0 : ecb30f;
00FE1 : fda229;
00FE2 : fda027;
00FE3 : e3a26b;
00FE4 : eb9c58;
00FE5 : f9b13f;
00FE6 : edad51;
00FE7 : dcb653;
00FE8 : d3a73f;
00FE9 : e4a333;
00FEA : fca727;
00FEB : e2ad44;
00FEC : babf59;
00FED : adbb3e;
00FEE : d9a632;
00FEF : b6b551;
00FF0 : 65ce8f;
00FF1 : 60cd98;
00FF2 : 9ed0af;
00FF3 : c7d1bf;
00FF4 : c4ccb9;
00FF5 : cad2c1;
00FF6 : c1cebb;
00FF7 : c5d1bf;
00FF8 : c1cebc;
00FF9 : c6c7ba;
00FFA : d0b7b4;
00FFB : b4aea0;
00FFC : 51b785;
00FFD : 4fcb8f;
00FFE : 4fc37d;
00FFF : 6ec988;
01000 : 1d7635;
01001 : 1c7435;
01002 : 1c7535;
01003 : 1d7736;
01004 : 1f7839;
01005 : 1e7639;
01006 : 1f7639;
01007 : 297d3d;
01008 : 358847;
01009 : 237d3d;
0100A : 1d7e3b;
0100B : 1f8239;
0100C : 5fa227;
0100D : 449227;
0100E : 479225;
0100F : 82a413;
01010 : 4f9423;
01011 : 5b9720;
01012 : 91a610;
01013 : 8ead25;
01014 : 45984a;
01015 : 084a30;
01016 : 0d4a35;
01017 : 033b2d;
01018 : 033f2e;
01019 : 16623f;
0101A : 197141;
0101B : 1c7943;
0101C : 1d8141;
0101D : 36a144;
0101E : 1e8a3d;
0101F : 478f4d;
01020 : 449262;
01021 : 47a863;
01022 : 69b762;
01023 : 93be5a;
01024 : 328141;
01025 : 478a47;
01026 : 378742;
01027 : 35582c;
01028 : 6c8c37;
01029 : 516c26;
0102A : 4d4b1e;
0102B : 242219;
0102C : 221a10;
0102D : 51351e;
0102E : 664328;
0102F : 6b452b;
01030 : 764a30;
01031 : 825035;
01032 : 8c553b;
01033 : 955b3f;
01034 : 995f42;
01035 : 9c6143;
01036 : a06345;
01037 : a46546;
01038 : a96848;
01039 : af6d4c;
0103A : b36f4d;
0103B : b67251;
0103C : bd7a58;
0103D : c27e5b;
0103E : c3815e;
0103F : c4825f;
01040 : c58361;
01041 : c68461;
01042 : c4805d;
01043 : c5805e;
01044 : c6825e;
01045 : c7825e;
01046 : c7835d;
01047 : c7835c;
01048 : c6825b;
01049 : c58159;
0104A : c38157;
0104B : c27f55;
0104C : c07e54;
0104D : be7c52;
0104E : b9794e;
0104F : b6784c;
01050 : b3754b;
01051 : 965e40;
01052 : 483321;
01053 : 524631;
01054 : 7a6c31;
01055 : dbc84c;
01056 : dfcc51;
01057 : ddc752;
01058 : deb633;
01059 : e6a33b;
0105A : dba21b;
0105B : d8a933;
0105C : dec344;
0105D : ddb473;
0105E : dbae87;
0105F : e2bd3a;
01060 : eeaf18;
01061 : fbab3d;
01062 : f8ab2b;
01063 : ddb545;
01064 : e8bc3a;
01065 : f7b72a;
01066 : ec9f34;
01067 : eda937;
01068 : e3b321;
01069 : f1a227;
0106A : ebb034;
0106B : dfb844;
0106C : d6bf38;
0106D : a09d29;
0106E : 808b3f;
0106F : 94cc61;
01070 : 7dd299;
01071 : 83d4a9;
01072 : add2b6;
01073 : c4d0bd;
01074 : cad1be;
01075 : c6cdbb;
01076 : c8d1c1;
01077 : bdcfb9;
01078 : becbb9;
01079 : b4c7b0;
0107A : 7fb88f;
0107B : 54ad77;
0107C : 38ab70;
0107D : 7eba6a;
0107E : 55b66c;
0107F : 94c28a;
01080 : 1e7735;
01081 : 227639;
01082 : 2c7e3e;
01083 : 1a7436;
01084 : 1b7537;
01085 : 1d7638;
01086 : 20763a;
01087 : 297c3e;
01088 : 2b8141;
01089 : 207a3b;
0108A : 20813e;
0108B : 278f45;
0108C : 44972f;
0108D : 42922b;
0108E : 569727;
0108F : 76a016;
01090 : 3c902e;
01091 : 56951e;
01092 : 90a50e;
01093 : 92a919;
01094 : 69a741;
01095 : 11603c;
01096 : 0d4e36;
01097 : 01392b;
01098 : 237b4f;
01099 : 34955a;
0109A : 39894d;
0109B : 298344;
0109C : 2a8b46;
0109D : 2a9642;
0109E : 1d8d3f;
0109F : 177839;
010A0 : 53aa63;
010A1 : 5bb36b;
010A2 : 5ab065;
010A3 : 97c25b;
010A4 : 44954c;
010A5 : 77a34f;
010A6 : 6a9f4f;
010A7 : 236933;
010A8 : 34752e;
010A9 : 3a5f2e;
010AA : 2f2d20;
010AB : 252116;
010AC : 3a2717;
010AD : 5d3d23;
010AE : 6b462b;
010AF : 6f472d;
010B0 : 784a30;
010B1 : 855337;
010B2 : 8c553a;
010B3 : 965d40;
010B4 : 965b3f;
010B5 : 995e41;
010B6 : 9e6043;
010B7 : a36446;
010B8 : a96949;
010B9 : af6d4c;
010BA : b37250;
010BB : b77553;
010BC : bc7957;
010BD : c27f5c;
010BE : c3815e;
010BF : c2805d;
010C0 : c2805d;
010C1 : c27f5d;
010C2 : c27c5a;
010C3 : c27b5a;
010C4 : c37e5b;
010C5 : c47f5c;
010C6 : c47e5a;
010C7 : c5815a;
010C8 : c6815b;
010C9 : c5815a;
010CA : c5845c;
010CB : c5845b;
010CC : c38159;
010CD : c28058;
010CE : be7e54;
010CF : b87a4e;
010D0 : b4764b;
010D1 : ab7048;
010D2 : 543622;
010D3 : 514530;
010D4 : 544b31;
010D5 : 938535;
010D6 : dab451;
010D7 : e0bc7b;
010D8 : e5c569;
010D9 : e39954;
010DA : dba434;
010DB : ddbd50;
010DC : eac361;
010DD : dcb274;
010DE : ddc45f;
010DF : e3b738;
010E0 : fc9a1c;
010E1 : fe9e2f;
010E2 : e6a73d;
010E3 : dcb900;
010E4 : ddba01;
010E5 : f1b519;
010E6 : f5ae25;
010E7 : f8a725;
010E8 : ddb824;
010E9 : d1b135;
010EA : d2c037;
010EB : e4b82b;
010EC : d8af1f;
010ED : 9b8d30;
010EE : a4ac31;
010EF : 9cd26a;
010F0 : 6ed199;
010F1 : 63cf9d;
010F2 : 67cd9e;
010F3 : 7ad1aa;
010F4 : 9ed7b4;
010F5 : c5d6c0;
010F6 : c5d9c0;
010F7 : 69bb84;
010F8 : a4c0a6;
010F9 : c0b6ad;
010FA : a1a995;
010FB : 62a172;
010FC : 41b071;
010FD : 5cb769;
010FE : 42af65;
010FF : 68c686;
01100 : 2b7f35;
01101 : 1e7535;
01102 : 2c7b37;
01103 : 2b7d3a;
01104 : 197336;
01105 : 1c7538;
01106 : 21783b;
01107 : 2c7f40;
01108 : 247d3d;
01109 : 217c3c;
0110A : 1f7e3d;
0110B : 2e9142;
0110C : 63a62c;
0110D : 4a962b;
0110E : 77a431;
0110F : 619f27;
01110 : 3a8f2e;
01111 : 599923;
01112 : 7baa30;
01113 : 6cae46;
01114 : 59b35f;
01115 : 24804e;
01116 : 023a2e;
01117 : 084532;
01118 : 207b4d;
01119 : 197948;
0111A : 368e4e;
0111B : 3c914f;
0111C : 267342;
0111D : 0f6739;
0111E : 18853e;
0111F : 1a783a;
01120 : 38a159;
01121 : 4bac5d;
01122 : 51ac62;
01123 : 64ae59;
01124 : 338a48;
01125 : 2e7a3c;
01126 : 39803d;
01127 : 3d8643;
01128 : 32732e;
01129 : 385327;
0112A : 2b271b;
0112B : 271e12;
0112C : 462f1b;
0112D : 5e3f25;
0112E : 6b442b;
0112F : 73472e;
01130 : 7b4c31;
01131 : 845136;
01132 : 8d563b;
01133 : 935b3f;
01134 : 955d40;
01135 : 9b6143;
01136 : 9f6345;
01137 : a26547;
01138 : a86849;
01139 : ae6d4d;
0113A : b57352;
0113B : b87654;
0113C : be7b58;
0113D : c07c59;
0113E : c27f5c;
0113F : c3825f;
01140 : c2805e;
01141 : c27d5c;
01142 : c27d5c;
01143 : c27c5b;
01144 : c4805e;
01145 : c68260;
01146 : c78360;
01147 : c6825e;
01148 : c7825e;
01149 : c88560;
0114A : c88861;
0114B : c7865e;
0114C : c7865f;
0114D : c78660;
0114E : c18159;
0114F : b9794f;
01150 : b5774d;
01151 : b1764c;
01152 : 6f492f;
01153 : 473928;
01154 : 5f543e;
01155 : 62512c;
01156 : c5955c;
01157 : e5c387;
01158 : e8cb8e;
01159 : e9c071;
0115A : e7ca7b;
0115B : e6c781;
0115C : ebd28b;
0115D : e4d487;
0115E : e3c744;
0115F : deaf38;
01160 : e6a625;
01161 : eead44;
01162 : e9b338;
01163 : debc01;
01164 : e0bc02;
01165 : e1a51b;
01166 : ecbf21;
01167 : eecc3a;
01168 : dac94b;
01169 : d5b63a;
0116A : d1b030;
0116B : db9829;
0116C : d5af1e;
0116D : cebc0a;
0116E : b7c320;
0116F : 83cf79;
01170 : 67d096;
01171 : 63ce9a;
01172 : 76d2a5;
01173 : 76d2ab;
01174 : 7bad8a;
01175 : b3ccaf;
01176 : 7fd49f;
01177 : 6ec087;
01178 : 50a66b;
01179 : 95ab93;
0117A : c3a6a5;
0117B : 86a082;
0117C : 43b071;
0117D : 4ec382;
0117E : 4cbd7b;
0117F : 6fcf91;
01180 : 6f9817;
01181 : 3a7d2b;
01182 : 2e7b38;
01183 : 2f803c;
01184 : 197437;
01185 : 1c7638;
01186 : 21783b;
01187 : 267c3d;
01188 : 247d3d;
01189 : 1f7b3b;
0118A : 1c7c39;
0118B : 1e8134;
0118C : 348d32;
0118D : 3c8f2c;
0118E : 68a232;
0118F : 34a252;
01190 : 31963c;
01191 : 469a33;
01192 : 4b8832;
01193 : 50a04d;
01194 : 4fa151;
01195 : 479f50;
01196 : 135a3a;
01197 : 064230;
01198 : 095138;
01199 : 0a5a3c;
0119A : 389d5b;
0119B : 207a47;
0119C : 327a45;
0119D : 378f4d;
0119E : 187847;
0119F : 0d6742;
011A0 : 17864e;
011A1 : 27a351;
011A2 : 369b52;
011A3 : 369359;
011A4 : 288245;
011A5 : 266a35;
011A6 : 2c6833;
011A7 : 388941;
011A8 : 337235;
011A9 : 2f371e;
011AA : 282518;
011AB : 261b10;
011AC : 462f1b;
011AD : 5c3c23;
011AE : 6c452c;
011AF : 794c32;
011B0 : 7c4d32;
011B1 : 855338;
011B2 : 8c573c;
011B3 : 8e573c;
011B4 : 945d40;
011B5 : 9a6144;
011B6 : 9f6446;
011B7 : 9e6044;
011B8 : a7684b;
011B9 : b07051;
011BA : b67556;
011BB : ba7a59;
011BC : bf7e5c;
011BD : c2805e;
011BE : c58463;
011BF : c27f5d;
011C0 : c2815f;
011C1 : c07d5c;
011C2 : c17e5d;
011C3 : c48160;
011C4 : c68362;
011C5 : c98766;
011C6 : c98968;
011C7 : ca8b6a;
011C8 : cb8b68;
011C9 : ca8965;
011CA : cb8c67;
011CB : ca8c67;
011CC : c88862;
011CD : c88661;
011CE : c4845e;
011CF : bd7d55;
011D0 : b97b51;
011D1 : b3784e;
011D2 : 845839;
011D3 : 483626;
011D4 : 5a503c;
011D5 : 5b4d30;
011D6 : b48b53;
011D7 : e9ce72;
011D8 : e7c687;
011D9 : e3ac48;
011DA : e0c74d;
011DB : e5cb71;
011DC : e4d77b;
011DD : dfd08a;
011DE : d09c7e;
011DF : dcb22f;
011E0 : deb120;
011E1 : eeb248;
011E2 : f6aa1f;
011E3 : d8bc00;
011E4 : e1ba02;
011E5 : b48124;
011E6 : d9b721;
011E7 : ecce36;
011E8 : e0d757;
011E9 : edb846;
011EA : f6a13a;
011EB : c59d34;
011EC : b1b752;
011ED : d7c61c;
011EE : adc339;
011EF : 70c87a;
011F0 : 5fc782;
011F1 : 63cd95;
011F2 : 7fd6ac;
011F3 : 70b18a;
011F4 : 92a886;
011F5 : a3cba9;
011F6 : 73cd95;
011F7 : 89b389;
011F8 : 349d56;
011F9 : 4eb778;
011FA : 81a784;
011FB : 3c9b60;
011FC : 3eae70;
011FD : 53c283;
011FE : 67cf97;
011FF : 7dd399;
01200 : 949f05;
01201 : 457f26;
01202 : 1a7438;
01203 : 2a8040;
01204 : 1f783b;
01205 : 1b7538;
01206 : 20773a;
01207 : 267b3c;
01208 : 247f39;
01209 : 3e9133;
0120A : 258036;
0120B : 228334;
0120C : 2c8a34;
0120D : 388c2b;
0120E : 6fa52f;
0120F : 60a869;
01210 : 89a67b;
01211 : 4fa251;
01212 : 27803c;
01213 : 1c7c4a;
01214 : 0f6239;
01215 : 094e32;
01216 : 094432;
01217 : 054232;
01218 : 08503a;
01219 : 0c5c3f;
0121A : 147040;
0121B : 146e48;
0121C : 479e54;
0121D : 75b75e;
0121E : 50a458;
0121F : 207449;
01220 : 198a50;
01221 : 28a452;
01222 : 229148;
01223 : 2a8152;
01224 : 277e46;
01225 : 1e7139;
01226 : 2f7639;
01227 : 3e8d43;
01228 : 457c3c;
01229 : 282d19;
0122A : 1f1a10;
0122B : 281c10;
0122C : 412a17;
0122D : 583921;
0122E : 6f482f;
0122F : 7a4d34;
01230 : 7e4f35;
01231 : 845339;
01232 : 8a553b;
01233 : 8d583d;
01234 : 925d41;
01235 : 976043;
01236 : 9e6648;
01237 : a0664a;
01238 : a76a4e;
01239 : af7052;
0123A : b67657;
0123B : bc7d5e;
0123C : c38667;
0123D : c78a6b;
0123E : c68868;
0123F : c48261;
01240 : c38160;
01241 : c38362;
01242 : c48565;
01243 : c7896b;
01244 : ca8f73;
01245 : cd9579;
01246 : ce9679;
01247 : cc9273;
01248 : cc8e6d;
01249 : cb8d68;
0124A : cb8d68;
0124B : cb8e69;
0124C : ca8b67;
0124D : c88763;
0124E : c78763;
0124F : c3835d;
01250 : be7f56;
01251 : b77c52;
01252 : 946341;
01253 : 563e2d;
01254 : 4e4230;
01255 : 584c33;
01256 : b29447;
01257 : ead576;
01258 : e2af5e;
01259 : d78426;
0125A : dcc951;
0125B : e3d15c;
0125C : e0cc55;
0125D : ddcb6a;
0125E : dcbb5d;
0125F : dcb025;
01260 : e1b911;
01261 : f2b229;
01262 : fd9e21;
01263 : f0a91a;
01264 : e1b40b;
01265 : d2ae1c;
01266 : d7b814;
01267 : cdba07;
01268 : d6d251;
01269 : d5cc4b;
0126A : dcc54c;
0126B : aaa444;
0126C : c1c460;
0126D : bcc642;
0126E : 74c066;
0126F : 62c37b;
01270 : 66c984;
01271 : 79c974;
01272 : 6cc27f;
01273 : 75b87a;
01274 : a8d7a8;
01275 : 8bd096;
01276 : 74c991;
01277 : bbafa1;
01278 : 78af85;
01279 : 4bc47d;
0127A : 44ae6c;
0127B : 34a569;
0127C : 4cba80;
0127D : 6cd097;
0127E : 6fd39d;
0127F : 6ece93;
01280 : 7b950c;
01281 : 589027;
01282 : 2c7e37;
01283 : 2d8342;
01284 : 277f40;
01285 : 1b7639;
01286 : 237a3c;
01287 : 2b8140;
01288 : 26843a;
01289 : 529e2b;
0128A : 459431;
0128B : 228537;
0128C : 2a8a35;
0128D : 409330;
0128E : 69a530;
0128F : 6fa768;
01290 : bb9f8c;
01291 : a4a38c;
01292 : 359a59;
01293 : 23894e;
01294 : 1a7847;
01295 : 105c3b;
01296 : 074c31;
01297 : 0c6a40;
01298 : 287a4d;
01299 : 176e4b;
0129A : 1b7948;
0129B : 3d9249;
0129C : 60ae50;
0129D : 6eb151;
0129E : 5eae5f;
0129F : 378c57;
012A0 : 2c975a;
012A1 : 33a455;
012A2 : 299650;
012A3 : 247d4e;
012A4 : 45924e;
012A5 : 4d9850;
012A6 : 428a44;
012A7 : 3d8a41;
012A8 : 3f6c33;
012A9 : 1b1c10;
012AA : 1b150d;
012AB : 281a0f;
012AC : 3e2815;
012AD : 55371f;
012AE : 6c452d;
012AF : 7a4d34;
012B0 : 805138;
012B1 : 835339;
012B2 : 8a563e;
012B3 : 8e5a40;
012B4 : 8f5c42;
012B5 : 905a40;
012B6 : 9e6549;
012B7 : a2694e;
012B8 : a86c50;
012B9 : ad6e52;
012BA : b37457;
012BB : ba7c5f;
012BC : c3886a;
012BD : c88d6f;
012BE : c78b6e;
012BF : c98f71;
012C0 : cb9274;
012C1 : cd9678;
012C2 : cb9578;
012C3 : cb987d;
012C4 : d09f88;
012C5 : cf9d84;
012C6 : ce9b81;
012C7 : cf977a;
012C8 : cf9475;
012C9 : cc8e6d;
012CA : c88966;
012CB : c98b67;
012CC : c88a67;
012CD : c98965;
012CE : c88864;
012CF : c4855f;
012D0 : c08259;
012D1 : bc8056;
012D2 : a16c48;
012D3 : 5a3f2d;
012D4 : 3f3223;
012D5 : 4b412f;
012D6 : 956d34;
012D7 : eebe5c;
012D8 : dfa946;
012D9 : e09b34;
012DA : e0c34c;
012DB : ddbe6e;
012DC : e4e387;
012DD : d7b37e;
012DE : d9af6c;
012DF : e1bb3c;
012E0 : e1bb02;
012E1 : f3ad15;
012E2 : ffab21;
012E3 : ff9527;
012E4 : e7b00d;
012E5 : ceaa1d;
012E6 : bfad1b;
012E7 : c8b50c;
012E8 : cfd257;
012E9 : cdc835;
012EA : bfb336;
012EB : cbc769;
012EC : dcdc7f;
012ED : a5c16b;
012EE : 5bb662;
012EF : 62bf72;
012F0 : 74c77c;
012F1 : 7ebe5e;
012F2 : 6ba356;
012F3 : 79ca80;
012F4 : 81d08b;
012F5 : 70ce87;
012F6 : 64cf92;
012F7 : 79c694;
012F8 : 6fcb97;
012F9 : 73d394;
012FA : 66bb7d;
012FB : 3aac75;
012FC : 54bc8f;
012FD : 69ce99;
012FE : 6cd29a;
012FF : 61c688;
01300 : 8f9d05;
01301 : 97a008;
01302 : 7a951a;
01303 : 2a7e3a;
01304 : 2b8343;
01305 : 288242;
01306 : 26823e;
01307 : 399943;
01308 : 369739;
01309 : 5ea22d;
0130A : 57a234;
0130B : 3f9735;
0130C : 2d8734;
0130D : 3a9438;
0130E : 5e9e2a;
0130F : 6ca359;
01310 : a7957f;
01311 : c8b0a5;
01312 : 4b9c63;
01313 : 37aa69;
01314 : 249054;
01315 : 259753;
01316 : 14723e;
01317 : 158349;
01318 : 247e4f;
01319 : 116943;
0131A : 157c45;
0131B : 3e9e4f;
0131C : 57ac52;
0131D : 6bb259;
0131E : 3ea75b;
0131F : 2f8f54;
01320 : 2a7852;
01321 : 2d935d;
01322 : 329c59;
01323 : 297b4f;
01324 : 5f9e55;
01325 : 319557;
01326 : 659f59;
01327 : 5a954e;
01328 : 3e5f30;
01329 : 14130a;
0132A : 1a150c;
0132B : 281b10;
0132C : 3e2816;
0132D : 583922;
0132E : 6b442c;
0132F : 794d34;
01330 : 7e5035;
01331 : 83543a;
01332 : 8e5c42;
01333 : 89573f;
01334 : 85563d;
01335 : 86563e;
01336 : 925e45;
01337 : 99634a;
01338 : a46b51;
01339 : ad7054;
0133A : b27357;
0133B : b77a5e;
0133C : c18568;
0133D : c68b6e;
0133E : c99274;
0133F : cc977c;
01340 : d1a087;
01341 : cd987c;
01342 : ce9d83;
01343 : cc9c82;
01344 : c6947c;
01345 : c39178;
01346 : ba886f;
01347 : a9755f;
01348 : 986652;
01349 : 93604b;
0134A : 9b644c;
0134B : ab7054;
0134C : bb7d5d;
0134D : bc7c5b;
0134E : c0805d;
0134F : c3845e;
01350 : c1835b;
01351 : be8259;
01352 : b67b52;
01353 : 724e37;
01354 : 3a2d1e;
01355 : 4d4433;
01356 : 937548;
01357 : ebaf48;
01358 : f0ba42;
01359 : ebc26b;
0135A : d7c045;
0135B : d8b15f;
0135C : dbb782;
0135D : d59a6b;
0135E : ddb854;
0135F : e1c319;
01360 : e8bb0e;
01361 : fda322;
01362 : feaa1f;
01363 : fa972e;
01364 : eebc29;
01365 : c2a032;
01366 : 969230;
01367 : 959035;
01368 : c9cc48;
01369 : bbbc32;
0136A : a3b748;
0136B : c2d787;
0136C : a3c854;
0136D : 8dbc33;
0136E : 80bd5e;
0136F : 6ebd6a;
01370 : 61ba5a;
01371 : 76c459;
01372 : 77c169;
01373 : 6fc87b;
01374 : 72c76f;
01375 : 7dc76c;
01376 : 60cc8c;
01377 : 5ace90;
01378 : 56cc8e;
01379 : 73cf8f;
0137A : 5ab476;
0137B : 32a980;
0137C : 3dae91;
0137D : 57c395;
0137E : 64cc8f;
0137F : 68cb8a;
01380 : 9fa100;
01381 : 8da112;
01382 : 478a34;
01383 : 227d3e;
01384 : 2a8341;
01385 : 298541;
01386 : 309240;
01387 : 48a743;
01388 : 3f9f3a;
01389 : 4fa43c;
0138A : 4da846;
0138B : 4c9d36;
0138C : 378b34;
0138D : 3a9941;
0138E : 6c9d1f;
0138F : 659f3b;
01390 : 708865;
01391 : 6a9167;
01392 : 2e8f4d;
01393 : 259452;
01394 : 35aa67;
01395 : 1a8445;
01396 : 14793d;
01397 : 19783c;
01398 : 217847;
01399 : 167243;
0139A : 218846;
0139B : 3aa053;
0139C : 4ca555;
0139D : 51ab58;
0139E : 2da158;
0139F : 27884e;
013A0 : 207248;
013A1 : 3f9457;
013A2 : 40a460;
013A3 : 328f5a;
013A4 : 30875d;
013A5 : 198b6a;
013A6 : 1f7d4d;
013A7 : 4c8a44;
013A8 : 486032;
013A9 : 131209;
013AA : 1a140c;
013AB : 25180d;
013AC : 432b19;
013AD : 5a3b24;
013AE : 69432b;
013AF : 714830;
013B0 : 744931;
013B1 : 7b4f37;
013B2 : 7a503a;
013B3 : 5d3c2c;
013B4 : 3e271c;
013B5 : 3a251b;
013B6 : 432b1f;
013B7 : 543627;
013B8 : 764b38;
013B9 : 8f5a44;
013BA : a2694f;
013BB : b4795d;
013BC : bd8064;
013BD : c08266;
013BE : c88e71;
013BF : c99174;
013C0 : cf9b81;
013C1 : ca9174;
013C2 : cd997d;
013C3 : c9987d;
013C4 : bf8c73;
013C5 : b6856e;
013C6 : 9c6b56;
013C7 : 835141;
013C8 : 6f4436;
013C9 : 5e3c2f;
013CA : 553428;
013CB : 5c392b;
013CC : 744a38;
013CD : 855541;
013CE : 9d654b;
013CF : b87957;
013D0 : c0815a;
013D1 : b87b53;
013D2 : bc8056;
013D3 : 885c3e;
013D4 : 3e2f1f;
013D5 : 544837;
013D6 : 8a7450;
013D7 : e9c680;
013D8 : eaa849;
013D9 : e3ad52;
013DA : cca924;
013DB : e3b839;
013DC : e2b02e;
013DD : e1bc1e;
013DE : e1bd23;
013DF : deb331;
013E0 : e9a528;
013E1 : ffa32c;
013E2 : fba226;
013E3 : e6b532;
013E4 : f1b032;
013E5 : f2a829;
013E6 : c3b01c;
013E7 : 758b31;
013E8 : becb42;
013E9 : a7b148;
013EA : a9b85d;
013EB : babc7f;
013EC : a2bc4c;
013ED : a2be49;
013EE : ae9c73;
013EF : 96a969;
013F0 : 75c758;
013F1 : 7cc85b;
013F2 : 7ac45d;
013F3 : 65c572;
013F4 : 54c36e;
013F5 : 57c171;
013F6 : 43b76f;
013F7 : 4fc482;
013F8 : 4ac786;
013F9 : 56bd78;
013FA : 73c18c;
013FB : 38b79b;
013FC : 52be96;
013FD : 56be8a;
013FE : 41af6f;
013FF : 61be7c;
01400 : 90a40e;
01401 : 8ba313;
01402 : 458c36;
01403 : 227d40;
01404 : 378f4a;
01405 : 4fa950;
01406 : 4ca846;
01407 : 52a945;
01408 : 309838;
01409 : 40a549;
0140A : 4daa4c;
0140B : 4da03d;
0140C : 3a8f38;
0140D : 1e873c;
0140E : 469231;
0140F : 7da019;
01410 : 2e803c;
01411 : 117537;
01412 : 289250;
01413 : 25924f;
01414 : 249853;
01415 : 148140;
01416 : 147c3c;
01417 : 197236;
01418 : 1b723c;
01419 : 1a7641;
0141A : 29813e;
0141B : 419c4b;
0141C : 429a4f;
0141D : 2ea052;
0141E : 2ba055;
0141F : 2d9553;
01420 : 0d513c;
01421 : 0f5a46;
01422 : 379458;
01423 : 39905e;
01424 : 197f68;
01425 : 1a8d6e;
01426 : 1d7d4d;
01427 : 227736;
01428 : 2e4a25;
01429 : 19170e;
0142A : 17110b;
0142B : 281a0e;
0142C : 4f331e;
0142D : 593a22;
0142E : 613e27;
0142F : 68422c;
01430 : 64402d;
01431 : 553828;
01432 : 3c291d;
01433 : 281b13;
01434 : 231710;
01435 : 261811;
01436 : 2f1d15;
01437 : 40291f;
01438 : 5c3a2b;
01439 : 754735;
0143A : 905c45;
0143B : a76d52;
0143C : b97b5f;
0143D : bf8164;
0143E : c38669;
0143F : c78c6f;
01440 : cc9376;
01441 : c88b6d;
01442 : c99074;
01443 : cb997f;
01444 : c6957b;
01445 : b47f65;
01446 : a7735b;
01447 : 9c6751;
01448 : 976752;
01449 : 7f5645;
0144A : 644234;
0144B : 4d3026;
0144C : 503125;
0144D : 5e3a2c;
0144E : 6b4231;
0144F : 81503a;
01450 : ab6f4e;
01451 : b87b53;
01452 : bb8156;
01453 : a5724c;
01454 : 412f1e;
01455 : 4b4130;
01456 : 84694a;
01457 : dfb37e;
01458 : d98d7a;
01459 : dba97b;
0145A : d69f81;
0145B : dd8878;
0145C : da8d6c;
0145D : d88d70;
0145E : ce9277;
0145F : d89969;
01460 : e3b022;
01461 : ebb718;
01462 : d98964;
01463 : d8aa53;
01464 : e8b73c;
01465 : faa81e;
01466 : ccac23;
01467 : cdce57;
01468 : ccc248;
01469 : c6c75c;
0146A : afc666;
0146B : c4c282;
0146C : a2aa72;
0146D : ba867d;
0146E : d6818e;
0146F : d07a81;
01470 : 93a550;
01471 : 7ac54c;
01472 : 83c862;
01473 : 73c771;
01474 : 62cd7d;
01475 : 39b78a;
01476 : 2fa885;
01477 : 33b18a;
01478 : 32b88f;
01479 : 43b47c;
0147A : 7dc390;
0147B : 53be96;
0147C : 5dc08c;
0147D : 33b59c;
0147E : 38ae84;
0147F : 6cbf87;
01480 : 72a932;
01481 : 87a61d;
01482 : 4a9442;
01483 : 329454;
01484 : 46ab5e;
01485 : 51b159;
01486 : 4ead4f;
01487 : 51ad4d;
01488 : 43a749;
01489 : 54a841;
0148A : 4aa748;
0148B : 40a64f;
0148C : 319240;
0148D : 198237;
0148E : 2f8836;
0148F : 7d9d16;
01490 : 37903d;
01491 : 14773a;
01492 : 177a3a;
01493 : 248d4a;
01494 : 1a783c;
01495 : 167036;
01496 : 157034;
01497 : 1a6f31;
01498 : 217535;
01499 : 15703c;
0149A : 176f34;
0149B : 318e40;
0149C : 319054;
0149D : 218b4d;
0149E : 27904a;
0149F : 25864a;
014A0 : 064232;
014A1 : 1b6c46;
014A2 : 23864b;
014A3 : 378757;
014A4 : 308764;
014A5 : 1e8a69;
014A6 : 1c7d4d;
014A7 : 277939;
014A8 : 2d4724;
014A9 : 1a180f;
014AA : 17120b;
014AB : 312012;
014AC : 553721;
014AD : 573823;
014AE : 573923;
014AF : 553724;
014B0 : 40291c;
014B1 : 2c1b13;
014B2 : 261911;
014B3 : 342319;
014B4 : 4d3326;
014B5 : 674634;
014B6 : 76513c;
014B7 : 764e39;
014B8 : 7b4f3b;
014B9 : 804f3b;
014BA : 8d5842;
014BB : a1674c;
014BC : b07155;
014BD : ba7a5c;
014BE : be7d60;
014BF : c28264;
014C0 : c98c6d;
014C1 : cd9273;
014C2 : ca9071;
014C3 : ca9275;
014C4 : c68d71;
014C5 : be8568;
014C6 : bd8163;
014C7 : ba7e5f;
014C8 : b88060;
014C9 : b68164;
014CA : b48265;
014CB : b18167;
014CC : a16f57;
014CD : 9c6951;
014CE : 99664e;
014CF : 7f4f3b;
014D0 : 89523a;
014D1 : b67a53;
014D2 : ba8156;
014D3 : b27e54;
014D4 : 4d3724;
014D5 : 483d2d;
014D6 : 81674c;
014D7 : d49580;
014D8 : d57380;
014D9 : e0ae8c;
014DA : eaa16b;
014DB : e28778;
014DC : d46a8c;
014DD : d57381;
014DE : d18c88;
014DF : dcaa3b;
014E0 : e2c913;
014E1 : dcb257;
014E2 : d17782;
014E3 : da9689;
014E4 : f5ca75;
014E5 : f4b52f;
014E6 : ad984f;
014E7 : d1d97c;
014E8 : e0d08e;
014E9 : dcb58f;
014EA : dad892;
014EB : bdcc81;
014EC : 88c55e;
014ED : b89a7a;
014EE : cd878e;
014EF : c46271;
014F0 : b5966d;
014F1 : 77c951;
014F2 : 76c45c;
014F3 : 73c86d;
014F4 : 60c978;
014F5 : 32b69b;
014F6 : 2db0a4;
014F7 : 2cb0a1;
014F8 : 34b992;
014F9 : 43b67a;
014FA : 7cc28c;
014FB : 75c78e;
014FC : 58b283;
014FD : 29b5a4;
014FE : 38b792;
014FF : 89cd91;
01500 : 5dad4f;
01501 : 6eab3f;
01502 : 459846;
01503 : 369e5a;
01504 : 45ad61;
01505 : 44af5b;
01506 : 44af5b;
01507 : 42ae5b;
01508 : 40ab56;
01509 : 34a44f;
0150A : 33a656;
0150B : 4cab54;
0150C : 50aa50;
0150D : 278c3d;
0150E : 2a8336;
0150F : 67911a;
01510 : 419539;
01511 : 13763a;
01512 : 157637;
01513 : 167839;
01514 : 187036;
01515 : 166d35;
01516 : 257538;
01517 : 267436;
01518 : 177135;
01519 : 16713b;
0151A : 12642e;
0151B : 1c6846;
0151C : 21796b;
0151D : 0f553f;
0151E : 196f35;
0151F : 1f7a44;
01520 : 0d4e32;
01521 : 237d43;
01522 : 217a45;
01523 : 1c7246;
01524 : 307a41;
01525 : 44944d;
01526 : 2a8545;
01527 : 2c7837;
01528 : 2b4923;
01529 : 1a1810;
0152A : 16110b;
0152B : 382515;
0152C : 563822;
0152D : 553822;
0152E : 4d331f;
0152F : 3a2417;
01530 : 321e14;
01531 : 3f271b;
01532 : 5d3d2b;
01533 : 86593f;
01534 : 9c694c;
01535 : a87253;
01536 : b07b58;
01537 : ac7756;
01538 : 9e694a;
01539 : 8e583f;
0153A : 89523b;
0153B : 92583f;
0153C : a66549;
0153D : b16f52;
0153E : b57355;
0153F : be7c5d;
01540 : c8896a;
01541 : cd8f6e;
01542 : ce9170;
01543 : c88868;
01544 : c38261;
01545 : c08261;
01546 : be8161;
01547 : ba7f5f;
01548 : ba815f;
01549 : bb8463;
0154A : c28b6a;
0154B : c89372;
0154C : ca9371;
0154D : c08563;
0154E : b67b5b;
0154F : aa6e50;
01550 : a2684a;
01551 : ac6f4d;
01552 : b87f55;
01553 : b68155;
01554 : 5f452f;
01555 : 453b2a;
01556 : 805b48;
01557 : d5747d;
01558 : d67282;
01559 : d9928f;
0155A : e2af7f;
0155B : d87877;
0155C : d46683;
0155D : d36173;
0155E : d57386;
0155F : d9a47a;
01560 : dbbf28;
01561 : dfb243;
01562 : d8a03f;
01563 : eace7c;
01564 : d5b680;
01565 : e3b857;
01566 : aa9675;
01567 : b2b452;
01568 : e5d988;
01569 : cfd676;
0156A : d6d38a;
0156B : d59186;
0156C : cb867a;
0156D : ca645f;
0156E : cd676f;
0156F : c55856;
01570 : d98772;
01571 : b2a878;
01572 : 7dcd68;
01573 : 72cb6f;
01574 : 5ec778;
01575 : 31b49f;
01576 : 2db1a4;
01577 : 3dc09c;
01578 : 44c697;
01579 : 42b18b;
0157A : 5eba92;
0157B : 6bc292;
0157C : 4bb392;
0157D : 2ab3a4;
0157E : 34b09d;
0157F : 66bd96;
01580 : 47a95d;
01581 : 3fa65b;
01582 : 2d914c;
01583 : 369e58;
01584 : 3ea75a;
01585 : 43ad59;
01586 : 39a855;
01587 : 37ac5d;
01588 : 3aac5f;
01589 : 3aad66;
0158A : 3dad64;
0158B : 56a947;
0158C : 69a93b;
0158D : 389038;
0158E : 328838;
0158F : 428127;
01590 : 549735;
01591 : 1a8242;
01592 : 167d3d;
01593 : 157b3a;
01594 : 177a3c;
01595 : 136d35;
01596 : 77a04e;
01597 : 89ab52;
01598 : 136732;
01599 : 146a36;
0159A : 337939;
0159B : 347254;
0159C : 17574b;
0159D : 104f33;
0159E : 21763b;
0159F : 145e37;
015A0 : 21743c;
015A1 : 20733a;
015A2 : 1e6f38;
015A3 : 318544;
015A4 : 2d813a;
015A5 : 48943e;
015A6 : 298743;
015A7 : 41803b;
015A8 : 3f5928;
015A9 : 15150d;
015AA : 140f09;
015AB : 3f2a19;
015AC : 583923;
015AD : 553722;
015AE : 482f1d;
015AF : 3e2719;
015B0 : 452b1d;
015B1 : 5e3c28;
015B2 : 7f4e36;
015B3 : 995f42;
015B4 : a86a4b;
015B5 : af7352;
015B6 : b57d5b;
015B7 : b88260;
015B8 : b98563;
015B9 : ac785b;
015BA : 905c43;
015BB : 7c4832;
015BC : 814933;
015BD : 874b34;
015BE : 9f5d42;
015BF : bc7a5a;
015C0 : c98b6a;
015C1 : cf9270;
015C2 : cd8b67;
015C3 : c47c5a;
015C4 : b77453;
015C5 : ac6b4d;
015C6 : aa6749;
015C7 : ab6a4a;
015C8 : b2714f;
015C9 : b77856;
015CA : bd8362;
015CB : c58e6e;
015CC : c8906e;
015CD : c38663;
015CE : ba7956;
015CF : b57654;
015D0 : a86d4e;
015D1 : a66848;
015D2 : b37750;
015D3 : b88357;
015D4 : 76583e;
015D5 : 554b37;
015D6 : 935d53;
015D7 : da6878;
015D8 : d56f7d;
015D9 : d99191;
015DA : d99687;
015DB : d56982;
015DC : d96e8c;
015DD : d6637d;
015DE : d97b8e;
015DF : da9784;
015E0 : d9ba36;
015E1 : d9c32a;
015E2 : d6c10a;
015E3 : e4ce6c;
015E4 : b4926c;
015E5 : ecc56b;
015E6 : c2ac80;
015E7 : bdb748;
015E8 : dcd047;
015E9 : b7c72c;
015EA : c9bc53;
015EB : e0c08a;
015EC : db8169;
015ED : c3322d;
015EE : c83e38;
015EF : ce352d;
015F0 : d1545b;
015F1 : d87b93;
015F2 : 9ab77b;
015F3 : 6bce79;
015F4 : 74d485;
015F5 : 49bc9e;
015F6 : 3cb996;
015F7 : 5acd93;
015F8 : 50c499;
015F9 : 3aad98;
015FA : 2fb09d;
015FB : 3eb39a;
015FC : 46af95;
015FD : 27b4a6;
015FE : 75ad84;
015FF : 53b08d;
01600 : 258c4b;
01601 : 27914c;
01602 : 29904b;
01603 : 349c50;
01604 : 379e52;
01605 : 369b50;
01606 : 41ab5b;
01607 : 34aa5d;
01608 : 3baf69;
01609 : 40b06b;
0160A : 46b069;
0160B : 4bab54;
0160C : 5fa943;
0160D : 43953b;
0160E : 348737;
0160F : 3b8738;
01610 : 267c35;
01611 : 1d8441;
01612 : 1c7938;
01613 : 0d7232;
01614 : 0d7f39;
01615 : 0f7939;
01616 : 7aa54d;
01617 : a2b652;
01618 : 28773a;
01619 : 16693a;
0161A : 307a3d;
0161B : 225b3d;
0161C : 073729;
0161D : 195d32;
0161E : 257439;
0161F : 0e4929;
01620 : 1c6830;
01621 : 246f2f;
01622 : 1c6831;
01623 : 1c6933;
01624 : 206b33;
01625 : 3b863b;
01626 : 237f3c;
01627 : 336f2b;
01628 : 3a531f;
01629 : 14150d;
0162A : 140f08;
0162B : 422e1a;
0162C : 593b25;
0162D : 553722;
0162E : 482e1c;
0162F : 42281a;
01630 : 4b2e1e;
01631 : 68402b;
01632 : 855138;
01633 : 9b5e41;
01634 : a36344;
01635 : ab6a48;
01636 : b17451;
01637 : b37a58;
01638 : b27958;
01639 : b47f61;
0163A : aa7b5f;
0163B : 885841;
0163C : 5b3423;
0163D : 5b2c1c;
0163E : 8c4c36;
0163F : af6c4f;
01640 : c17f5f;
01641 : ca8866;
01642 : c9815f;
01643 : be7553;
01644 : aa674a;
01645 : 9b593f;
01646 : 955035;
01647 : 925035;
01648 : 8d5137;
01649 : 955c40;
0164A : a86d4f;
0164B : b77b5d;
0164C : bf8160;
0164D : bf7e5b;
0164E : bb7956;
0164F : b77754;
01650 : ae714f;
01651 : b47754;
01652 : b67b54;
01653 : ba8559;
01654 : 8a6847;
01655 : 564934;
01656 : a0625d;
01657 : da7e8c;
01658 : d7858f;
01659 : d9958d;
0165A : d9918f;
0165B : d86d8c;
0165C : d66885;
0165D : d86f8d;
0165E : da7d92;
0165F : da9070;
01660 : e0c00f;
01661 : debb0b;
01662 : deba19;
01663 : ebc449;
01664 : d2ad6c;
01665 : efcb8b;
01666 : efd697;
01667 : d8c732;
01668 : dac722;
01669 : cec113;
0166A : dec36a;
0166B : eacca7;
0166C : ce7067;
0166D : ad3427;
0166E : c6352c;
0166F : ce3934;
01670 : d05259;
01671 : d68d98;
01672 : b4a191;
01673 : 6dce8c;
01674 : 5eca84;
01675 : 4dc182;
01676 : 4dc28d;
01677 : 37bc98;
01678 : 2ebca3;
01679 : 36af9f;
0167A : 2eb2a0;
0167B : 3fb99c;
0167C : 71c69d;
0167D : 60d1b3;
0167E : 45ba98;
0167F : 33ba9e;
01680 : 2c9150;
01681 : 1b7f3e;
01682 : 38964c;
01683 : 5fa748;
01684 : 419d44;
01685 : 278b40;
01686 : 4faa5f;
01687 : 3daf61;
01688 : 24a255;
01689 : 38ac64;
0168A : 3ba761;
0168B : 5baa4a;
0168C : 6eaa38;
0168D : 4e9c3d;
0168E : 3a8f3d;
0168F : 4a9e49;
01690 : 3d874a;
01691 : 60704b;
01692 : 5c9042;
01693 : 298e4b;
01694 : 12813e;
01695 : 118138;
01696 : 82af51;
01697 : aab850;
01698 : 396836;
01699 : 0a462f;
0169A : 165532;
0169B : 134a38;
0169C : 0c4028;
0169D : 1f6732;
0169E : 206a36;
0169F : 0c4626;
016A0 : 1c6127;
016A1 : 3b802f;
016A2 : 1b662f;
016A3 : 1a5f30;
016A4 : 185d35;
016A5 : 1e7043;
016A6 : 236f34;
016A7 : 2b6222;
016A8 : 344c1c;
016A9 : 16180f;
016AA : 161009;
016AB : 43301c;
016AC : 593d26;
016AD : 543722;
016AE : 4a301e;
016AF : 44291a;
016B0 : 4d2f1e;
016B1 : 6c422c;
016B2 : 7e4a33;
016B3 : 885037;
016B4 : 7d4932;
016B5 : 6e402c;
016B6 : 5e3928;
016B7 : 4f3326;
016B8 : 5d3b2a;
016B9 : 70432d;
016BA : 804f38;
016BB : 784b37;
016BC : 472518;
016BD : 4b2114;
016BE : 7a402c;
016BF : a36247;
016C0 : b97556;
016C1 : c37d5c;
016C2 : c67c5b;
016C3 : ba6f4e;
016C4 : ab6649;
016C5 : a16045;
016C6 : 874933;
016C7 : 633929;
016C8 : 37251d;
016C9 : 1c100b;
016CA : 382722;
016CB : 45281e;
016CC : 673b29;
016CD : 8e5035;
016CE : b06c4a;
016CF : b4734f;
016D0 : b47552;
016D1 : b57754;
016D2 : ba7e57;
016D3 : bb855a;
016D4 : 96714e;
016D5 : 62523b;
016D6 : b46767;
016D7 : d87381;
016D8 : d7959c;
016D9 : d9988a;
016DA : d87c8e;
016DB : d76b8b;
016DC : d76782;
016DD : d86f8b;
016DE : d97d96;
016DF : dba94a;
016E0 : dfc40b;
016E1 : e2c027;
016E2 : e6bb40;
016E3 : efcb66;
016E4 : efd487;
016E5 : eedb8f;
016E6 : ebd78e;
016E7 : d4c221;
016E8 : d7c623;
016E9 : d3c11e;
016EA : edda9e;
016EB : e8b7a6;
016EC : c1666f;
016ED : be3d37;
016EE : c9362e;
016EF : d03d3a;
016F0 : d0535c;
016F1 : d07e8e;
016F2 : d07d93;
016F3 : a79f90;
016F4 : 69c78c;
016F5 : 67c681;
016F6 : 49c297;
016F7 : 22bca8;
016F8 : 29b5a5;
016F9 : 2db2a4;
016FA : 2bb4a4;
016FB : 5bc69b;
016FC : 87ce93;
016FD : 63cda0;
016FE : 5fc499;
016FF : 31bda3;
01700 : 3dac65;
01701 : 38a158;
01702 : 3a9347;
01703 : 42a049;
01704 : 15893f;
01705 : 318943;
01706 : 96ba72;
01707 : 5bb05b;
01708 : 38a85a;
01709 : 31a75e;
0170A : 278c4c;
0170B : 278238;
0170C : 3c913c;
0170D : 2d8938;
0170E : 3e8b3d;
0170F : 54a656;
01710 : 628c58;
01711 : b2535f;
01712 : 957469;
01713 : 43a66b;
01714 : 2b9857;
01715 : 508152;
01716 : 69a454;
01717 : 96b04c;
01718 : 347a36;
01719 : 0e4c2b;
0171A : 0c4032;
0171B : 104637;
0171C : 18542e;
0171D : 145a3c;
0171E : 145936;
0171F : 15572b;
01720 : 1b5327;
01721 : 185f2a;
01722 : 196031;
01723 : 195b30;
01724 : 185b3b;
01725 : 1c6341;
01726 : 205c29;
01727 : 2e5d1a;
01728 : 405217;
01729 : 1c1e11;
0172A : 19130b;
0172B : 45311c;
0172C : 583a24;
0172D : 5a3923;
0172E : 593824;
0172F : 492d1d;
01730 : 4f301e;
01731 : 653c28;
01732 : 543020;
01733 : 331b12;
01734 : 36251d;
01735 : 15100e;
01736 : 0f0f0e;
01737 : 353837;
01738 : 69685d;
01739 : 716353;
0173A : 401f15;
0173B : 552f20;
0173C : 472517;
0173D : 4f2417;
0173E : 763e2b;
0173F : 9b5a40;
01740 : b36d4f;
01741 : be7555;
01742 : c47a59;
01743 : bb7150;
01744 : b06849;
01745 : ab6b4e;
01746 : 824832;
01747 : 7e5f4d;
01748 : 574a41;
01749 : 160f0d;
0174A : 322d2c;
0174B : 45352f;
0174C : 735447;
0174D : 411b12;
0174E : 612c1a;
0174F : 9b5a3b;
01750 : b77854;
01751 : bd815c;
01752 : bb7f57;
01753 : bb8458;
01754 : a07853;
01755 : 735c43;
01756 : c26061;
01757 : d86473;
01758 : d6878d;
01759 : dba28c;
0175A : d97c90;
0175B : d97091;
0175C : d8708f;
0175D : d86f90;
0175E : d98586;
0175F : e0c320;
01760 : dcc317;
01761 : e2c34e;
01762 : efc35b;
01763 : e2c171;
01764 : e6d282;
01765 : c8c118;
01766 : e2d585;
01767 : eed986;
01768 : d4ca39;
01769 : cdc52d;
0176A : ecda9e;
0176B : e4c4a2;
0176C : c0635a;
0176D : c23d39;
0176E : cd3731;
0176F : ce3a35;
01770 : ca3b38;
01771 : d46e7b;
01772 : c28d90;
01773 : ab918b;
01774 : 9fc29e;
01775 : 77d093;
01776 : 3dbf99;
01777 : 26bca8;
01778 : 2db6a6;
01779 : 2db5a7;
0177A : 2ab3a6;
0177B : 34b29c;
0177C : 5aaa88;
0177D : 49ac8a;
0177E : 66c18b;
0177F : 7db778;
01780 : 40a558;
01781 : 4aa451;
01782 : 4c9a43;
01783 : 289746;
01784 : 198c42;
01785 : 0d7535;
01786 : 5a9b45;
01787 : 8cb337;
01788 : 70af44;
01789 : 39a656;
0178A : 379e4e;
0178B : 25883f;
0178C : 27833d;
0178D : 0d712f;
0178E : 478a5a;
0178F : 93ae97;
01790 : 8b8a76;
01791 : a14a52;
01792 : a56c6e;
01793 : 649a6f;
01794 : 688563;
01795 : a06264;
01796 : 478f54;
01797 : 76a84d;
01798 : 3b8433;
01799 : 216f2d;
0179A : 0c3f2e;
0179B : 0b3c2a;
0179C : 165836;
0179D : 145e47;
0179E : 145a3f;
0179F : 104f2f;
017A0 : 164226;
017A1 : 1d5a30;
017A2 : 1a5b38;
017A3 : 1b5a35;
017A4 : 1a5837;
017A5 : 1d5d37;
017A6 : 1d5825;
017A7 : 325d16;
017A8 : 565e14;
017A9 : 232413;
017AA : 20190e;
017AB : 46311c;
017AC : 563a23;
017AD : 613c25;
017AE : 744a31;
017AF : 5d3b26;
017B0 : 563421;
017B1 : 4f2e1e;
017B2 : 30190f;
017B3 : 412419;
017B4 : 563629;
017B5 : 4c3024;
017B6 : 523429;
017B7 : 6a4536;
017B8 : 805440;
017B9 : 855642;
017BA : 794c39;
017BB : 653e2c;
017BC : 542d1d;
017BD : 5f3021;
017BE : 753e2b;
017BF : 98573f;
017C0 : ae674a;
017C1 : bb7152;
017C2 : c07656;
017C3 : be7354;
017C4 : af6547;
017C5 : a86347;
017C6 : 9e5e45;
017C7 : 91543e;
017C8 : 844c39;
017C9 : 734433;
017CA : 734838;
017CB : 88553f;
017CC : 98583f;
017CD : 935138;
017CE : 8b4e35;
017CF : 854830;
017D0 : a05f40;
017D1 : ad6a45;
017D2 : b5754d;
017D3 : bc855b;
017D4 : a37954;
017D5 : 755b3e;
017D6 : d07e51;
017D7 : dc6965;
017D8 : d88789;
017D9 : d6737b;
017DA : d86c88;
017DB : d97191;
017DC : d97391;
017DD : d97394;
017DE : dd938e;
017DF : e4be85;
017E0 : e0b67b;
017E1 : e2bb83;
017E2 : f5ca70;
017E3 : e4c070;
017E4 : e7c597;
017E5 : d7b053;
017E6 : dccc64;
017E7 : f3dea8;
017E8 : cfcf68;
017E9 : c9ce53;
017EA : c5d26c;
017EB : 93c374;
017EC : a15c46;
017ED : c03f3e;
017EE : c63d38;
017EF : cc3d39;
017F0 : c93a37;
017F1 : d06b66;
017F2 : a0c695;
017F3 : 42c0a1;
017F4 : 42be9b;
017F5 : 6ace9a;
017F6 : 3dc1a2;
017F7 : 22b8a7;
017F8 : 22b5a6;
017F9 : 2cb3a5;
017FA : 44b4a1;
017FB : 56b8a1;
017FC : a0be94;
017FD : 9ec396;
017FE : 8fcb91;
017FF : b4b763;
01800 : 59af5a;
01801 : 40a350;
01802 : 59ab50;
01803 : 32a657;
01804 : 178540;
01805 : 408f43;
01806 : 82aa3d;
01807 : 98ae1a;
01808 : 88b138;
01809 : 4baa53;
0180A : 4faa50;
0180B : 509f30;
0180C : 64a328;
0180D : 559a2e;
0180E : 65994c;
0180F : 92ac98;
01810 : 82786b;
01811 : 631a1b;
01812 : 976262;
01813 : 9a7d74;
01814 : 9d585c;
01815 : 8f6158;
01816 : 449454;
01817 : 5a9e48;
01818 : 4c8438;
01819 : 0e4a27;
0181A : 073023;
0181B : 0a3e23;
0181C : 18633a;
0181D : 286446;
0181E : 276245;
0181F : 215c3e;
01820 : 1c4b2c;
01821 : 1a552e;
01822 : 185539;
01823 : 195531;
01824 : 1b552e;
01825 : 1c572b;
01826 : 1a5423;
01827 : 2f5c18;
01828 : 5e6112;
01829 : 282713;
0182A : 231d10;
0182B : 44311c;
0182C : 533821;
0182D : 654028;
0182E : 764b31;
0182F : 6d462f;
01830 : 52321f;
01831 : 5a3523;
01832 : 6e412c;
01833 : 76452f;
01834 : 79452e;
01835 : 864c33;
01836 : 92543b;
01837 : 9b5c42;
01838 : 9b6048;
01839 : 925b46;
0183A : 764533;
0183B : 6b3c2a;
0183C : 703f2c;
0183D : 693928;
0183E : 733d2b;
0183F : 94523c;
01840 : b0694e;
01841 : bc7254;
01842 : c07557;
01843 : bf7557;
01844 : bf7457;
01845 : b46a4d;
01846 : a56046;
01847 : a5634b;
01848 : a8634c;
01849 : ad684d;
0184A : b8775a;
0184B : bc7a5a;
0184C : bc7756;
0184D : bd7855;
0184E : b97451;
0184F : b3704e;
01850 : ab6a47;
01851 : ad6a44;
01852 : b47249;
01853 : ba8057;
01854 : ac7f59;
01855 : 745740;
01856 : c55c3f;
01857 : df6f62;
01858 : d68791;
01859 : d96e7f;
0185A : d76379;
0185B : d97293;
0185C : da7493;
0185D : d55665;
0185E : d6605e;
0185F : db9091;
01860 : db9c9c;
01861 : dca897;
01862 : f5b969;
01863 : f5cd70;
01864 : e6b9a2;
01865 : db9092;
01866 : e4ca8b;
01867 : e0cb75;
01868 : d9c82a;
01869 : c3c317;
0186A : b7c828;
0186B : 97b04f;
0186C : a8564d;
0186D : b44c4c;
0186E : bc4541;
0186F : c13f3b;
01870 : c2473e;
01871 : b19a7a;
01872 : 58c19a;
01873 : 1db7a6;
01874 : 31ae99;
01875 : 47be94;
01876 : 3ec19f;
01877 : 3db6a6;
01878 : 8ac9ab;
01879 : ccd8b3;
0187A : e0ddb4;
0187B : c7d7b0;
0187C : b4d2aa;
0187D : b6d5a0;
0187E : c6d99c;
0187F : d9d79d;
01880 : 40b067;
01881 : 4ea64b;
01882 : 3ba156;
01883 : 249046;
01884 : 228440;
01885 : 94b13c;
01886 : 8dae20;
01887 : 8baa17;
01888 : 7fad33;
01889 : 4fab56;
0188A : 409740;
0188B : 5b9428;
0188C : 98ac42;
0188D : 98ad3c;
0188E : 8ea639;
0188F : 90a990;
01890 : 898e7d;
01891 : 5a1616;
01892 : 7b4142;
01893 : a36166;
01894 : 9e555b;
01895 : 9c7f73;
01896 : 8f9675;
01897 : 58964e;
01898 : 6a9141;
01899 : 073822;
0189A : 002920;
0189B : 184925;
0189C : 427a35;
0189D : 2d6744;
0189E : 1a5941;
0189F : 1c593d;
018A0 : 366037;
018A1 : 1c542b;
018A2 : 1c5636;
018A3 : 1b542e;
018A4 : 1c5427;
018A5 : 1c5321;
018A6 : 1c5b29;
018A7 : 39641a;
018A8 : 575710;
018A9 : 222112;
018AA : 282011;
018AB : 45321c;
018AC : 573c25;
018AD : 643f28;
018AE : 6d442c;
018AF : 683f29;
018B0 : 71452f;
018B1 : 784831;
018B2 : 794731;
018B3 : 77442e;
018B4 : 7d472f;
018B5 : 8c5035;
018B6 : 97583e;
018B7 : 995c44;
018B8 : 8d543e;
018B9 : 844c39;
018BA : 864e3a;
018BB : 844d38;
018BC : 7d4a35;
018BD : 6c3c2b;
018BE : 743f2d;
018BF : 95543e;
018C0 : ae674c;
018C1 : bc7254;
018C2 : c2795b;
018C3 : c1785a;
018C4 : bf7457;
018C5 : c2785a;
018C6 : bc7052;
018C7 : b36b4f;
018C8 : b06a50;
018C9 : b26f54;
018CA : b57559;
018CB : b47354;
018CC : b1694b;
018CD : af6748;
018CE : af6848;
018CF : b16b49;
018D0 : b6744f;
018D1 : be7e58;
018D2 : bc7b54;
018D3 : ba7f57;
018D4 : b2835d;
018D5 : 785b44;
018D6 : bf6543;
018D7 : e18074;
018D8 : d79198;
018D9 : da7890;
018DA : d8687e;
018DB : da7596;
018DC : d86276;
018DD : d13531;
018DE : cf3331;
018DF : d04e5a;
018E0 : d77d90;
018E1 : dfaa96;
018E2 : f6c771;
018E3 : e2c776;
018E4 : e4b29e;
018E5 : e0aca1;
018E6 : db92a0;
018E7 : d88990;
018E8 : d6b336;
018E9 : bfc30d;
018EA : a9a310;
018EB : 9faf42;
018EC : 9e6153;
018ED : ab5255;
018EE : b25c57;
018EF : a27856;
018F0 : 7ea369;
018F1 : 66cf89;
018F2 : 30be98;
018F3 : 2ca090;
018F4 : 3fa48b;
018F5 : 4bc296;
018F6 : 9bd3a1;
018F7 : e1deb1;
018F8 : d3dead;
018F9 : 91c79e;
018FA : 59c29d;
018FB : 3fbb91;
018FC : 41c18e;
018FD : 4ec87b;
018FE : 5cc776;
018FF : 68b35a;
01900 : 43b067;
01901 : 57a548;
01902 : 2c8f46;
01903 : 2b8c3c;
01904 : 25823b;
01905 : 569731;
01906 : 459036;
01907 : 619c29;
01908 : 5ea532;
01909 : 3f9945;
0190A : 2a8532;
0190B : 428d32;
0190C : 8fad8a;
0190D : 9baf96;
0190E : 95ab8c;
0190F : 92a78f;
01910 : 98a690;
01911 : 875b56;
01912 : 5f1617;
01913 : 88494d;
01914 : a0807c;
01915 : a09284;
01916 : a18c79;
01917 : 81976a;
01918 : 719741;
01919 : 365d32;
0191A : 20442b;
0191B : 547831;
0191C : 2f712d;
0191D : 125b3f;
0191E : 175741;
0191F : 16563d;
01920 : 2b5932;
01921 : 1f572f;
01922 : 1b583c;
01923 : 1c532b;
01924 : 19501e;
01925 : 1d511d;
01926 : 1c5d34;
01927 : 2b6033;
01928 : 3d4820;
01929 : 292414;
0192A : 2c2414;
0192B : 46331d;
0192C : 583d26;
0192D : 664029;
0192E : 69412b;
0192F : 71452e;
01930 : 7d4b34;
01931 : 7b4832;
01932 : 7d4630;
01933 : 824731;
01934 : 92533a;
01935 : 9c5b41;
01936 : a36248;
01937 : 9f6047;
01938 : 9c5d45;
01939 : 9c5c46;
0193A : 965a44;
0193B : 8f5842;
0193C : 7a4935;
0193D : 653626;
0193E : 744130;
0193F : 945540;
01940 : af6a50;
01941 : be785c;
01942 : c2795d;
01943 : c58063;
01944 : c1785c;
01945 : c37b5e;
01946 : c98265;
01947 : c98064;
01948 : c47b61;
01949 : bd745a;
0194A : ba7155;
0194B : b97254;
0194C : b76d4f;
0194D : b66c4d;
0194E : b96e4e;
0194F : bc7351;
01950 : bb7752;
01951 : bb7953;
01952 : c0815b;
01953 : bc815a;
01954 : b6855f;
01955 : 8c6a4f;
01956 : c56f47;
01957 : da7769;
01958 : dc9990;
01959 : da7790;
0195A : d6606e;
0195B : da738f;
0195C : d55059;
0195D : d03531;
0195E : ce3734;
0195F : d04852;
01960 : db9198;
01961 : e6cca4;
01962 : efc985;
01963 : e2a753;
01964 : f0bb8a;
01965 : df949d;
01966 : db7f9e;
01967 : da7a9e;
01968 : d87d94;
01969 : a9a65b;
0196A : 96a53c;
0196B : b1c761;
0196C : a7b96a;
0196D : 9e9e6d;
0196E : 94936d;
0196F : 70af72;
01970 : 5ac37d;
01971 : 77cc86;
01972 : 4cbb8c;
01973 : 44ab7b;
01974 : 76cf9b;
01975 : d3dea8;
01976 : b6cead;
01977 : 8ac294;
01978 : 84cb75;
01979 : 9ac95e;
0197A : 88cb71;
0197B : 70b979;
0197C : 6cd290;
0197D : 52c97d;
0197E : 48ba6e;
0197F : 64ac54;
01980 : 55af5c;
01981 : 4fa24a;
01982 : 21853d;
01983 : 25863a;
01984 : 177937;
01985 : 157635;
01986 : 16773a;
01987 : 197939;
01988 : 358d36;
01989 : 5aa53f;
0198A : 50a246;
0198B : 3da247;
0198C : 58a563;
0198D : a0b196;
0198E : 94ab95;
0198F : 90a691;
01990 : 8fa38d;
01991 : a0968b;
01992 : 88504e;
01993 : 7d2d34;
01994 : a17d7a;
01995 : a28a80;
01996 : ac9084;
01997 : 567648;
01998 : 1d6022;
01999 : 869145;
0199A : 7b9441;
0199B : 226d28;
0199C : 1d6628;
0199D : 285f3a;
0199E : 155642;
0199F : 2b5839;
019A0 : 455f31;
019A1 : 42592a;
019A2 : 6c622e;
019A3 : 21532c;
019A4 : 19501f;
019A5 : 1f541f;
019A6 : 1a5938;
019A7 : 225e42;
019A8 : 30452c;
019A9 : 362415;
019AA : 362c1a;
019AB : 46331d;
019AC : 563a24;
019AD : 5d3a25;
019AE : 633d28;
019AF : 70442e;
019B0 : 7f4b35;
019B1 : 8d513b;
019B2 : 9f5c43;
019B3 : ad664c;
019B4 : b36b51;
019B5 : b36d53;
019B6 : b67459;
019B7 : b57258;
019B8 : b57359;
019B9 : a7664d;
019BA : 9c5f48;
019BB : 8d5641;
019BC : 663929;
019BD : 5a2f20;
019BE : 6d3c2c;
019BF : 8d513d;
019C0 : af6f55;
019C1 : c58469;
019C2 : c68165;
019C3 : c58063;
019C4 : c47e61;
019C5 : c57e63;
019C6 : cc876a;
019C7 : d29074;
019C8 : cd8b70;
019C9 : cb896f;
019CA : cb896f;
019CB : c88366;
019CC : c88163;
019CD : c98060;
019CE : cb8262;
019CF : c77f5e;
019D0 : c47f5c;
019D1 : c1815c;
019D2 : c1835e;
019D3 : c0855f;
019D4 : b7835d;
019D5 : a97052;
019D6 : cd745d;
019D7 : da8d7c;
019D8 : e3d5a8;
019D9 : dc8494;
019DA : d65a67;
019DB : da718e;
019DC : d65460;
019DD : cf342f;
019DE : cd3937;
019DF : d76a7e;
019E0 : d88c97;
019E1 : edd1b0;
019E2 : e8bc88;
019E3 : fca933;
019E4 : f7bb70;
019E5 : dc929b;
019E6 : dc839d;
019E7 : d87999;
019E8 : da7b9c;
019E9 : ce8093;
019EA : c2ad58;
019EB : cacb32;
019EC : d2d13a;
019ED : dce484;
019EE : 79d078;
019EF : 5fc779;
019F0 : 65c07c;
019F1 : 74b477;
019F2 : 9ecd76;
019F3 : bfd074;
019F4 : c9d2a2;
019F5 : c1c764;
019F6 : 58b894;
019F7 : 61b996;
019F8 : 8fc566;
019F9 : 99bf4d;
019FA : d1c337;
019FB : c7c142;
019FC : 7cd18a;
019FD : 62d094;
019FE : 54bc72;
019FF : 4e9f5c;
01A00 : 5caf55;
01A01 : 30984b;
01A02 : 1a7e39;
01A03 : 1f813b;
01A04 : 1a7a39;
01A05 : 167537;
01A06 : 19793a;
01A07 : 1a7a3b;
01A08 : 197739;
01A09 : 2e8136;
01A0A : 62a140;
01A0B : 47a34c;
01A0C : 61a144;
01A0D : 6f9862;
01A0E : 87a58c;
01A0F : 90a791;
01A10 : 8ba38c;
01A11 : 979a8a;
01A12 : 8b5d5a;
01A13 : 793a3c;
01A14 : 9f807b;
01A15 : a48d83;
01A16 : a28379;
01A17 : 9e9d7c;
01A18 : 446746;
01A19 : 788744;
01A1A : 658041;
01A1B : 124926;
01A1C : 4f5520;
01A1D : a67026;
01A1E : 565c2d;
01A1F : 956522;
01A20 : 97651e;
01A21 : 94611c;
01A22 : 906622;
01A23 : 1d5636;
01A24 : 19562f;
01A25 : 1f5421;
01A26 : 1a5a3b;
01A27 : 216045;
01A28 : 2b543e;
01A29 : 3d2418;
01A2A : 3c301d;
01A2B : 48341e;
01A2C : 533822;
01A2D : 583723;
01A2E : 613c28;
01A2F : 724530;
01A30 : 824d37;
01A31 : 92543c;
01A32 : aa674c;
01A33 : b57155;
01A34 : b9755b;
01A35 : ba765d;
01A36 : bd7d64;
01A37 : bd7d64;
01A38 : be8169;
01A39 : b67c64;
01A3A : 985d47;
01A3B : 703f2f;
01A3C : 603527;
01A3D : 562c1e;
01A3E : 663828;
01A3F : 8a503d;
01A40 : af6f56;
01A41 : c5866b;
01A42 : cc8c71;
01A43 : c9876b;
01A44 : c68165;
01A45 : c27b60;
01A46 : bd7258;
01A47 : c57e64;
01A48 : ce9076;
01A49 : ce9076;
01A4A : d1957c;
01A4B : d1957a;
01A4C : d09176;
01A4D : cf8e71;
01A4E : ce896a;
01A4F : cc8566;
01A50 : ca8463;
01A51 : c78562;
01A52 : c48762;
01A53 : c18660;
01A54 : b8805a;
01A55 : c07b5a;
01A56 : d27c6a;
01A57 : db9c83;
01A58 : dba27c;
01A59 : da676d;
01A5A : d6626e;
01A5B : d97593;
01A5C : dc7e9b;
01A5D : d76677;
01A5E : d76878;
01A5F : de8a97;
01A60 : e6b6a2;
01A61 : f2d5b5;
01A62 : e9c99d;
01A63 : f2cd89;
01A64 : ecbf99;
01A65 : de9496;
01A66 : e08d9e;
01A67 : d87d9c;
01A68 : d97f9a;
01A69 : cd8195;
01A6A : d27c9a;
01A6B : c9a17a;
01A6C : d1c651;
01A6D : e4e590;
01A6E : 81cd79;
01A6F : 61bd6d;
01A70 : 61ba78;
01A71 : 7dc66c;
01A72 : c5d285;
01A73 : 9ecaad;
01A74 : 33b1a7;
01A75 : 2eb79b;
01A76 : 39b19d;
01A77 : 8ab78c;
01A78 : c1cd87;
01A79 : 66b770;
01A7A : 7ac478;
01A7B : 62b46f;
01A7C : 49b177;
01A7D : 53ac7c;
01A7E : 54a973;
01A7F : 43a16a;
01A80 : 45ab5f;
01A81 : 2e9a4f;
01A82 : 1a7d3b;
01A83 : 197839;
01A84 : 177637;
01A85 : 197b3c;
01A86 : 18773a;
01A87 : 19783b;
01A88 : 19773a;
01A89 : 117235;
01A8A : 338d3d;
01A8B : 308941;
01A8C : 1b7535;
01A8D : 2d824a;
01A8E : 83a584;
01A8F : 8fa590;
01A90 : 89a18a;
01A91 : 909884;
01A92 : a08983;
01A93 : a1857f;
01A94 : 9d7271;
01A95 : a17f79;
01A96 : b19d8e;
01A97 : 8d866e;
01A98 : 23532e;
01A99 : 3f7730;
01A9A : 285f2d;
01A9B : 052b1e;
01A9C : 384b1e;
01A9D : 92681e;
01A9E : 916019;
01A9F : a5671e;
01AA0 : 99671f;
01AA1 : a9671e;
01AA2 : 4e5a2d;
01AA3 : 1a5638;
01AA4 : 26582a;
01AA5 : 1f5524;
01AA6 : 1c5d3f;
01AA7 : 1f6347;
01AA8 : 245e45;
01AA9 : 402a1d;
01AAA : 422617;
01AAB : 4b3620;
01AAC : 4e331e;
01AAD : 593924;
01AAE : 67402d;
01AAF : 734431;
01AB0 : 88513b;
01AB1 : 9f5f47;
01AB2 : ad6b50;
01AB3 : b67358;
01AB4 : bb785d;
01AB5 : c07d65;
01AB6 : c07f67;
01AB7 : c2856e;
01AB8 : c28c74;
01AB9 : ba8771;
01ABA : 7d4636;
01ABB : 743f2f;
01ABC : 824e3d;
01ABD : 6d3e2e;
01ABE : 67392a;
01ABF : 874f3d;
01AC0 : b17259;
01AC1 : c78d73;
01AC2 : d4a089;
01AC3 : d09277;
01AC4 : c78368;
01AC5 : c68066;
01AC6 : c1785e;
01AC7 : bc6f57;
01AC8 : c07861;
01AC9 : c17b62;
01ACA : cb8d74;
01ACB : d4a088;
01ACC : d59f89;
01ACD : d49d84;
01ACE : d4977b;
01ACF : d39174;
01AD0 : d08c6d;
01AD1 : cb8967;
01AD2 : c58863;
01AD3 : c18661;
01AD4 : b9815b;
01AD5 : c07a5a;
01AD6 : d7946f;
01AD7 : de7858;
01AD8 : da606a;
01AD9 : db7081;
01ADA : d76977;
01ADB : da7796;
01ADC : da83a1;
01ADD : dd8d9f;
01ADE : df8e9b;
01ADF : ecb5a3;
01AE0 : f4d4b3;
01AE1 : f6deb9;
01AE2 : c8af91;
01AE3 : e6c6a4;
01AE4 : e5aaa1;
01AE5 : f5c6a2;
01AE6 : e3969c;
01AE7 : da81a0;
01AE8 : d6819b;
01AE9 : d28c94;
01AEA : d29482;
01AEB : cc9681;
01AEC : d0cb76;
01AED : deea9b;
01AEE : 69a061;
01AEF : 60975d;
01AF0 : 6cc77f;
01AF1 : c2d89c;
01AF2 : 8bbd8d;
01AF3 : 2db0a8;
01AF4 : 2cb2aa;
01AF5 : 28b9a0;
01AF6 : 5fbc98;
01AF7 : d6c779;
01AF8 : 8abc84;
01AF9 : 46b368;
01AFA : 47b565;
01AFB : 48ba6f;
01AFC : 3da86a;
01AFD : 3ea065;
01AFE : 42a35d;
01AFF : 43a562;
01B00 : 48a753;
01B01 : 3a963c;
01B02 : 16793a;
01B03 : 197a3b;
01B04 : 157438;
01B05 : 16773b;
01B06 : 18783c;
01B07 : 167539;
01B08 : 177539;
01B09 : 157537;
01B0A : 157b37;
01B0B : 238b43;
01B0C : 167e3e;
01B0D : 689f78;
01B0E : 96aa94;
01B0F : 8ca48c;
01B10 : 88a187;
01B11 : 8b9e80;
01B12 : 9c8e82;
01B13 : a28782;
01B14 : 9d7372;
01B15 : 9f7d77;
01B16 : a78f83;
01B17 : 627a55;
01B18 : 106326;
01B19 : 186a2b;
01B1A : 105a2e;
01B1B : 0b3a23;
01B1C : 315523;
01B1D : 64611e;
01B1E : a9681e;
01B1F : a8671d;
01B20 : 9a651e;
01B21 : 95621f;
01B22 : 9b6621;
01B23 : 956622;
01B24 : 816524;
01B25 : 2f6128;
01B26 : 28643d;
01B27 : 1b5d43;
01B28 : 1e5f45;
01B29 : 3a3b2a;
01B2A : 482012;
01B2B : 4c3620;
01B2C : 4a2f1c;
01B2D : 583723;
01B2E : 633d2a;
01B2F : 764634;
01B30 : 8f5440;
01B31 : a26048;
01B32 : ad6b50;
01B33 : b77559;
01B34 : be7c61;
01B35 : c18067;
01B36 : c4866f;
01B37 : c58b74;
01B38 : c6937b;
01B39 : 996753;
01B3A : 5e2c1f;
01B3B : 824938;
01B3C : 945b47;
01B3D : 7d4a3a;
01B3E : 693b2b;
01B3F : 864f3c;
01B40 : b2735a;
01B41 : c78e75;
01B42 : d5a089;
01B43 : cd8e73;
01B44 : c98569;
01B45 : d08d72;
01B46 : d49075;
01B47 : ca8168;
01B48 : c0765f;
01B49 : b66c55;
01B4A : bb7057;
01B4B : c8866c;
01B4C : d39e8a;
01B4D : d9ab98;
01B4E : d7a48c;
01B4F : d5997d;
01B50 : d49374;
01B51 : ce8b6b;
01B52 : c78764;
01B53 : c0835e;
01B54 : b77d57;
01B55 : c18261;
01B56 : d7876a;
01B57 : d85e50;
01B58 : db7987;
01B59 : db788a;
01B5A : d97385;
01B5B : d97993;
01B5C : da819e;
01B5D : dc8da0;
01B5E : e7b3a3;
01B5F : f0cda4;
01B60 : f2d1aa;
01B61 : edd8af;
01B62 : c4a989;
01B63 : edc8a6;
01B64 : f0c7ab;
01B65 : f4d5a4;
01B66 : dc9795;
01B67 : dc889b;
01B68 : cb7693;
01B69 : d5a275;
01B6A : d5b84f;
01B6B : c0bd45;
01B6C : d5d96b;
01B6D : b2c687;
01B6E : 5aa85f;
01B6F : 71b368;
01B70 : d1d38f;
01B71 : a5c773;
01B72 : 5cb975;
01B73 : 39b5ad;
01B74 : 3cb7ab;
01B75 : 5dc8a0;
01B76 : 54c39d;
01B77 : 64ba82;
01B78 : 6dbe75;
01B79 : 53b769;
01B7A : 51b072;
01B7B : 5aa682;
01B7C : 63a190;
01B7D : 599f85;
01B7E : 4ea85d;
01B7F : 52af63;
01B80 : 429e48;
01B81 : 278034;
01B82 : 157539;
01B83 : 17783b;
01B84 : 157438;
01B85 : 17793e;
01B86 : 18773d;
01B87 : 16753a;
01B88 : 16753a;
01B89 : 147437;
01B8A : 127438;
01B8B : 18773a;
01B8C : 258a48;
01B8D : 449d57;
01B8E : 69a16c;
01B8F : 87a285;
01B90 : 8aa287;
01B91 : 8ea17e;
01B92 : 8b8c78;
01B93 : 94867d;
01B94 : 9c8982;
01B95 : a28e84;
01B96 : a29583;
01B97 : 48844c;
01B98 : 247635;
01B99 : 156628;
01B9A : 125d2a;
01B9B : 185427;
01B9C : 7f722f;
01B9D : 4a5f1e;
01B9E : 82621b;
01B9F : 8d611e;
01BA0 : 98651f;
01BA1 : 92621f;
01BA2 : b06a1b;
01BA3 : 8e631c;
01BA4 : 646526;
01BA5 : 285c33;
01BA6 : 1c5b3e;
01BA7 : 1c5c42;
01BA8 : 226142;
01BA9 : 335131;
01BAA : 4b2616;
01BAB : 4a341f;
01BAC : 492e1c;
01BAD : 573623;
01BAE : 643e2c;
01BAF : 754533;
01BB0 : 8f5440;
01BB1 : a6654c;
01BB2 : b47257;
01BB3 : b8765a;
01BB4 : bd795e;
01BB5 : c38369;
01BB6 : c98f77;
01BB7 : c68d75;
01BB8 : b57c64;
01BB9 : 774231;
01BBA : 532216;
01BBB : 834a38;
01BBC : 8c5644;
01BBD : 593125;
01BBE : 5b3124;
01BBF : 7c4736;
01BC0 : a86951;
01BC1 : c18269;
01BC2 : c8876e;
01BC3 : c9856b;
01BC4 : af6f58;
01BC5 : 6c3e32;
01BC6 : 904f3e;
01BC7 : c87d65;
01BC8 : c17860;
01BC9 : b36a53;
01BCA : a45541;
01BCB : b56950;
01BCC : c68368;
01BCD : d19c83;
01BCE : d8a892;
01BCF : d9a289;
01BD0 : d69778;
01BD1 : d08e6e;
01BD2 : c88867;
01BD3 : c18560;
01BD4 : ba815b;
01BD5 : be8660;
01BD6 : db9e74;
01BD7 : d96b5a;
01BD8 : db6c71;
01BD9 : da6d7b;
01BDA : dc7e91;
01BDB : dc8096;
01BDC : db7e98;
01BDD : de98a4;
01BDE : d98e78;
01BDF : d08562;
01BE0 : f8dab1;
01BE1 : daceae;
01BE2 : e0bda0;
01BE3 : f5cfab;
01BE4 : f1c9ab;
01BE5 : db939c;
01BE6 : dc8ba0;
01BE7 : c2738d;
01BE8 : b49988;
01BE9 : d6cf81;
01BEA : d2d469;
01BEB : c0d062;
01BEC : e3e68e;
01BED : 9dc175;
01BEE : 76b968;
01BEF : dad69c;
01BF0 : a5cf8e;
01BF1 : 7cc678;
01BF2 : 80c880;
01BF3 : 3db5aa;
01BF4 : 3fb6a8;
01BF5 : 6ab09b;
01BF6 : 51ad98;
01BF7 : 96bd7a;
01BF8 : 6fb080;
01BF9 : 60a390;
01BFA : 5c9c8a;
01BFB : 5a9d87;
01BFC : 609d8e;
01BFD : 4ca172;
01BFE : 52b25f;
01BFF : 50af60;
01C00 : 389b52;
01C01 : 1a793c;
01C02 : 167338;
01C03 : 157438;
01C04 : 16763c;
01C05 : 16783d;
01C06 : 17773b;
01C07 : 18773c;
01C08 : 16733a;
01C09 : 147338;
01C0A : 17763a;
01C0B : 177038;
01C0C : 247e43;
01C0D : 2f954d;
01C0E : 6a9e6c;
01C0F : 8ba48a;
01C10 : 8ba486;
01C11 : 8aa383;
01C12 : 6f9872;
01C13 : 6e8f6e;
01C14 : 92877c;
01C15 : 9a877d;
01C16 : 75936e;
01C17 : 628c5e;
01C18 : 478048;
01C19 : 176a29;
01C1A : 115c2a;
01C1B : 135628;
01C1C : 626626;
01C1D : 956e23;
01C1E : 896420;
01C1F : 6d5a20;
01C20 : a6661c;
01C21 : ac691d;
01C22 : 8e6221;
01C23 : 8f6423;
01C24 : 816229;
01C25 : 2b573a;
01C26 : 155640;
01C27 : 1a5b41;
01C28 : 1c5d3e;
01C29 : 2e6332;
01C2A : 4b3019;
01C2B : 4b321f;
01C2C : 4e3220;
01C2D : 573724;
01C2E : 613b29;
01C2F : 784735;
01C30 : 905541;
01C31 : a6654c;
01C32 : b57458;
01C33 : bc7b5f;
01C34 : c18065;
01C35 : c5886d;
01C36 : c58870;
01C37 : be8168;
01C38 : a96e56;
01C39 : 7e4936;
01C3A : 58291c;
01C3B : 6c392b;
01C3C : 6f4233;
01C3D : 3d1e16;
01C3E : 2f1510;
01C3F : 5b3225;
01C40 : 995e49;
01C41 : b87861;
01C42 : c07e67;
01C43 : b7765e;
01C44 : aa624e;
01C45 : 995645;
01C46 : 9c5644;
01C47 : ad614b;
01C48 : c27d63;
01C49 : c3866a;
01C4A : a35f4b;
01C4B : 9d523f;
01C4C : b56c52;
01C4D : c7886c;
01C4E : d29a82;
01C4F : d79e85;
01C50 : d59677;
01C51 : cf8d6d;
01C52 : c78665;
01C53 : c18561;
01C54 : bb835e;
01C55 : bc815a;
01C56 : d98368;
01C57 : dfb093;
01C58 : e2aa76;
01C59 : dd8b5d;
01C5A : da6e75;
01C5B : dd7675;
01C5C : db7274;
01C5D : db8c91;
01C5E : e8b091;
01C5F : cb9175;
01C60 : af967a;
01C61 : ac7b6e;
01C62 : bf6065;
01C63 : d99c90;
01C64 : e8b39c;
01C65 : e9a398;
01C66 : de8da3;
01C67 : aa7779;
01C68 : ccb082;
01C69 : bfcd57;
01C6A : bdd266;
01C6B : b2ce62;
01C6C : cfd47c;
01C6D : aec05d;
01C6E : dbd293;
01C6F : a5ca80;
01C70 : 63c480;
01C71 : 7bc470;
01C72 : 7dc882;
01C73 : 46baaf;
01C74 : 3ab3a4;
01C75 : 5dbb97;
01C76 : 68b097;
01C77 : ccbc77;
01C78 : 84b484;
01C79 : 4aa17e;
01C7A : 3c9e72;
01C7B : 31a057;
01C7C : 3aa05a;
01C7D : 47a959;
01C7E : 5bb15a;
01C7F : 69b456;
01C80 : 238643;
01C81 : 1a773c;
01C82 : 167339;
01C83 : 157439;
01C84 : 1b7c3c;
01C85 : 1f8740;
01C86 : 177e3f;
01C87 : 18783d;
01C88 : 18753c;
01C89 : 147138;
01C8A : 147238;
01C8B : 157138;
01C8C : 208345;
01C8D : 49a062;
01C8E : 92aa91;
01C8F : 8fa68e;
01C90 : 8da488;
01C91 : 88a183;
01C92 : 89a183;
01C93 : 849e82;
01C94 : 869981;
01C95 : 6b8853;
01C96 : 3d721e;
01C97 : 216f23;
01C98 : 1a702d;
01C99 : 1b702d;
01C9A : 156329;
01C9B : 175e28;
01C9C : 385b22;
01C9D : a27427;
01C9E : 98671b;
01C9F : 9e6618;
01CA0 : aa671b;
01CA1 : ad6a1d;
01CA2 : 665e2d;
01CA3 : 1e533d;
01CA4 : 16533f;
01CA5 : 18543f;
01CA6 : 19563e;
01CA7 : 19583f;
01CA8 : 185a3d;
01CA9 : 41753a;
01CAA : 574322;
01CAB : 49301e;
01CAC : 4f3321;
01CAD : 563624;
01CAE : 603928;
01CAF : 794837;
01CB0 : 925541;
01CB1 : a05f47;
01CB2 : b37256;
01CB3 : bc7c60;
01CB4 : c08065;
01CB5 : c4876d;
01CB6 : c1836a;
01CB7 : b87c63;
01CB8 : ac745c;
01CB9 : 97614c;
01CBA : 7b4636;
01CBB : 67392a;
01CBC : 5f3627;
01CBD : 47271d;
01CBE : 371d16;
01CBF : 371c13;
01CC0 : 613526;
01CC1 : 9a5d49;
01CC2 : b57861;
01CC3 : ae6f58;
01CC4 : bb785f;
01CC5 : b26f58;
01CC6 : ab6952;
01CC7 : b06a52;
01CC8 : be785d;
01CC9 : c58b6e;
01CCA : ba876f;
01CCB : a1604d;
01CCC : a05740;
01CCD : b77256;
01CCE : c98a6f;
01CCF : ce9276;
01CD0 : cf8e6f;
01CD1 : cd8b6c;
01CD2 : c68665;
01CD3 : c18561;
01CD4 : b8815b;
01CD5 : bb7959;
01CD6 : df9b82;
01CD7 : e5dbb2;
01CD8 : dfc151;
01CD9 : df9c46;
01CDA : e49076;
01CDB : e5967a;
01CDC : e4967f;
01CDD : eaaf97;
01CDE : e6ab90;
01CDF : c06c62;
01CE0 : a55851;
01CE1 : cd7c6e;
01CE2 : c5565a;
01CE3 : ce817d;
01CE4 : f1c9a3;
01CE5 : e6a59d;
01CE6 : d4899d;
01CE7 : be927e;
01CE8 : d49c55;
01CE9 : c2bf45;
01CEA : b4c240;
01CEB : a2b844;
01CEC : 7c8752;
01CED : d4cf86;
01CEE : 9ac97f;
01CEF : 52bc75;
01CF0 : 68c473;
01CF1 : 75c261;
01CF2 : 6bc486;
01CF3 : 33b4ae;
01CF4 : 40b9a4;
01CF5 : 51c88f;
01CF6 : 5ba889;
01CF7 : c6bd80;
01CF8 : 72b973;
01CF9 : 76b87c;
01CFA : 9fc490;
01CFB : b9cf98;
01CFC : c5d39d;
01CFD : d4d8a4;
01CFE : d4d8a3;
01CFF : d8daa2;
01D00 : 167b3a;
01D01 : 1b8240;
01D02 : 19773b;
01D03 : 1b813b;
01D04 : 45a441;
01D05 : 3ba346;
01D06 : 168140;
01D07 : 348a44;
01D08 : 30904d;
01D09 : 1b783d;
01D0A : 1d7237;
01D0B : 227438;
01D0C : 1a7638;
01D0D : 459850;
01D0E : 6e9758;
01D0F : 77986f;
01D10 : 71986b;
01D11 : 588a37;
01D12 : 638321;
01D13 : 6a8a3a;
01D14 : 678c50;
01D15 : 558026;
01D16 : 3d6907;
01D17 : 2e6918;
01D18 : 1b6324;
01D19 : 1b6824;
01D1A : 1c6a29;
01D1B : 1b632a;
01D1C : 28571d;
01D1D : 776e20;
01D1E : 385c12;
01D1F : 415618;
01D20 : 86601f;
01D21 : 565729;
01D22 : 795e27;
01D23 : 36573a;
01D24 : 15533f;
01D25 : 1a553e;
01D26 : 1b573e;
01D27 : 1b573f;
01D28 : 285f32;
01D29 : 6a8b39;
01D2A : 58592a;
01D2B : 49301f;
01D2C : 503422;
01D2D : 573625;
01D2E : 613b2a;
01D2F : 754534;
01D30 : 8f5440;
01D31 : 9d5c46;
01D32 : a8684e;
01D33 : b67559;
01D34 : c08266;
01D35 : c3876c;
01D36 : c1866b;
01D37 : b47b61;
01D38 : a46f57;
01D39 : 905d48;
01D3A : 7c4c3c;
01D3B : 764939;
01D3C : 704636;
01D3D : 623f30;
01D3E : 613f32;
01D3F : 6b4536;
01D40 : 704333;
01D41 : 824f3c;
01D42 : 8e5b46;
01D43 : a06953;
01D44 : af775f;
01D45 : a46b52;
01D46 : ae7258;
01D47 : ac6c53;
01D48 : af7257;
01D49 : b67c61;
01D4A : b38069;
01D4B : b78770;
01D4C : a86d55;
01D4D : a56046;
01D4E : bc7d61;
01D4F : c6886c;
01D50 : c98769;
01D51 : c68565;
01D52 : c28362;
01D53 : c18561;
01D54 : b77f59;
01D55 : ba7f61;
01D56 : dca594;
01D57 : e6e4ab;
01D58 : e0b845;
01D59 : e2a076;
01D5A : e7a689;
01D5B : dc6252;
01D5C : e7a483;
01D5D : f1c8a5;
01D5E : d16758;
01D5F : bf3530;
01D60 : ca332f;
01D61 : ca4543;
01D62 : d46b52;
01D63 : e3a474;
01D64 : d48f82;
01D65 : d594a1;
01D66 : ca979f;
01D67 : ca7a67;
01D68 : d4922f;
01D69 : d1a820;
01D6A : b28b3a;
01D6B : 7d7e49;
01D6C : dccc80;
01D6D : bacd77;
01D6E : 96bf6b;
01D6F : bad18c;
01D70 : 80c250;
01D71 : 88c842;
01D72 : 70bf71;
01D73 : 2bb1af;
01D74 : 3ab18f;
01D75 : 5db871;
01D76 : 9bba92;
01D77 : d6d3ab;
01D78 : d7ddaf;
01D79 : c3d7a4;
01D7A : 9ece94;
01D7B : 7dc88f;
01D7C : 69ba80;
01D7D : 62b672;
01D7E : 51b46b;
01D7F : 61b76d;
01D80 : 19823d;
01D81 : 249a49;
01D82 : 37a14d;
01D83 : 35a550;
01D84 : 39a24b;
01D85 : 279545;
01D86 : 168440;
01D87 : 2b843e;
01D88 : 38914d;
01D89 : 18763b;
01D8A : 1e7036;
01D8B : 2d783a;
01D8C : 196f30;
01D8D : 247430;
01D8E : 257226;
01D8F : 297520;
01D90 : 297819;
01D91 : 397f16;
01D92 : 417a0b;
01D93 : 507b06;
01D94 : 557908;
01D95 : 51770c;
01D96 : 387328;
01D97 : 216f4b;
01D98 : 1c6232;
01D99 : 286519;
01D9A : 2a6d26;
01D9B : 216123;
01D9C : 194d15;
01D9D : 6d6419;
01D9E : 5e6922;
01D9F : 174d1c;
01DA0 : 1f4d21;
01DA1 : 164f37;
01DA2 : 144f3a;
01DA3 : 18523d;
01DA4 : 19533c;
01DA5 : 1a543d;
01DA6 : 1b543a;
01DA7 : 275427;
01DA8 : 647524;
01DA9 : 87923a;
01DAA : 4b642b;
01DAB : 493320;
01DAC : 523624;
01DAD : 593726;
01DAE : 6d4232;
01DAF : 7b4a39;
01DB0 : 834e3b;
01DB1 : 935640;
01DB2 : a3654a;
01DB3 : b37256;
01DB4 : be8063;
01DB5 : bd8266;
01DB6 : b47b60;
01DB7 : ab785f;
01DB8 : 946650;
01DB9 : 744c3a;
01DBA : 6b4333;
01DBB : 724939;
01DBC : 754d3c;
01DBD : 734e3e;
01DBE : 745141;
01DBF : 7d5846;
01DC0 : 8e6451;
01DC1 : a37059;
01DC2 : 8f624d;
01DC3 : 9f6e58;
01DC4 : ad7860;
01DC5 : ad755c;
01DC6 : af765c;
01DC7 : a76e55;
01DC8 : a36b52;
01DC9 : aa7358;
01DCA : ae7a63;
01DCB : a77761;
01DCC : b28066;
01DCD : ad7154;
01DCE : a6694d;
01DCF : ba7d60;
01DD0 : c48364;
01DD1 : bd7b5b;
01DD2 : bd7d5c;
01DD3 : bf815e;
01DD4 : b77e58;
01DD5 : b97d60;
01DD6 : da9699;
01DD7 : e8e6ad;
01DD8 : e0c782;
01DD9 : e3bd9b;
01DDA : db715b;
01DDB : da3f37;
01DDC : d58c6b;
01DDD : e4ad8d;
01DDE : cb4f41;
01DDF : c9342f;
01DE0 : cf3632;
01DE1 : cd3a35;
01DE2 : e07446;
01DE3 : e09453;
01DE4 : c46f62;
01DE5 : c7a29b;
01DE6 : c38a7c;
01DE7 : ce7047;
01DE8 : ce893e;
01DE9 : c2a623;
01DEA : a6973d;
01DEB : b7ab8c;
01DEC : c7d57a;
01DED : adcc71;
01DEE : efda9d;
01DEF : dfd68a;
01DF0 : bcd05c;
01DF1 : b3cb3f;
01DF2 : 67b86e;
01DF3 : 6fc1b2;
01DF4 : cbdab4;
01DF5 : d7e1b1;
01DF6 : add7a1;
01DF7 : 7dbc8f;
01DF8 : 55b577;
01DF9 : 42b86e;
01DFA : 3bba6e;
01DFB : 3eb778;
01DFC : 53be89;
01DFD : 4cb96f;
01DFE : 39ad60;
01DFF : 3eab5d;
01E00 : 1f8942;
01E01 : 2b9f4c;
01E02 : 39a54e;
01E03 : 53a553;
01E04 : 379250;
01E05 : 12823e;
01E06 : 16803e;
01E07 : 157536;
01E08 : 2a8443;
01E09 : 177238;
01E0A : 156d32;
01E0B : 628941;
01E0C : 44843b;
01E0D : 277d36;
01E0E : 19722d;
01E0F : 257725;
01E10 : 2d7d1e;
01E11 : 388526;
01E12 : 377c18;
01E13 : 4f7908;
01E14 : 607d07;
01E15 : 517819;
01E16 : 1a6e5e;
01E17 : 166b5e;
01E18 : 196950;
01E19 : 2c6921;
01E1A : 2c681e;
01E1B : 2a5c18;
01E1C : 295614;
01E1D : 3e570e;
01E1E : 8d7228;
01E1F : 1d4e1b;
01E20 : 154a21;
01E21 : 174f36;
01E22 : 185039;
01E23 : 18513a;
01E24 : 19533c;
01E25 : 1b543d;
01E26 : 215437;
01E27 : 555d09;
01E28 : 7f7c1f;
01E29 : 7b8935;
01E2A : 476429;
01E2B : 4d3923;
01E2C : 513523;
01E2D : 5d3a28;
01E2E : 794b39;
01E2F : 885642;
01E30 : 7e4e3b;
01E31 : 7c4936;
01E32 : 9e6349;
01E33 : b6785b;
01E34 : bb7e60;
01E35 : b3785b;
01E36 : ae775b;
01E37 : a2755c;
01E38 : 815844;
01E39 : 6b4635;
01E3A : 6d4635;
01E3B : 724b3a;
01E3C : 764f3e;
01E3D : 7e5744;
01E3E : 855c49;
01E3F : 8e604c;
01E40 : 976955;
01E41 : aa745e;
01E42 : aa745e;
01E43 : 986a56;
01E44 : 9f715c;
01E45 : a9745c;
01E46 : b07b61;
01E47 : af7a61;
01E48 : aa735a;
01E49 : a76f55;
01E4A : a6735b;
01E4B : a3745e;
01E4C : ad7b61;
01E4D : b57e5f;
01E4E : a76c4e;
01E4F : b5795b;
01E50 : c28363;
01E51 : bf805f;
01E52 : be805e;
01E53 : c28561;
01E54 : ba825c;
01E55 : bb8363;
01E56 : da8a97;
01E57 : dca28c;
01E58 : e3c8a2;
01E59 : dc8f79;
01E5A : d5473a;
01E5B : d84e3e;
01E5C : c9715c;
01E5D : e3a988;
01E5E : d57f5f;
01E5F : cd3733;
01E60 : cf3934;
01E61 : cf3631;
01E62 : cf4738;
01E63 : c8704e;
01E64 : a18d6f;
01E65 : bf9469;
01E66 : c66d4b;
01E67 : bd6e4d;
01E68 : 996152;
01E69 : 67615d;
01E6A : c0b06d;
01E6B : e7be7a;
01E6C : b18147;
01E6D : 86ad55;
01E6E : a6c86e;
01E6F : 81bc48;
01E70 : 83be54;
01E71 : a4cb79;
01E72 : d4dba8;
01E73 : b9d7bc;
01E74 : 84ca94;
01E75 : 52be73;
01E76 : 3cb86c;
01E77 : 52ad81;
01E78 : 55ab7c;
01E79 : 42b063;
01E7A : 42ae63;
01E7B : 4dae6f;
01E7C : 59ae87;
01E7D : 57ae7b;
01E7E : 4fb56a;
01E7F : 58b668;
01E80 : 1f8c43;
01E81 : 1f9346;
01E82 : 34a052;
01E83 : 348f47;
01E84 : 318b4a;
01E85 : 137938;
01E86 : 137637;
01E87 : 117233;
01E88 : 177a3b;
01E89 : 17783a;
01E8A : 247c3a;
01E8B : a6a04b;
01E8C : 649a4a;
01E8D : 2c833c;
01E8E : 0e662a;
01E8F : 17691e;
01E90 : 2e7d1e;
01E91 : 3a821b;
01E92 : 387c14;
01E93 : 38730b;
01E94 : 507708;
01E95 : 5d7809;
01E96 : 36733b;
01E97 : 176d60;
01E98 : 17695b;
01E99 : 1e6849;
01E9A : 276529;
01E9B : 2e5711;
01E9C : 405b0c;
01E9D : 425c08;
01E9E : 776617;
01E9F : 42581e;
01EA0 : 1b4c1b;
01EA1 : 1b502f;
01EA2 : 1c5132;
01EA3 : 1e512b;
01EA4 : 1c5332;
01EA5 : 1d553a;
01EA6 : 37582a;
01EA7 : 5e6209;
01EA8 : 516716;
01EA9 : 537123;
01EAA : 425f23;
01EAB : 503c25;
01EAC : 503422;
01EAD : 623d2b;
01EAE : 895840;
01EAF : 9f6b50;
01EB0 : 855842;
01EB1 : 693b2a;
01EB2 : 995f45;
01EB3 : b07456;
01EB4 : b27759;
01EB5 : a97053;
01EB6 : af7b5f;
01EB7 : a3795f;
01EB8 : 7e5642;
01EB9 : 684333;
01EBA : 694434;
01EBB : 734c3a;
01EBC : 7a503e;
01EBD : 8b5845;
01EBE : 9e5f4b;
01EBF : a96550;
01EC0 : ae6c58;
01EC1 : af715d;
01EC2 : b77562;
01EC3 : b97d68;
01EC4 : b87e66;
01EC5 : b97c63;
01EC6 : bc8267;
01EC7 : b77f65;
01EC8 : b47a60;
01EC9 : ab7156;
01ECA : a57056;
01ECB : 9a6b53;
01ECC : a9765c;
01ECD : b68161;
01ECE : ac7354;
01ECF : b87e60;
01ED0 : c38666;
01ED1 : be815f;
01ED2 : bd805d;
01ED3 : c28661;
01ED4 : b9815b;
01ED5 : bc8465;
01ED6 : db726f;
01ED7 : d94b44;
01ED8 : de9277;
01ED9 : da766d;
01EDA : d34434;
01EDB : cb3e35;
01EDC : cb6858;
01EDD : dd8c64;
01EDE : ce735b;
01EDF : bc4344;
01EE0 : cd3f3c;
01EE1 : d03631;
01EE2 : ce5a49;
01EE3 : b07a61;
01EE4 : a5493b;
01EE5 : bc3e31;
01EE6 : a5584f;
01EE7 : 9a8167;
01EE8 : 8d846e;
01EE9 : b3b29a;
01EEA : e4b996;
01EEB : c86651;
01EEC : c55858;
01EED : a57954;
01EEE : 6db14b;
01EEF : a4cb6e;
01EF0 : e1e1a6;
01EF1 : d5df9c;
01EF2 : 80c789;
01EF3 : 2fb3ab;
01EF4 : 33b176;
01EF5 : 38b564;
01EF6 : 38b36b;
01EF7 : 4fa87c;
01EF8 : 5ea57f;
01EF9 : 40ac5e;
01EFA : 45ad66;
01EFB : 56a781;
01EFC : 47a47a;
01EFD : 59b476;
01EFE : 5fbc73;
01EFF : 6bb961;
01F00 : 1b7d3d;
01F01 : 187c3b;
01F02 : 1d8340;
01F03 : 32914b;
01F04 : 2a8846;
01F05 : 147638;
01F06 : 117335;
01F07 : 137435;
01F08 : 157738;
01F09 : 177a39;
01F0A : 218339;
01F0B : 92a049;
01F0C : 6c9e4c;
01F0D : 519343;
01F0E : 588236;
01F0F : 6d8931;
01F10 : 3c7f1e;
01F11 : 337b17;
01F12 : 327814;
01F13 : 3b730b;
01F14 : 4c7508;
01F15 : 6d7b03;
01F16 : 5c7709;
01F17 : 216e51;
01F18 : 1a6b57;
01F19 : 166659;
01F1A : 19634a;
01F1B : 1e4f1d;
01F1C : 27460b;
01F1D : 3c5e0b;
01F1E : 2f5311;
01F1F : 7c6521;
01F20 : 6e671c;
01F21 : 345616;
01F22 : 235329;
01F23 : 29531f;
01F24 : 385817;
01F25 : 435b17;
01F26 : 6d6105;
01F27 : 5d6209;
01F28 : 3c5e14;
01F29 : 426316;
01F2A : 465921;
01F2B : 513924;
01F2C : 533624;
01F2D : 623d2b;
01F2E : 8e5b43;
01F2F : a97556;
01F30 : 8e6249;
01F31 : 683a29;
01F32 : 995f45;
01F33 : aa6f51;
01F34 : a56c4e;
01F35 : a76f52;
01F36 : b48466;
01F37 : a67c61;
01F38 : 865b46;
01F39 : 663f2f;
01F3A : 643d2e;
01F3B : 6c3f31;
01F3C : 794234;
01F3D : 87463a;
01F3E : 924b3d;
01F3F : 9f5646;
01F40 : ab5f50;
01F41 : b06857;
01F42 : bc7564;
01F43 : bc7764;
01F44 : bd7360;
01F45 : bc705b;
01F46 : b86b55;
01F47 : b56c56;
01F48 : b06b54;
01F49 : ad6c53;
01F4A : 9d664d;
01F4B : 946148;
01F4C : 966146;
01F4D : a87254;
01F4E : ac7455;
01F4F : bc8565;
01F50 : c38a69;
01F51 : c18664;
01F52 : c18662;
01F53 : c48662;
01F54 : bb825d;
01F55 : be8161;
01F56 : da534b;
01F57 : d83934;
01F58 : e29f82;
01F59 : da7c79;
01F5A : e08f62;
01F5B : cf574c;
01F5C : d77e62;
01F5D : f29846;
01F5E : ca644a;
01F5F : bc494b;
01F60 : ca4847;
01F61 : d3614f;
01F62 : c0635f;
01F63 : c0443c;
01F64 : c63b30;
01F65 : c13a30;
01F66 : bc503f;
01F67 : c09169;
01F68 : ce9673;
01F69 : e3a885;
01F6A : bd7665;
01F6B : bb5759;
01F6C : c05656;
01F6D : bb7260;
01F6E : ccc48f;
01F6F : d1d79e;
01F70 : 8ec57a;
01F71 : 6ec067;
01F72 : 4cba77;
01F73 : 33b5a6;
01F74 : 3cb879;
01F75 : 41c26d;
01F76 : 3cba6d;
01F77 : 43ab71;
01F78 : 44a96d;
01F79 : 3db05d;
01F7A : 41b26f;
01F7B : 49a885;
01F7C : 3fb976;
01F7D : 42b96e;
01F7E : 5db862;
01F7F : 6cb44f;
01F80 : 1b7d3d;
01F81 : 1c803e;
01F82 : 208844;
01F83 : 309048;
01F84 : 29863f;
01F85 : 20813c;
01F86 : 157939;
01F87 : 177839;
01F88 : 177838;
01F89 : 187836;
01F8A : 1d7d35;
01F8B : 769441;
01F8C : 7f9b39;
01F8D : 82931e;
01F8E : aa921d;
01F8F : c2a340;
01F90 : 7c8c25;
01F91 : 347d1a;
01F92 : 397e1c;
01F93 : 48790e;
01F94 : 5d7907;
01F95 : 797d04;
01F96 : 797b00;
01F97 : 49731a;
01F98 : 316e30;
01F99 : 186754;
01F9A : 156255;
01F9B : 235e35;
01F9C : 31520b;
01F9D : 2d4f0c;
01F9E : 1f5215;
01F9F : 3f5415;
01FA0 : 8a6d1e;
01FA1 : 455b06;
01FA2 : 3d590e;
01FA3 : 455606;
01FA4 : 605b01;
01FA5 : 665e01;
01FA6 : 756301;
01FA7 : 636309;
01FA8 : 446113;
01FA9 : 4a6315;
01FAA : 545a1d;
01FAB : 543a26;
01FAC : 553927;
01FAD : 653f2d;
01FAE : 8c5a42;
01FAF : ac795a;
01FB0 : 94684e;
01FB1 : 6c3e2c;
01FB2 : 9a6046;
01FB3 : aa6f51;
01FB4 : a87052;
01FB5 : aa7557;
01FB6 : b38467;
01FB7 : a17459;
01FB8 : 764a37;
01FB9 : 552e22;
01FBA : 44211a;
01FBB : 441d18;
01FBC : 5c2a22;
01FBD : 7c3d34;
01FBE : 8f483c;
01FBF : 9b5244;
01FC0 : a75b4e;
01FC1 : ab6053;
01FC2 : b0685b;
01FC3 : ba7465;
01FC4 : bc7161;
01FC5 : b56555;
01FC6 : ab574a;
01FC7 : a45346;
01FC8 : 9a4c3f;
01FC9 : a15a44;
01FCA : a0664d;
01FCB : 8d5841;
01FCC : 976146;
01FCD : a46e50;
01FCE : b1795a;
01FCF : c48f6d;
01FD0 : c68e6c;
01FD1 : c48c69;
01FD2 : c48a67;
01FD3 : c78965;
01FD4 : bc845e;
01FD5 : c28466;
01FD6 : d94540;
01FD7 : da3c36;
01FD8 : d6684d;
01FD9 : d4835d;
01FDA : e19271;
01FDB : e7825e;
01FDC : e37d52;
01FDD : d47643;
01FDE : bd4642;
01FDF : cb5047;
01FE0 : ca4b3a;
01FE1 : c3403a;
01FE2 : c83b33;
01FE3 : c93931;
01FE4 : c83c32;
01FE5 : c93a32;
01FE6 : cc4736;
01FE7 : c3503f;
01FE8 : d03c38;
01FE9 : c6362e;
01FEA : aa4d41;
01FEB : 955d58;
01FEC : c8816c;
01FED : ead4aa;
01FEE : c7aa7e;
01FEF : 8c8b57;
01FF0 : 43b358;
01FF1 : 43b95f;
01FF2 : 3bbb81;
01FF3 : 2fb4ae;
01FF4 : 3dbd86;
01FF5 : 3fc471;
01FF6 : 35b86c;
01FF7 : 3ea972;
01FF8 : 42ad69;
01FF9 : 47b461;
01FFA : 47b46b;
01FFB : 4eba97;
01FFC : 56c19b;
01FFD : 62bd75;
01FFE : 7bbb60;
01FFF : 88bf58;
02000 : 1c7e3e;
02001 : 208442;
02002 : 228b46;
02003 : 339349;
02004 : 2c8a3b;
02005 : 228438;
02006 : 1c7f3c;
02007 : 187a3a;
02008 : 187939;
02009 : 197936;
0200A : 1e7c35;
0200B : 348338;
0200C : 538d30;
0200D : 848708;
0200E : 9f8e0c;
0200F : ad952b;
02010 : 5e8620;
02011 : 337f20;
02012 : 3d7b21;
02013 : 47700c;
02014 : 5d7d0e;
02015 : 658117;
02016 : 687812;
02017 : 667701;
02018 : 37702d;
02019 : 17685b;
0201A : 186355;
0201B : 1b5e48;
0201C : 2c581b;
0201D : 1a290a;
0201E : 1d4113;
0201F : 2d5513;
02020 : 4a5c14;
02021 : 385809;
02022 : 415b06;
02023 : 555902;
02024 : 685d02;
02025 : 695e01;
02026 : 756202;
02027 : 71670d;
02028 : 555c1d;
02029 : 57611b;
0202A : 5d5e1f;
0202B : 523d25;
0202C : 533625;
0202D : 633d2b;
0202E : 87553e;
0202F : ac7859;
02030 : 966a51;
02031 : 6e402e;
02032 : 9a6247;
02033 : a96e50;
02034 : ac7355;
02035 : b07c5e;
02036 : b48466;
02037 : 9a6a4f;
02038 : 7b4d39;
02039 : 653829;
0203A : 5a3024;
0203B : 633428;
0203C : 753a2f;
0203D : 91483e;
0203E : a95a4e;
0203F : b16355;
02040 : b46759;
02041 : b76c5f;
02042 : ba7165;
02043 : c27b6d;
02044 : c87b6e;
02045 : c67467;
02046 : be6758;
02047 : b76451;
02048 : b96c53;
02049 : bf785a;
0204A : bb7b5c;
0204B : 986047;
0204C : 9e664b;
0204D : ac7456;
0204E : bd8868;
0204F : c89270;
02050 : c78e6c;
02051 : c38967;
02052 : c48966;
02053 : c98d68;
02054 : bf8762;
02055 : cda587;
02056 : e07a63;
02057 : de4237;
02058 : d86548;
02059 : d8855a;
0205A : e9865c;
0205B : e16044;
0205C : c93833;
0205D : ba3f3c;
0205E : cb5047;
0205F : d24e3d;
02060 : ca3c33;
02061 : cb3d34;
02062 : cb3932;
02063 : c93b32;
02064 : c83b32;
02065 : ce3832;
02066 : d15748;
02067 : d57060;
02068 : cd3e38;
02069 : c93730;
0206A : c53f36;
0206B : d29e7a;
0206C : e6cca0;
0206D : 90a88f;
0206E : 9c8963;
0206F : 939958;
02070 : 73ba47;
02071 : 57c15b;
02072 : 39bb85;
02073 : 25b2b0;
02074 : 3fb991;
02075 : 67c26f;
02076 : 76c48d;
02077 : 88c3a6;
02078 : aed093;
02079 : afd090;
0207A : 94c57f;
0207B : 9bc887;
0207C : 9fca8e;
0207D : a4cc92;
0207E : a9cd8f;
0207F : a9cc88;
02080 : 208141;
02081 : 268846;
02082 : 228c47;
02083 : 379c49;
02084 : 3c953d;
02085 : 278635;
02086 : 24863a;
02087 : 1b7e3c;
02088 : 197a39;
02089 : 1a7936;
0208A : 1c7b34;
0208B : 208035;
0208C : 318430;
0208D : 74820c;
0208E : a59410;
0208F : 80820c;
02090 : 40801b;
02091 : 348024;
02092 : 4c8627;
02093 : 517c13;
02094 : 47791b;
02095 : 407825;
02096 : 377333;
02097 : 436f14;
02098 : 2d6a2b;
02099 : 176858;
0209A : 186456;
0209B : 175e4c;
0209C : 1f5b32;
0209D : 274712;
0209E : 172e0f;
0209F : 3c5a19;
020A0 : 3e5c15;
020A1 : 395b07;
020A2 : 3e5905;
020A3 : 555802;
020A4 : 5c5a02;
020A5 : 6f6408;
020A6 : 7a690d;
020A7 : 7c6a13;
020A8 : 625325;
020A9 : 4f5f18;
020AA : 4e6616;
020AB : 645826;
020AC : 553826;
020AD : 613d2b;
020AE : 80503b;
020AF : a06d4f;
020B0 : 90634b;
020B1 : 6e4230;
020B2 : 8f5b42;
020B3 : a96c4e;
020B4 : b57c5c;
020B5 : b88666;
020B6 : ae7d60;
020B7 : a67155;
020B8 : 8d5742;
020B9 : 6d3d2d;
020BA : 5d3325;
020BB : 6d3e2f;
020BC : 80493a;
020BD : 905141;
020BE : a5604e;
020BF : ac6a56;
020C0 : b3735f;
020C1 : bc7d68;
020C2 : c38874;
020C3 : c58a76;
020C4 : cb8a76;
020C5 : c9836e;
020C6 : c27b63;
020C7 : c27b5f;
020C8 : c1775b;
020C9 : c1795b;
020CA : c38060;
020CB : b37354;
020CC : ae7356;
020CD : b88060;
020CE : c59371;
020CF : c48e6c;
020D0 : c48b69;
020D1 : c48b68;
020D2 : c58a68;
020D3 : c68a67;
020D4 : be8662;
020D5 : dbb66f;
020D6 : e7bf75;
020D7 : e59c47;
020D8 : e0a159;
020D9 : dc7e52;
020DA : e57348;
020DB : d4433c;
020DC : c23e3f;
020DD : bd413e;
020DE : bf4b3c;
020DF : c84033;
020E0 : cf533b;
020E1 : d36542;
020E2 : c64535;
020E3 : bd3a2f;
020E4 : cb3b33;
020E5 : d23834;
020E6 : d35549;
020E7 : e8c3a4;
020E8 : d28170;
020E9 : ba534b;
020EA : cb8864;
020EB : e7c396;
020EC : c07062;
020ED : 7d7776;
020EE : 966664;
020EF : aa755a;
020F0 : a69a43;
020F1 : 6dc659;
020F2 : 6ec485;
020F3 : 9fcdb4;
020F4 : b2ccb1;
020F5 : b3cc9c;
020F6 : 7dc5b3;
020F7 : 6ec4b4;
020F8 : 6cbc76;
020F9 : 56b860;
020FA : 43b463;
020FB : 3cb164;
020FC : 3eb46a;
020FD : 3eb471;
020FE : 44b268;
020FF : 4fb35c;
02100 : 278946;
02101 : 2f8f4b;
02102 : 289047;
02103 : 419e48;
02104 : 40953f;
02105 : 218238;
02106 : 20833c;
02107 : 1e803e;
02108 : 1c7c3c;
02109 : 207e3b;
0210A : 308841;
0210B : 217f34;
0210C : 2e7c29;
0210D : 6f820f;
0210E : 969011;
0210F : 5c8112;
02110 : 328223;
02111 : 337f24;
02112 : 457f21;
02113 : 4c7e1c;
02114 : 3a7823;
02115 : 306d1c;
02116 : 3f711c;
02117 : 247053;
02118 : 20693e;
02119 : 1a6749;
0211A : 1a6559;
0211B : 195e4c;
0211C : 1d5e3b;
0211D : 285c20;
0211E : 1a4714;
0211F : 5c581a;
02120 : 856d27;
02121 : 635a1e;
02122 : 845f20;
02123 : 88691b;
02124 : 595a0a;
02125 : 6b630f;
02126 : 7e6c18;
02127 : 7c6708;
02128 : 596215;
02129 : 4e6017;
0212A : 5e6a24;
0212B : 747535;
0212C : 5b4828;
0212D : 5d3a29;
0212E : 734835;
0212F : 8d5e46;
02130 : 875c45;
02131 : 734935;
02132 : 8c583f;
02133 : a96e50;
02134 : b67f5e;
02135 : b78665;
02136 : ba896b;
02137 : bb8367;
02138 : 9d634c;
02139 : 7b4634;
0213A : 623729;
0213B : 603629;
0213C : 704334;
0213D : 895341;
0213E : 9a644e;
0213F : 926650;
02140 : a1715b;
02141 : a6725c;
02142 : ab7a65;
02143 : b17e68;
02144 : b9846e;
02145 : bc846c;
02146 : bd8468;
02147 : bf8164;
02148 : c17b5c;
02149 : c57e5f;
0214A : c78465;
0214B : c28263;
0214C : bd8465;
0214D : c08b69;
0214E : c59270;
0214F : bf8665;
02150 : c38967;
02151 : c58c69;
02152 : c58a68;
02153 : c0835f;
02154 : c49476;
02155 : e3d2b8;
02156 : e9d8a1;
02157 : ead57f;
02158 : e3c875;
02159 : e39243;
0215A : e77b42;
0215B : d55e44;
0215C : c75249;
0215D : c54f40;
0215E : cb463a;
0215F : c83a32;
02160 : ce5039;
02161 : ce5d3c;
02162 : c04935;
02163 : c53a31;
02164 : d23934;
02165 : d33b38;
02166 : d23b36;
02167 : d16f60;
02168 : c28879;
02169 : c4a08b;
0216A : cc6c52;
0216B : c34a3b;
0216C : bc5652;
0216D : ac6d6c;
0216E : b16e5e;
0216F : b47c63;
02170 : c1b086;
02171 : cbd178;
02172 : bdc95a;
02173 : 76bca6;
02174 : 79bab4;
02175 : 5cb9a5;
02176 : 36b8b3;
02177 : 4abdb5;
02178 : 65c792;
02179 : 4fc268;
0217A : 50c471;
0217B : 4fc578;
0217C : 50c277;
0217D : 4ebb77;
0217E : 54b86e;
0217F : 5cb759;
02180 : 3c9c54;
02181 : 2f904b;
02182 : 298e45;
02183 : 2f9645;
02184 : 429848;
02185 : 2b873f;
02186 : 1a7f3f;
02187 : 1b7f42;
02188 : 1e8343;
02189 : 1d7b3b;
0218A : 4c954f;
0218B : 368c43;
0218C : 2c7929;
0218D : 617e11;
0218E : 6d8a1c;
0218F : 3e8424;
02190 : 278027;
02191 : 307f24;
02192 : 417e22;
02193 : 3c7921;
02194 : 377829;
02195 : 2b6c1d;
02196 : 326e1b;
02197 : 236d48;
02198 : 196c5d;
02199 : 186858;
0219A : 196557;
0219B : 185e4c;
0219C : 1f5f3a;
0219D : 2a6124;
0219E : 215418;
0219F : 385316;
021A0 : 7e5b2c;
021A1 : 955131;
021A2 : 97572d;
021A3 : a66e2a;
021A4 : 825c27;
021A5 : 605613;
021A6 : 685e00;
021A7 : 836a07;
021A8 : 8c7823;
021A9 : 7f7537;
021AA : 636d2c;
021AB : 566d36;
021AC : 5b592b;
021AD : 593928;
021AE : 6b4431;
021AF : 80553f;
021B0 : 835943;
021B1 : 774f3a;
021B2 : 8b5940;
021B3 : a86e4f;
021B4 : b67f5e;
021B5 : b88767;
021B6 : bc8e6f;
021B7 : b17a5f;
021B8 : 905742;
021B9 : 7a4433;
021BA : 764332;
021BB : 704131;
021BC : 794938;
021BD : 925a44;
021BE : 9e664e;
021BF : 9e6852;
021C0 : a66f59;
021C1 : a56d57;
021C2 : ad7761;
021C3 : b48068;
021C4 : b67f69;
021C5 : b77e66;
021C6 : bf8467;
021C7 : c28263;
021C8 : c47e5f;
021C9 : c57f60;
021CA : c37e5f;
021CB : c08162;
021CC : c08a6a;
021CD : c4916e;
021CE : c5926d;
021CF : c38c69;
021D0 : bf8663;
021D1 : c48b68;
021D2 : c48a69;
021D3 : bf8561;
021D4 : ceab98;
021D5 : e3d7da;
021D6 : e8d9ba;
021D7 : deab87;
021D8 : e0884f;
021D9 : ef923e;
021DA : f49645;
021DB : ee9e4e;
021DC : d86a40;
021DD : d0553f;
021DE : cc5144;
021DF : d05d3f;
021E0 : d36843;
021E1 : cb4e38;
021E2 : c23b31;
021E3 : d13b36;
021E4 : d43b37;
021E5 : d33b37;
021E6 : d13a35;
021E7 : cd433c;
021E8 : d6b399;
021E9 : dc9277;
021EA : c4332d;
021EB : c93a35;
021EC : c73f39;
021ED : c78772;
021EE : c4a784;
021EF : a9a789;
021F0 : 88ac92;
021F1 : b2bc39;
021F2 : c9c40f;
021F3 : 61b785;
021F4 : 3eb48c;
021F5 : 48bbb5;
021F6 : 6cbfbe;
021F7 : b6c9c7;
021F8 : b7cfc0;
021F9 : 6ac788;
021FA : 53c974;
021FB : 52c775;
021FC : 5ebc64;
021FD : 52ba80;
021FE : 74c079;
021FF : 87c65e;
02200 : 308b49;
02201 : 298946;
02202 : 228743;
02203 : 258c44;
02204 : 308e41;
02205 : 368c43;
02206 : 197e3e;
02207 : 1c8143;
02208 : 208345;
02209 : 187739;
0220A : 1c7d3c;
0220B : 2d853e;
0220C : 388033;
0220D : 5b8b34;
0220E : 689737;
0220F : 318629;
02210 : 398028;
02211 : 4a8329;
02212 : 39781b;
02213 : 3e7719;
02214 : 427922;
02215 : 3a7528;
02216 : 346f18;
02217 : 256a34;
02218 : 186b5b;
02219 : 1b6850;
0221A : 1e6448;
0221B : 185e4e;
0221C : 19593c;
0221D : 245b24;
0221E : 2a5a1d;
0221F : 213f0e;
02220 : 384f15;
02221 : 805b38;
02222 : 965a35;
02223 : 9a5a32;
02224 : 895d34;
02225 : 675f21;
02226 : 635d05;
02227 : 6c600c;
02228 : 8a7312;
02229 : 8e7d21;
0222A : 626c2a;
0222B : 797b51;
0222C : 847e48;
0222D : 5d4827;
0222E : 613d2e;
0222F : 7c523d;
02230 : 7e5640;
02231 : 754f3a;
02232 : 84563e;
02233 : 9e6949;
02234 : ae7857;
02235 : b78767;
02236 : bc8e6f;
02237 : 98654e;
02238 : 7a4634;
02239 : 7b4432;
0223A : 874c38;
0223B : 91523d;
0223C : 9a5c45;
0223D : a1654b;
0223E : a56850;
0223F : a96b53;
02240 : ac6e57;
02241 : b3735b;
02242 : ba7a61;
02243 : bd816a;
02244 : c0836b;
02245 : c3856b;
02246 : cb8f6e;
02247 : cc8b6a;
02248 : c98465;
02249 : c47e5f;
0224A : bf7a5b;
0224B : be8061;
0224C : c08b6c;
0224D : c4916e;
0224E : c28f6a;
0224F : bd8764;
02250 : c08966;
02251 : c28a68;
02252 : c18867;
02253 : c18c6c;
02254 : dac6c0;
02255 : e2d4d4;
02256 : dfcfcf;
02257 : dc9e7e;
02258 : f99b39;
02259 : fba33e;
0225A : f4ab52;
0225B : e49b52;
0225C : ca553c;
0225D : d46645;
0225E : d0594e;
0225F : d26445;
02260 : d46f45;
02261 : d46242;
02262 : d04d3c;
02263 : d03934;
02264 : d23a36;
02265 : d43b37;
02266 : d23a35;
02267 : d7443d;
02268 : dc957a;
02269 : d27b6b;
0226A : ca443e;
0226B : cc3b36;
0226C : c9433a;
0226D : d7906c;
0226E : c19b63;
0226F : 9ca04b;
02270 : a0b33e;
02271 : c5c92d;
02272 : c0cb38;
02273 : 63ba75;
02274 : 43b67f;
02275 : 45bab2;
02276 : 82c4c3;
02277 : e0d6d7;
02278 : d8d3d3;
02279 : d6d7ce;
0227A : 80cf90;
0227B : 7dc24c;
0227C : 77bc66;
0227D : 33b7b4;
0227E : 67c197;
0227F : 8fc65e;
02280 : 217e3e;
02281 : 2a8742;
02282 : 268744;
02283 : 248b44;
02284 : 288c42;
02285 : 30873f;
02286 : 207e3c;
02287 : 1e7f40;
02288 : 1c7d40;
02289 : 1b783a;
0228A : 1f7d3d;
0228B : 217934;
0228C : 377e30;
0228D : 8ca74e;
0228E : 8b9837;
0228F : 408227;
02290 : 6e822d;
02291 : ac9a45;
02292 : 3e781d;
02293 : 3e7615;
02294 : 5f7910;
02295 : 327133;
02296 : 1b6b4c;
02297 : 216b3f;
02298 : 1e6942;
02299 : 1c674d;
0229A : 296532;
0229B : 175e4e;
0229C : 185840;
0229D : 2c6225;
0229E : 2f5c1b;
0229F : 274210;
022A0 : 2a4e0b;
022A1 : 4f4a1a;
022A2 : 8f5636;
022A3 : 9b643f;
022A4 : 93683e;
022A5 : 79652c;
022A6 : 605e0b;
022A7 : 5e5a07;
022A8 : 766b0d;
022A9 : 8a8529;
022AA : 848039;
022AB : 767b4a;
022AC : 8b8550;
022AD : 6c6724;
022AE : 5f402d;
022AF : 6c4836;
022B0 : 79533e;
022B1 : 76523d;
022B2 : 724c37;
022B3 : 8b5e42;
022B4 : a87453;
022B5 : b48564;
022B6 : af8265;
022B7 : 8e6049;
022B8 : 724331;
022B9 : 7e4734;
022BA : 8d513d;
022BB : 975843;
022BC : 9d5e47;
022BD : a0644b;
022BE : 9f5f49;
022BF : a3604a;
022C0 : ad6a52;
022C1 : b26f56;
022C2 : b8755b;
022C3 : bb7860;
022C4 : bb7962;
022C5 : bf7d62;
022C6 : ca8a6a;
022C7 : cf906f;
022C8 : ca8667;
022C9 : c47f60;
022CA : bf7d5d;
022CB : bd7f60;
022CC : c08c6c;
022CD : c3916e;
022CE : c3906b;
022CF : ba8461;
022D0 : bd8865;
022D1 : c18b69;
022D2 : bd8563;
022D3 : ceaa95;
022D4 : e1d4d4;
022D5 : e1d4d6;
022D6 : dfc1bd;
022D7 : eb944b;
022D8 : ffaa38;
022D9 : f9a041;
022DA : da603f;
022DB : c14e38;
022DC : c24b36;
022DD : cf5f40;
022DE : ce5852;
022DF : cd5a4f;
022E0 : cf6743;
022E1 : d16042;
022E2 : d56443;
022E3 : cd4038;
022E4 : c13931;
022E5 : d33b37;
022E6 : d83d39;
022E7 : d63c38;
022E8 : ce675b;
022E9 : d7af92;
022EA : e0b18d;
022EB : d45b4c;
022EC : c73935;
022ED : bd3f36;
022EE : bf8947;
022EF : a9a75c;
022F0 : b5964a;
022F1 : cfc632;
022F2 : c1d656;
022F3 : 7bcc66;
022F4 : 69cb83;
022F5 : 41bbb1;
022F6 : 9ecacb;
022F7 : e0d6d7;
022F8 : dfd4d3;
022F9 : b3c8b8;
022FA : 8ec261;
022FB : afca58;
022FC : 4bbba6;
022FD : 3ebfb3;
022FE : 5abf97;
022FF : a1c134;
02300 : 20803c;
02301 : 24813a;
02302 : 278540;
02303 : 27843e;
02304 : 1e7c3c;
02305 : 1b7537;
02306 : 3d8b35;
02307 : 27823b;
02308 : 1d7d41;
02309 : 1c7639;
0230A : 1d7638;
0230B : 217430;
0230C : 1f6f26;
0230D : 487c22;
0230E : 8a8e2f;
0230F : 56852a;
02310 : 397b29;
02311 : 959241;
02312 : 3f7520;
02313 : 407613;
02314 : 727d09;
02315 : 4b7734;
02316 : 527d5e;
02317 : 1f6b46;
02318 : 196848;
02319 : 1d6545;
0231A : 2c662b;
0231B : 1f6344;
0231C : 175a47;
0231D : 245c2a;
0231E : 315b18;
0231F : 395319;
02320 : 623e24;
02321 : 6a3926;
02322 : 793f2f;
02323 : 89663f;
02324 : 947342;
02325 : 786b32;
02326 : 7d6c32;
02327 : 5c5c07;
02328 : 5d6104;
02329 : 7e7823;
0232A : 958537;
0232B : 76742a;
0232C : 93875f;
0232D : 807a27;
0232E : 66552a;
0232F : 5c3e32;
02330 : 6a4938;
02331 : 73513c;
02332 : 6e4b38;
02333 : 81583f;
02334 : 97684a;
02335 : a07557;
02336 : 8f694e;
02337 : 7b533d;
02338 : 734735;
02339 : 814b38;
0233A : 935843;
0233B : 995d47;
0233C : 925642;
0233D : 925441;
0233E : 9e5e49;
0233F : a8654e;
02340 : af6c54;
02341 : b8765c;
02342 : c38168;
02343 : c07f67;
02344 : be7b64;
02345 : bd755c;
02346 : c0785d;
02347 : c88465;
02348 : c68263;
02349 : c37f5f;
0234A : c07f5f;
0234B : c08868;
0234C : c08d6d;
0234D : be8c6a;
0234E : b98562;
0234F : b78361;
02350 : b88564;
02351 : b78160;
02352 : c08e72;
02353 : dfcac7;
02354 : dccac9;
02355 : e1d6d1;
02356 : da9f8e;
02357 : e98437;
02358 : fba33a;
02359 : f69646;
0235A : c93f38;
0235B : a13d35;
0235C : ae4138;
0235D : b84039;
0235E : bf4744;
0235F : c95855;
02360 : d1554c;
02361 : d2513e;
02362 : d2543d;
02363 : d03d37;
02364 : c73c34;
02365 : d23c37;
02366 : de3f3c;
02367 : d23c37;
02368 : ca4c44;
02369 : d98b6b;
0236A : dfaa8c;
0236B : d24f4b;
0236C : ca3e3a;
0236D : c14c3d;
0236E : bf564f;
0236F : c06256;
02370 : c65556;
02371 : d1a43e;
02372 : d4d93b;
02373 : afcc29;
02374 : 8ac966;
02375 : 41bbb6;
02376 : 93c6c7;
02377 : ddd4d5;
02378 : c1cbc4;
02379 : 52b9ad;
0237A : 87c196;
0237B : 98c69c;
0237C : 87bfb8;
0237D : 56bfb3;
0237E : 66bd8f;
0237F : 9fc237;
02380 : 20803a;
02381 : 1f7f38;
02382 : 1e7f37;
02383 : 499343;
02384 : 4f8f2d;
02385 : 428925;
02386 : 3c8933;
02387 : 2f8645;
02388 : 1c7a3e;
02389 : 1b7437;
0238A : 1b7233;
0238B : 1e712f;
0238C : 2d7625;
0238D : 3f7e1a;
0238E : 337c1d;
0238F : 31812c;
02390 : 227635;
02391 : 286c2b;
02392 : 32731f;
02393 : 2c6f23;
02394 : 256829;
02395 : 4f763d;
02396 : 5c7e57;
02397 : 14695a;
02398 : 156758;
02399 : 19644d;
0239A : 1a5f42;
0239B : 175d4c;
0239C : 185a49;
0239D : 1b563c;
0239E : 255825;
0239F : 394f24;
023A0 : 803331;
023A1 : 813232;
023A2 : 77382b;
023A3 : 774027;
023A4 : 8f593f;
023A5 : 73692b;
023A6 : 5e5a0d;
023A7 : 605f08;
023A8 : 656712;
023A9 : 7f7334;
023AA : 9a8638;
023AB : 786d10;
023AC : 6a6e33;
023AD : 78741e;
023AE : 72582b;
023AF : 553a2e;
023B0 : 634636;
023B1 : 694a39;
023B2 : 704f3b;
023B3 : 75513c;
023B4 : 825b42;
023B5 : 8b664b;
023B6 : 815e45;
023B7 : 6d4a36;
023B8 : 6b4533;
023B9 : 804e3b;
023BA : 8c5440;
023BB : 8f5641;
023BC : 864e3b;
023BD : 8d513f;
023BE : a0604c;
023BF : ae6c54;
023C0 : b26f58;
023C1 : be8067;
023C2 : c5856c;
023C3 : c58871;
023C4 : c3846c;
023C5 : c48168;
023C6 : c27b62;
023C7 : c47f61;
023C8 : c27f61;
023C9 : bf7b5d;
023CA : c28566;
023CB : c08a6a;
023CC : bb8968;
023CD : ba8867;
023CE : b88665;
023CF : b58361;
023D0 : ba8766;
023D1 : ba8b6c;
023D2 : d6afab;
023D3 : dfbac0;
023D4 : dbc5c2;
023D5 : d1d0b8;
023D6 : d19e82;
023D7 : d77746;
023D8 : da7f47;
023D9 : df703e;
023DA : c3514c;
023DB : ab5756;
023DC : ae5253;
023DD : aa4b4b;
023DE : ad4744;
023DF : b34242;
023E0 : c94446;
023E1 : d03a38;
023E2 : d13b38;
023E3 : d03a36;
023E4 : d53f3b;
023E5 : db4641;
023E6 : d24843;
023E7 : cb5849;
023E8 : d44d43;
023E9 : ce403c;
023EA : cf484a;
023EB : d24042;
023EC : bc5c5c;
023ED : c05251;
023EE : c9494b;
023EF : c54546;
023F0 : bd6e4e;
023F1 : c9bd34;
023F2 : c9ce3e;
023F3 : d6ca0e;
023F4 : 8cc153;
023F5 : 38b9bc;
023F6 : 51bcbc;
023F7 : 85bf93;
023F8 : 70ba88;
023F9 : 78c590;
023FA : 79c4a8;
023FB : 88bfb9;
023FC : 78bfb9;
023FD : 47bcb1;
023FE : 76bf88;
023FF : 9ec354;
02400 : 22853c;
02401 : 1f7f38;
02402 : 248237;
02403 : 3b8b2f;
02404 : 5c9723;
02405 : 649912;
02406 : 4f911d;
02407 : 3b8941;
02408 : 237c3f;
02409 : 1a7235;
0240A : 1c7234;
0240B : 27752b;
0240C : 508414;
0240D : 46821a;
0240E : 2f812e;
0240F : 1c7035;
02410 : 1b6a36;
02411 : 226b30;
02412 : 1b6831;
02413 : 2e6c39;
02414 : 166336;
02415 : 2f6c48;
02416 : 39735b;
02417 : 10675d;
02418 : 146659;
02419 : 166251;
0241A : 165e4b;
0241B : 175c4b;
0241C : 1b5649;
0241D : 274f42;
0241E : 205337;
0241F : 1e532f;
02420 : 3b4e19;
02421 : 654815;
02422 : 83332f;
02423 : 873931;
02424 : 934430;
02425 : 7e462f;
02426 : 655c19;
02427 : 624b13;
02428 : 793e2c;
02429 : 8e5a43;
0242A : 7b561b;
0242B : 686211;
0242C : 505c17;
0242D : 635713;
0242E : 614827;
0242F : 52372a;
02430 : 5e4334;
02431 : 664a39;
02432 : 6e4e3c;
02433 : 6b4d3a;
02434 : 6f513c;
02435 : 775843;
02436 : 6a4e3c;
02437 : 553b2c;
02438 : 644231;
02439 : 724836;
0243A : 875440;
0243B : 8f5944;
0243C : 87513e;
0243D : 8f5543;
0243E : a46752;
0243F : b4765f;
02440 : b77a63;
02441 : bb8068;
02442 : c6927b;
02443 : cb9b85;
02444 : cb977f;
02445 : cf977f;
02446 : c6856b;
02447 : c48165;
02448 : c38467;
02449 : c18265;
0244A : c08465;
0244B : c08a6b;
0244C : b58565;
0244D : b68665;
0244E : b38463;
0244F : b78766;
02450 : b78666;
02451 : b58568;
02452 : cab7b7;
02453 : df99b0;
02454 : e4b5b7;
02455 : dcd7c6;
02456 : d7c3a8;
02457 : da8651;
02458 : db8e4d;
02459 : df6c41;
0245A : bd5454;
0245B : b85658;
0245C : ae4b4c;
0245D : b55452;
0245E : b14749;
0245F : bb4246;
02460 : c23d40;
02461 : cd3c38;
02462 : cf3e39;
02463 : cf3b36;
02464 : d23d38;
02465 : cf3f3b;
02466 : cd695e;
02467 : d78774;
02468 : cd3d39;
02469 : cd3b3a;
0246A : cb3b39;
0246B : b84646;
0246C : b65457;
0246D : cb595c;
0246E : cd4646;
0246F : c44541;
02470 : be965b;
02471 : c0c129;
02472 : d6ca1b;
02473 : ddcd1a;
02474 : 7cc07d;
02475 : 44bdbe;
02476 : 54c1ad;
02477 : 6fc165;
02478 : 8ac86f;
02479 : a1cf92;
0247A : 5fbfb2;
0247B : 61beb1;
0247C : 50beb3;
0247D : 7cc6aa;
0247E : b5cc9f;
0247F : c6d4a2;
02480 : 288939;
02481 : 39892b;
02482 : 408a2a;
02483 : 468e25;
02484 : 5e9518;
02485 : 689b1a;
02486 : 4c901f;
02487 : 3f8c37;
02488 : 348240;
02489 : 176f33;
0248A : 1b7233;
0248B : 397c21;
0248C : 4d871a;
0248D : 369138;
0248E : 1b793c;
0248F : 13673a;
02490 : 266b38;
02491 : 6f8341;
02492 : 166535;
02493 : 4d753b;
02494 : 1c6436;
02495 : 3e6f43;
02496 : 667f52;
02497 : 0e6457;
02498 : 13655a;
02499 : 156251;
0249A : 18604a;
0249B : 155d45;
0249C : 225249;
0249D : 6f3b3f;
0249E : 613a38;
0249F : 274739;
024A0 : 184b2e;
024A1 : 33501b;
024A2 : 584225;
024A3 : 813232;
024A4 : 8c3a31;
024A5 : 8a2f30;
024A6 : 8f4e3f;
024A7 : 814437;
024A8 : 610c0e;
024A9 : 702e24;
024AA : 680d12;
024AB : 67301a;
024AC : 675929;
024AD : 71412e;
024AE : 58402b;
024AF : 533829;
024B0 : 583c2d;
024B1 : 644839;
024B2 : 6b4e3e;
024B3 : 6b4f3e;
024B4 : 664d3d;
024B5 : 674f3f;
024B6 : 574234;
024B7 : 4d3729;
024B8 : 5e3f30;
024B9 : 6c4635;
024BA : 825440;
024BB : 92604a;
024BC : 8d5844;
024BD : 975e4a;
024BE : a16752;
024BF : b67b65;
024C0 : bc826c;
024C1 : bc846d;
024C2 : c5947d;
024C3 : c99c87;
024C4 : c89a84;
024C5 : cd9a84;
024C6 : c78c73;
024C7 : c58669;
024C8 : c98c6f;
024C9 : c4896b;
024CA : c18769;
024CB : b88467;
024CC : b28568;
024CD : b18365;
024CE : af8163;
024CF : b08465;
024D0 : ba8462;
024D1 : b07558;
024D2 : c4bcbb;
024D3 : e0afbf;
024D4 : e1b2b8;
024D5 : e2d6d7;
024D6 : e0beb6;
024D7 : db8650;
024D8 : dc834c;
024D9 : dd673f;
024DA : c54c49;
024DB : b25b5c;
024DC : b05252;
024DD : c75e45;
024DE : c55146;
024DF : c04b4f;
024E0 : ca494a;
024E1 : ca403b;
024E2 : ce3c37;
024E3 : d5473f;
024E4 : d64740;
024E5 : db7b68;
024E6 : f1cfb3;
024E7 : dd96a3;
024E8 : da6573;
024E9 : cc4747;
024EA : c35152;
024EB : b54f52;
024EC : c15156;
024ED : ce4748;
024EE : d13c3c;
024EF : cd3c40;
024F0 : c66e52;
024F1 : bfc52f;
024F2 : ddc900;
024F3 : cccb2e;
024F4 : 6bc19e;
024F5 : 9dca63;
024F6 : 98cb4f;
024F7 : b6d866;
024F8 : a9d473;
024F9 : 86cb9f;
024FA : a7d482;
024FB : 8cc348;
024FC : a6c53a;
024FD : aec869;
024FE : b1ca84;
024FF : 9cc254;
02500 : 438e26;
02501 : 5c9217;
02502 : 438c29;
02503 : 549420;
02504 : 5c9518;
02505 : 5a9623;
02506 : 58993e;
02507 : 3f8a30;
02508 : 2d7b37;
02509 : 1e7236;
0250A : 1d702f;
0250B : 418520;
0250C : 2e8b33;
0250D : 22853d;
0250E : 156c3a;
0250F : 126739;
02510 : 286937;
02511 : a29245;
02512 : 4b7439;
02513 : 8c8a42;
02514 : 336c37;
02515 : 37693a;
02516 : 617a43;
02517 : 0c5b3c;
02518 : 116150;
02519 : 156152;
0251A : 165f50;
0251B : 3d544c;
0251C : 554a49;
0251D : 4c4442;
0251E : 5b3c39;
0251F : 6a3736;
02520 : 543b33;
02521 : 304426;
02522 : 234a1e;
02523 : 49421b;
02524 : 85412a;
02525 : 9e5f30;
02526 : 8c3529;
02527 : 843a35;
02528 : 824b39;
02529 : 6d201b;
0252A : 7c352b;
0252B : 75221d;
0252C : 746940;
0252D : 6b654c;
0252E : 4e3525;
0252F : 543829;
02530 : 583d2e;
02531 : 594132;
02532 : 63493a;
02533 : 6c5142;
02534 : 6c5343;
02535 : 685042;
02536 : 5b4639;
02537 : 523d31;
02538 : 5d4032;
02539 : 694636;
0253A : 754c3b;
0253B : 91604b;
0253C : 97624e;
0253D : 9d6651;
0253E : a36c57;
0253F : ae7660;
02540 : b47c67;
02541 : b9826b;
02542 : b8826b;
02543 : b8826b;
02544 : b9836c;
02545 : c48e79;
02546 : c48d75;
02547 : c78f74;
02548 : c88e72;
02549 : c4896c;
0254A : c0896c;
0254B : af8268;
0254C : a97d63;
0254D : ad8165;
0254E : ac8165;
0254F : b38163;
02550 : c4825f;
02551 : 9c6350;
02552 : cecaca;
02553 : dec1cb;
02554 : dfb1bd;
02555 : e3d8d7;
02556 : dda789;
02557 : da7e4a;
02558 : d97547;
02559 : dd865b;
0255A : c36c5f;
0255B : b15758;
0255C : bc5a4f;
0255D : cb5e44;
0255E : c14e46;
0255F : c1484c;
02560 : c45150;
02561 : c44842;
02562 : d23936;
02563 : dd5b52;
02564 : e79990;
02565 : f8dabb;
02566 : f6dbc3;
02567 : e6a19c;
02568 : d44b4f;
02569 : ca4647;
0256A : b85355;
0256B : be5a5d;
0256C : ba6164;
0256D : c34f4f;
0256E : c74544;
0256F : bc5753;
02570 : cb9351;
02571 : c6b956;
02572 : d8d344;
02573 : 95c987;
02574 : 63c4b2;
02575 : bbce3f;
02576 : abcb43;
02577 : c0d876;
02578 : 8aceb9;
02579 : 9dd39e;
0257A : dce891;
0257B : cfe285;
0257C : bdd050;
0257D : a4c652;
0257E : 7bbf57;
0257F : 63b75f;
02580 : 5e921c;
02581 : 689012;
02582 : 438c2a;
02583 : 519420;
02584 : 438c26;
02585 : 2c7e31;
02586 : 589441;
02587 : 74a134;
02588 : 2d782b;
02589 : 317e3b;
0258A : 207431;
0258B : 368c2f;
0258C : 2b8935;
0258D : 197239;
0258E : 136a3b;
0258F : 13673a;
02590 : 156638;
02591 : 52753a;
02592 : 5a7537;
02593 : a18e41;
02594 : 687d3d;
02595 : 426d3b;
02596 : 627940;
02597 : 0e5730;
02598 : 145931;
02599 : 145a38;
0259A : 2d5f38;
0259B : 6d6843;
0259C : 884d51;
0259D : 6e353b;
0259E : 633a39;
0259F : 5c3a36;
025A0 : 643531;
025A1 : 723331;
025A2 : 623d27;
025A3 : 605319;
025A4 : 7f5722;
025A5 : 9f632f;
025A6 : 84321e;
025A7 : 5e0a0e;
025A8 : 691c19;
025A9 : 722620;
025AA : 6b1f18;
025AB : 6a1614;
025AC : 766250;
025AD : 6f7162;
025AE : 463126;
025AF : 543627;
025B0 : 5a3f31;
025B1 : 5b4334;
025B2 : 594236;
025B3 : 654d3f;
025B4 : 70584a;
025B5 : 6d5547;
025B6 : 685144;
025B7 : 604b3f;
025B8 : 5f473b;
025B9 : 67493b;
025BA : 714e3e;
025BB : 825947;
025BC : 8c5f4c;
025BD : 94614d;
025BE : 9d6853;
025BF : a8735e;
025C0 : a77460;
025C1 : a3725f;
025C2 : ac7862;
025C3 : ad7761;
025C4 : ad7863;
025C5 : af7b66;
025C6 : ba866e;
025C7 : ba846c;
025C8 : bd866d;
025C9 : be8a6e;
025CA : b6886d;
025CB : af8469;
025CC : af8468;
025CD : ab8065;
025CE : af7e62;
025CF : c28464;
025D0 : ba7759;
025D1 : 6b3d36;
025D2 : cfc9c8;
025D3 : ddcad1;
025D4 : e1bbc3;
025D5 : dfb29b;
025D6 : dd9960;
025D7 : da814c;
025D8 : da7d51;
025D9 : e6a984;
025DA : c97162;
025DB : c66047;
025DC : be5b4a;
025DD : cb5e49;
025DE : bd4e51;
025DF : c0484a;
025E0 : c44646;
025E1 : c13e3a;
025E2 : c23a35;
025E3 : dc6a65;
025E4 : e3aeb1;
025E5 : fce5c4;
025E6 : edc0b8;
025E7 : d95b5e;
025E8 : c44f52;
025E9 : bd686c;
025EA : bc676b;
025EB : b96469;
025EC : ba6b6c;
025ED : be6967;
025EE : c96056;
025EF : d1794d;
025F0 : d5bf33;
025F1 : c0c84b;
025F2 : d8e091;
025F3 : a5d4a6;
025F4 : 5dc5b4;
025F5 : bbd25f;
025F6 : c7d77f;
025F7 : 78c8ad;
025F8 : 6dc7c6;
025F9 : d3e5a8;
025FA : e1ec9a;
025FB : deec97;
025FC : c9e9a3;
025FD : b5de91;
025FE : 92cd67;
025FF : 8bbf30;
02600 : 6c9210;
02601 : 689011;
02602 : 518f20;
02603 : 36842d;
02604 : 1a733a;
02605 : 16703a;
02606 : 166e36;
02607 : 558a2c;
02608 : 5b912c;
02609 : 42842f;
0260A : 337f36;
0260B : 318b33;
0260C : 1f7936;
0260D : 146c3b;
0260E : 12693c;
0260F : 13683b;
02610 : 136638;
02611 : 0f6335;
02612 : 0b5d2e;
02613 : 47682c;
02614 : 928538;
02615 : 386635;
02616 : 436b37;
02617 : 10572e;
02618 : 15582c;
02619 : 185933;
0261A : 5b6514;
0261B : 5e6206;
0261C : 415336;
0261D : 224c46;
0261E : 384239;
0261F : 603633;
02620 : 703433;
02621 : 6e3233;
02622 : 8a4f45;
02623 : 8a4235;
02624 : 893f30;
02625 : 803327;
02626 : 7a201a;
02627 : 680d10;
02628 : 5e090d;
02629 : 6b221b;
0262A : 7e3e21;
0262B : 6b1811;
0262C : 706455;
0262D : 778079;
0262E : 554843;
0262F : 573829;
02630 : 5f4233;
02631 : 63483a;
02632 : 5e4639;
02633 : 5d4539;
02634 : 664e41;
02635 : 6d5447;
02636 : 71574a;
02637 : 71574a;
02638 : 664d41;
02639 : 664b3f;
0263A : 735546;
0263B : 7d5c4c;
0263C : 856251;
0263D : 8b6351;
0263E : 996a57;
0263F : 9e715e;
02640 : a07662;
02641 : 946e5b;
02642 : 986e59;
02643 : 9d705c;
02644 : aa7963;
02645 : ac7c67;
02646 : aa7c65;
02647 : ae7f67;
02648 : af816a;
02649 : a87d64;
0264A : b1846a;
0264B : b08469;
0264C : ad8065;
0264D : ab7c5f;
0264E : bd8363;
0264F : c78666;
02650 : 864d3b;
02651 : 5f4545;
02652 : e0dee0;
02653 : d9d9da;
02654 : cac9c7;
02655 : d2bab1;
02656 : ddae9c;
02657 : dfa884;
02658 : df9f7a;
02659 : dea37e;
0265A : d39478;
0265B : c87964;
0265C : ac4b48;
0265D : b85552;
0265E : c15f62;
0265F : c44d4e;
02660 : c85354;
02661 : ba423f;
02662 : c04f58;
02663 : db8195;
02664 : e4b6b3;
02665 : fdeac6;
02666 : e9b0aa;
02667 : d14e58;
02668 : cb4b4d;
02669 : bc5c60;
0266A : bb5e5e;
0266B : c3625d;
0266C : d06e51;
0266D : d35c4d;
0266E : d4464b;
0266F : d3603f;
02670 : d3a035;
02671 : cfb367;
02672 : eee8d9;
02673 : b0cec2;
02674 : 5ac1b0;
02675 : c8d876;
02676 : b6d48d;
02677 : 34bbba;
02678 : 45bfb9;
02679 : b6dd8b;
0267A : add682;
0267B : 97d389;
0267C : 9ed363;
0267D : 98d47e;
0267E : b0e4aa;
0267F : 96d27a;
02680 : 498420;
02681 : 397e29;
02682 : 237632;
02683 : 177138;
02684 : 187138;
02685 : 197038;
02686 : 186f38;
02687 : 397d25;
02688 : 61942b;
02689 : 569242;
0268A : 569241;
0268B : 20793d;
0268C : 146b3a;
0268D : 136a3a;
0268E : 13693c;
0268F : 13673b;
02690 : 126537;
02691 : 126132;
02692 : 125c2c;
02693 : 26602a;
02694 : 8b833b;
02695 : 4d6e39;
02696 : 5a733b;
02697 : 0e562d;
02698 : 13572e;
02699 : 275c2f;
0269A : 685f1d;
0269B : 545c08;
0269C : 535819;
0269D : 2a5139;
0269E : 124d3b;
0269F : 1a4830;
026A0 : 4a3f2f;
026A1 : 733b38;
026A2 : 844842;
026A3 : 7d2f32;
026A4 : 7d2b2f;
026A5 : 641215;
026A6 : 6a1010;
026A7 : 721113;
026A8 : 691012;
026A9 : 5e090d;
026AA : 77331c;
026AB : 7a5737;
026AC : 717162;
026AD : 899393;
026AE : 6b6362;
026AF : 614034;
026B0 : 69493a;
026B1 : 694c3c;
026B2 : 694f3f;
026B3 : 60483c;
026B4 : 60483c;
026B5 : 634c40;
026B6 : 6e5447;
026B7 : 705649;
026B8 : 73584b;
026B9 : 705447;
026BA : 715446;
026BB : 76594a;
026BC : 795c4e;
026BD : 785c4d;
026BE : 795b4d;
026BF : 7b5d4f;
026C0 : 836353;
026C1 : 846452;
026C2 : 896755;
026C3 : 8d6a58;
026C4 : 916c5a;
026C5 : 98725f;
026C6 : a27a63;
026C7 : aa8066;
026C8 : a57a61;
026C9 : ab7e64;
026CA : b3856a;
026CB : ae8064;
026CC : a9785b;
026CD : b5805f;
026CE : c28867;
026CF : b5765a;
026D0 : 451f1a;
026D1 : 725e5e;
026D2 : dfdee1;
026D3 : dfe0e3;
026D4 : c2c7cb;
026D5 : aeb4bb;
026D6 : c6c5c6;
026D7 : d9d2d0;
026D8 : ebe2d7;
026D9 : dea684;
026DA : dbaf8d;
026DB : ba716a;
026DC : b2655b;
026DD : c4534c;
026DE : c94a4b;
026DF : c8494c;
026E0 : c24b4d;
026E1 : c1494d;
026E2 : c75f79;
026E3 : dd95a8;
026E4 : e8c0b7;
026E5 : f8d9b7;
026E6 : d8665e;
026E7 : bd5358;
026E8 : c74f54;
026E9 : d24846;
026EA : d46d4c;
026EB : d5734b;
026EC : d76b4a;
026ED : d4413b;
026EE : d43a3a;
026EF : d6575c;
026F0 : da9365;
026F1 : e6c294;
026F2 : e5e8c0;
026F3 : b6cd79;
026F4 : 56bcaf;
026F5 : 99d3ac;
026F6 : 9ad1b1;
026F7 : 50c2c1;
026F8 : 4bc1be;
026F9 : accd6e;
026FA : 9ccf6a;
026FB : 8fd396;
026FC : a0d365;
026FD : 89d285;
026FE : 90dfb1;
026FF : 95e1bb;
02700 : 1a7237;
02701 : 156e39;
02702 : 177038;
02703 : 197139;
02704 : 187038;
02705 : 176f38;
02706 : 1a6f38;
02707 : 398027;
02708 : 458828;
02709 : 458838;
0270A : 6da156;
0270B : 1f743d;
0270C : 136838;
0270D : 12673a;
0270E : 12673c;
0270F : 126539;
02710 : 0f6133;
02711 : 105b2f;
02712 : 135b2f;
02713 : 165c32;
02714 : 2c6235;
02715 : 1f5d31;
02716 : 255e30;
02717 : 14572e;
02718 : 10562e;
02719 : 3e5f1b;
0271A : 655b12;
0271B : 4d5b08;
0271C : 615111;
0271D : 684b18;
0271E : 4d432f;
0271F : 2f4434;
02720 : 3e412e;
02721 : 3c4429;
02722 : 4e3729;
02723 : 732a2d;
02724 : 6f1719;
02725 : 690f11;
02726 : 670e0f;
02727 : 6a0f11;
02728 : 690f11;
02729 : 692622;
0272A : 6d5642;
0272B : 636550;
0272C : 797f75;
0272D : 959fa5;
0272E : 7d787c;
0272F : 65453a;
02730 : 775445;
02731 : 745442;
02732 : 765946;
02733 : 6f5444;
02734 : 6b5144;
02735 : 694f43;
02736 : 6a4f43;
02737 : 715648;
02738 : 73584b;
02739 : 775b4d;
0273A : 7b6050;
0273B : 795c4d;
0273C : 7a5d4e;
0273D : 7a5e4e;
0273E : 7e6251;
0273F : 836654;
02740 : 8b6d5a;
02741 : 8f705d;
02742 : 94745f;
02743 : 9b7862;
02744 : 9d7962;
02745 : a17c65;
02746 : aa8268;
02747 : ad8469;
02748 : ab8066;
02749 : b18569;
0274A : b08265;
0274B : aa795c;
0274C : b17e5e;
0274D : c18c68;
0274E : c48b6a;
0274F : 8f5842;
02750 : 270f0f;
02751 : 7a6362;
02752 : d9d8db;
02753 : dee1e5;
02754 : d5d9df;
02755 : abb2bd;
02756 : c1c7cd;
02757 : d3d6d9;
02758 : d8dadc;
02759 : decdc1;
0275A : d1a98e;
0275B : ca8c60;
0275C : b89452;
0275D : cd6f5c;
0275E : ce575d;
0275F : c75555;
02760 : c2474a;
02761 : c65867;
02762 : d46d8a;
02763 : d85c6b;
02764 : eab6a5;
02765 : ea9d88;
02766 : d04546;
02767 : bb656b;
02768 : c76b75;
02769 : d35659;
0276A : d56147;
0276B : d56850;
0276C : dc7a7d;
0276D : db525c;
0276E : d53b3d;
0276F : d56566;
02770 : e4c83c;
02771 : e6d539;
02772 : d0ce49;
02773 : cbcd43;
02774 : 92cda5;
02775 : 4bbdb4;
02776 : 74c5be;
02777 : c0dcda;
02778 : bdd0d1;
02779 : c8d1bb;
0277A : 96d086;
0277B : 95d38a;
0277C : 98c862;
0277D : 94d591;
0277E : 8adca9;
0277F : 85d59d;
02780 : 2a7a3a;
02781 : 1c713a;
02782 : 186f38;
02783 : 197038;
02784 : 176e37;
02785 : 176d37;
02786 : 186d35;
02787 : 2e7925;
02788 : 36832a;
02789 : 267835;
0278A : 1b7039;
0278B : 166c38;
0278C : 136635;
0278D : 126434;
0278E : 126334;
0278F : 116032;
02790 : 196329;
02791 : 216723;
02792 : 12592a;
02793 : 145a32;
02794 : 155c35;
02795 : 12562d;
02796 : 10542a;
02797 : 2c5d2d;
02798 : 666c35;
02799 : 6e503a;
0279A : 74492f;
0279B : 684720;
0279C : 634e11;
0279D : 655108;
0279E : 6a4916;
0279F : 5f4b28;
027A0 : 703936;
027A1 : 753736;
027A2 : 6e3130;
027A3 : 752b2e;
027A4 : 6c1b1e;
027A5 : 650e10;
027A6 : 701415;
027A7 : 781919;
027A8 : 763a34;
027A9 : 7a7967;
027AA : 60634e;
027AB : 696b57;
027AC : 828982;
027AD : 8f999c;
027AE : 9b9da6;
027AF : 5b423e;
027B0 : 815c4f;
027B1 : 876552;
027B2 : 886852;
027B3 : 866651;
027B4 : 7f604e;
027B5 : 775a4a;
027B6 : 745849;
027B7 : 73574a;
027B8 : 73574a;
027B9 : 775c4d;
027BA : 806552;
027BB : 846755;
027BC : 816453;
027BD : 866855;
027BE : 92715c;
027BF : 987761;
027C0 : 9b7a65;
027C1 : 9a7b66;
027C2 : a2826b;
027C3 : a7856c;
027C4 : a7836b;
027C5 : ac886e;
027C6 : ab856b;
027C7 : aa8367;
027C8 : ab8064;
027C9 : ad8063;
027CA : ab7b5e;
027CB : b38161;
027CC : bf8c69;
027CD : c5916d;
027CE : b88062;
027CF : 63372c;
027D0 : 331d1e;
027D1 : 967c78;
027D2 : d8d8dc;
027D3 : e0e3e8;
027D4 : d6dae0;
027D5 : adb3bc;
027D6 : ccd0d4;
027D7 : d9dbdf;
027D8 : d5d7db;
027D9 : d4d8da;
027DA : d2d0cc;
027DB : d5cba2;
027DC : c28d70;
027DD : cd7980;
027DE : d98197;
027DF : cd727a;
027E0 : c95e6a;
027E1 : cc525d;
027E2 : d15059;
027E3 : da5055;
027E4 : e1989b;
027E5 : e19fa3;
027E6 : c26466;
027E7 : b45c62;
027E8 : bf6d74;
027E9 : c9616c;
027EA : dc6e83;
027EB : dc8498;
027EC : c5a383;
027ED : df9793;
027EE : dc6a80;
027EF : db9391;
027F0 : e8d97d;
027F1 : dcd455;
027F2 : e8dd7f;
027F3 : b9d088;
027F4 : 95caab;
027F5 : 8ac8c7;
027F6 : d4d2d4;
027F7 : dab8c6;
027F8 : e2bac8;
027F9 : ece5e4;
027FA : aad59d;
027FB : 8ad28c;
027FC : a5d893;
027FD : a5d380;
027FE : 93d394;
027FF : 8ad397;
02800 : 46862f;
02801 : 247339;
02802 : 176a39;
02803 : 1a6c38;
02804 : 196c37;
02805 : 156934;
02806 : 146832;
02807 : 427a30;
02808 : 4d8630;
02809 : 166e37;
0280A : 136935;
0280B : 126734;
0280C : 136433;
0280D : 136031;
0280E : 15612d;
0280F : 1e682a;
02810 : 31741e;
02811 : 30701a;
02812 : 135627;
02813 : 11542f;
02814 : 1b5d35;
02815 : 125228;
02816 : 145229;
02817 : 1a542b;
02818 : 49611c;
02819 : 725327;
0281A : 85393f;
0281B : 823838;
0281C : 7c4b29;
0281D : 6f5707;
0281E : 753d20;
0281F : 743630;
02820 : 6e3936;
02821 : 713132;
02822 : 762c30;
02823 : 782a30;
02824 : 73252b;
02825 : 4b1112;
02826 : 623228;
02827 : 7b6755;
02828 : 7d8980;
02829 : 737b6d;
0282A : 5f604d;
0282B : 666755;
0282C : 757b73;
0282D : 959fa1;
0282E : b2b7c4;
0282F : 504448;
02830 : 7a584c;
02831 : 8f6d5a;
02832 : 93705b;
02833 : 98745c;
02834 : 917058;
02835 : 876953;
02836 : 816551;
02837 : 7c604f;
02838 : 7a5e4e;
02839 : 7c6150;
0283A : 836854;
0283B : 8a6e59;
0283C : 846854;
0283D : 876a56;
0283E : 886954;
0283F : 906f5a;
02840 : 987661;
02841 : 9d7d67;
02842 : a4846c;
02843 : af8d73;
02844 : ad8a71;
02845 : ab886d;
02846 : ae886c;
02847 : ad8568;
02848 : b08567;
02849 : b48666;
0284A : b88866;
0284B : c1916c;
0284C : c59570;
0284D : c4936f;
0284E : 9d6c52;
0284F : 3e211d;
02850 : 503a3b;
02851 : 9c827d;
02852 : d3d2d6;
02853 : e3e6ed;
02854 : d3d8e0;
02855 : b5bbc3;
02856 : d4d7dc;
02857 : dddfe3;
02858 : d8dbdf;
02859 : d4d6da;
0285A : d6d8d9;
0285B : d5d7db;
0285C : cdcbcc;
0285D : cbb3b3;
0285E : cd8c98;
0285F : df8da6;
02860 : d4697d;
02861 : cc464d;
02862 : d1464e;
02863 : d1565d;
02864 : de9392;
02865 : dc9595;
02866 : c0676f;
02867 : bf636d;
02868 : c05f69;
02869 : bc6067;
0286A : ce788b;
0286B : d9889e;
0286C : c39586;
0286D : a9b078;
0286E : bda59b;
0286F : f4e3e0;
02870 : efebe2;
02871 : e5e2ce;
02872 : eae5c5;
02873 : bbd38c;
02874 : b6d199;
02875 : c7d4d3;
02876 : e4d5da;
02877 : dcc4cf;
02878 : dccbd3;
02879 : e4dadd;
0287A : cbd9c4;
0287B : a0d896;
0287C : a7d26f;
0287D : acc53e;
0287E : 9dd281;
0287F : 96cda1;
02880 : 4d8419;
02881 : 3a7a23;
02882 : 156737;
02883 : 166836;
02884 : 166733;
02885 : 166632;
02886 : 146530;
02887 : 47712e;
02888 : ac9a42;
02889 : 3b753a;
0288A : 0e6431;
0288B : 126231;
0288C : 136232;
0288D : 125d30;
0288E : 1b6329;
0288F : 1b6227;
02890 : 155b27;
02891 : 22641e;
02892 : 225e20;
02893 : 0e502e;
02894 : 10522d;
02895 : 105027;
02896 : 135028;
02897 : 1d5227;
02898 : 445a0a;
02899 : 505706;
0289A : 724627;
0289B : 774626;
0289C : 79541d;
0289D : 7a4d17;
0289E : 734417;
0289F : 733d2b;
028A0 : 663b33;
028A1 : 632f2e;
028A2 : 6e2a29;
028A3 : 702b2b;
028A4 : 794e44;
028A5 : 756f59;
028A6 : 7b8673;
028A7 : 839590;
028A8 : 82938f;
028A9 : 777d70;
028AA : 696958;
028AB : 5a5b4d;
028AC : 70746e;
028AD : 949da0;
028AE : bbbfcb;
028AF : 797985;
028B0 : 6c5048;
028B1 : 9a7767;
028B2 : a17c69;
028B3 : 9e7b64;
028B4 : 98775e;
028B5 : 98785f;
028B6 : 92735b;
028B7 : 896b56;
028B8 : 836754;
028B9 : 806452;
028BA : 8a6e59;
028BB : 8d705b;
028BC : 8b6d59;
028BD : 8e6f5b;
028BE : 8e6d59;
028BF : 95735d;
028C0 : 9b7964;
028C1 : 9b7a65;
028C2 : a07e67;
028C3 : aa886e;
028C4 : af8d72;
028C5 : b69376;
028C6 : b99374;
028C7 : bc9271;
028C8 : c39672;
028C9 : c0926d;
028CA : c5966f;
028CB : c59772;
028CC : c59672;
028CD : ba8a68;
028CE : 774e3c;
028CF : 372223;
028D0 : 6c5556;
028D1 : 9b817c;
028D2 : d3d3d7;
028D3 : e2e7ef;
028D4 : cdd3dc;
028D5 : bcc1ca;
028D6 : d9dbdf;
028D7 : dedfe4;
028D8 : d9dbe0;
028D9 : d3d5da;
028DA : d2d4d8;
028DB : d6d7da;
028DC : d4d6d9;
028DD : d8dde0;
028DE : d4d7d8;
028DF : cfc1c4;
028E0 : d0979e;
028E1 : ce6066;
028E2 : d8515d;
028E3 : d23b40;
028E4 : d7565b;
028E5 : dc7b8b;
028E6 : de7f95;
028E7 : ce606d;
028E8 : ba545b;
028E9 : b95f64;
028EA : c46b67;
028EB : da7c6c;
028EC : b1776b;
028ED : 99aa8b;
028EE : cab5a8;
028EF : f1e9e1;
028F0 : ebe5dd;
028F1 : e4d9b6;
028F2 : f0e9c2;
028F3 : c0d376;
028F4 : bdd080;
028F5 : c9d1d3;
028F6 : d6d4d8;
028F7 : dad6d9;
028F8 : d7d3d6;
028F9 : dbd6d6;
028FA : dbd5d3;
028FB : aaca81;
028FC : aac62e;
028FD : c8cf47;
028FE : abd685;
028FF : 96ae87;
02900 : 4a821a;
02901 : 51851c;
02902 : 1f6a32;
02903 : 156636;
02904 : 146534;
02905 : 156431;
02906 : 16642e;
02907 : 246229;
02908 : 757b33;
02909 : 58763a;
0290A : 0b5e30;
0290B : 0a5d2e;
0290C : 0e5d2e;
0290D : 12592d;
0290E : 12582a;
0290F : 10552a;
02910 : 10522a;
02911 : 135027;
02912 : 285e1d;
02913 : 104e2a;
02914 : 134f27;
02915 : 27561e;
02916 : 195022;
02917 : 265324;
02918 : 405711;
02919 : 4a540a;
0291A : 444d2a;
0291B : 364c2d;
0291C : 574f29;
0291D : 87572b;
0291E : 71322d;
0291F : 6f3b2e;
02920 : 693a2d;
02921 : 6c2c2a;
02922 : 785647;
02923 : 7f7d64;
02924 : 838c74;
02925 : 7b826e;
02926 : 86918c;
02927 : 8d9e9e;
02928 : 859591;
02929 : 798077;
0292A : 6f7163;
0292B : 5f5f51;
0292C : 686c64;
0292D : 858d8d;
0292E : afb4bd;
0292F : adb2c2;
02930 : 766669;
02931 : 987466;
02932 : a47f6c;
02933 : a7846d;
02934 : a07e66;
02935 : a38268;
02936 : 9f7e64;
02937 : 977760;
02938 : 94755e;
02939 : 8d6f5a;
0293A : 92735e;
0293B : 93735e;
0293C : 9a7962;
0293D : a17f66;
0293E : 9f7d65;
0293F : a6836a;
02940 : ab886e;
02941 : a9866d;
02942 : ac8a70;
02943 : b39176;
02944 : be9c7e;
02945 : c5a07f;
02946 : cba27f;
02947 : cba07c;
02948 : c99c76;
02949 : c49671;
0294A : c99d76;
0294B : c69a76;
0294C : c19573;
0294D : a3755a;
0294E : 533127;
0294F : 4d3c3f;
02950 : 786161;
02951 : 9f8a86;
02952 : d5d6da;
02953 : e5eaf1;
02954 : c9ced9;
02955 : c8ccd4;
02956 : dbdde1;
02957 : dee0e4;
02958 : dadbe0;
02959 : d3d5db;
0295A : cfd2d8;
0295B : d3d5d8;
0295C : d9d9db;
0295D : dadbdd;
0295E : d9dbdf;
0295F : cdd2d5;
02960 : ced4d4;
02961 : d5cece;
02962 : d6a7aa;
02963 : d46c6a;
02964 : d85c5d;
02965 : de7980;
02966 : d75c62;
02967 : c25057;
02968 : b95960;
02969 : b85f5f;
0296A : cd6d50;
0296B : d65b46;
0296C : ce3f3f;
0296D : c1765c;
0296E : c0c98f;
0296F : f0e4d8;
02970 : e5ddd3;
02971 : e6dcbf;
02972 : ede0bf;
02973 : ddd569;
02974 : c0cd63;
02975 : bdccc8;
02976 : d1cdcc;
02977 : d7d2d4;
02978 : dbd5db;
02979 : d9cec4;
0297A : cbc799;
0297B : d1d2a6;
0297C : d4d379;
0297D : cbcf4c;
0297E : b4d68f;
0297F : 97c997;
02980 : 407c1a;
02981 : 548518;
02982 : 427b21;
02983 : 1d642e;
02984 : 396f20;
02985 : 286a25;
02986 : 115e2c;
02987 : 135f29;
02988 : 115c27;
02989 : 186226;
0298A : 2e6b27;
0298B : 5c7735;
0298C : 24612e;
0298D : 0e5429;
0298E : 0f5228;
0298F : 0f5027;
02990 : 0f4a27;
02991 : 0f492b;
02992 : 125133;
02993 : 0d4624;
02994 : 1e4b1e;
02995 : 545e0e;
02996 : 3e540e;
02997 : 224e2d;
02998 : 1b4b38;
02999 : 435011;
0299A : 2b4d31;
0299B : 314637;
0299C : 4e482c;
0299D : 785221;
0299E : 5f3727;
0299F : 5e4737;
029A0 : 6d6d52;
029A1 : 86876f;
029A2 : 8c9782;
029A3 : 889482;
029A4 : 8e9a94;
029A5 : 7a8074;
029A6 : 8e9999;
029A7 : 96a6a8;
029A8 : 889895;
029A9 : 7c857e;
029AA : 737569;
029AB : 666658;
029AC : 5c5f56;
029AD : 7d8482;
029AE : a9aeb7;
029AF : c1c5d0;
029B0 : 9599ab;
029B1 : 927268;
029B2 : a7816f;
029B3 : ae8974;
029B4 : b18e75;
029B5 : af8d73;
029B6 : a8876e;
029B7 : a6866d;
029B8 : 9b7b64;
029B9 : 9a7963;
029BA : 987861;
029BB : 9d7a64;
029BC : a58168;
029BD : ad896d;
029BE : ad896d;
029BF : b08d71;
029C0 : b59174;
029C1 : b89577;
029C2 : ba977a;
029C3 : bf9b7e;
029C4 : c6a282;
029C5 : cca683;
029C6 : cea683;
029C7 : cba17d;
029C8 : cba07c;
029C9 : cba07b;
029CA : cba17e;
029CB : c69d7a;
029CC : ba8f6f;
029CD : 845944;
029CE : 412521;
029CF : 67575d;
029D0 : 7d6766;
029D1 : a89993;
029D2 : d8d9dc;
029D3 : e1e6ee;
029D4 : c1c6d2;
029D5 : d0d3da;
029D6 : dddee3;
029D7 : dee0e4;
029D8 : dbdce1;
029D9 : d4d6dc;
029DA : ced1d7;
029DB : cfd2d7;
029DC : d7d8da;
029DD : d9dadc;
029DE : d5d6d8;
029DF : c6c8c7;
029E0 : c8caca;
029E1 : d0d3d4;
029E2 : d0d6d9;
029E3 : d1d6d6;
029E4 : d4cac7;
029E5 : d5acac;
029E6 : d07e7f;
029E7 : c7666c;
029E8 : bc676a;
029E9 : c34d4d;
029EA : d44d40;
029EB : d64440;
029EC : d4393a;
029ED : c75d4c;
029EE : cfcaa9;
029EF : e0d18b;
029F0 : e3d7d3;
029F1 : decbd3;
029F2 : ddc8d0;
029F3 : e1d3a6;
029F4 : cecd62;
029F5 : c8cfc9;
029F6 : d4cdce;
029F7 : e2d8de;
029F8 : dcd4d6;
029F9 : bfc7aa;
029FA : d2cc84;
029FB : d4cc90;
029FC : d8cdb4;
029FD : cfce87;
029FE : bcdb9a;
029FF : 9fd3a0;
02A00 : 3a781c;
02A01 : 487f19;
02A02 : 4d8018;
02A03 : 3f6f19;
02A04 : 708205;
02A05 : 376c1b;
02A06 : 135b2a;
02A07 : 1d6227;
02A08 : 185f27;
02A09 : 206622;
02A0A : 2f631f;
02A0B : 8d7b2d;
02A0C : 717534;
02A0D : 0b4e24;
02A0E : 0f4e25;
02A0F : 0f4824;
02A10 : 0e4424;
02A11 : 0e4325;
02A12 : 0e4627;
02A13 : 0e411e;
02A14 : 11401c;
02A15 : 284813;
02A16 : 4b5308;
02A17 : 284b28;
02A18 : 194639;
02A19 : 444d12;
02A1A : 274626;
02A1B : 2d3c26;
02A1C : 52412a;
02A1D : 826441;
02A1E : 857967;
02A1F : 878e79;
02A20 : 868f7a;
02A21 : 919b90;
02A22 : 9da7a4;
02A23 : a5b1b4;
02A24 : 99a6a9;
02A25 : 7c8277;
02A26 : 9aa5a9;
02A27 : 9eadb0;
02A28 : 8e9d9b;
02A29 : 818b84;
02A2A : 767a71;
02A2B : 6c6b5f;
02A2C : 575951;
02A2D : 777c7b;
02A2E : a9b1b9;
02A2F : bbbfc7;
02A30 : acb3c7;
02A31 : 8a7c7f;
02A32 : 9f7866;
02A33 : b28d79;
02A34 : b9967d;
02A35 : bd9a80;
02A36 : b7967d;
02A37 : ad8e73;
02A38 : ab8c72;
02A39 : a4836c;
02A3A : 9f7c66;
02A3B : a27f67;
02A3C : a9856b;
02A3D : ae8a6d;
02A3E : b49072;
02A3F : b69274;
02A40 : bb9677;
02A41 : bd9979;
02A42 : bf9a7d;
02A43 : c4a081;
02A44 : caa483;
02A45 : cda684;
02A46 : cca481;
02A47 : cda582;
02A48 : cea582;
02A49 : cea683;
02A4A : cca482;
02A4B : c9a383;
02A4C : b1886b;
02A4D : 6a4334;
02A4E : 4b3433;
02A4F : 75666c;
02A50 : 846f6c;
02A51 : a8a5aa;
02A52 : c0c7d2;
02A53 : d6dce6;
02A54 : bac1ce;
02A55 : d8dbe0;
02A56 : dddfe4;
02A57 : dedfe4;
02A58 : dadce0;
02A59 : d4d7dc;
02A5A : cdd0d7;
02A5B : ccd0d7;
02A5C : d4d5d9;
02A5D : d7d8da;
02A5E : d2d3d4;
02A5F : c9caca;
02A60 : cfd0d1;
02A61 : d4d6d7;
02A62 : d3d4d7;
02A63 : cdced0;
02A64 : d1d5d6;
02A65 : cbd1d1;
02A66 : d0d5d5;
02A67 : d2cdca;
02A68 : cbbbb7;
02A69 : d19895;
02A6A : d65152;
02A6B : d63737;
02A6C : d23a38;
02A6D : cc6561;
02A6E : dcd0d3;
02A6F : e1d6ca;
02A70 : e8dedd;
02A71 : e1d2d9;
02A72 : dfd2c3;
02A73 : e1d096;
02A74 : c5cb74;
02A75 : 80c6b4;
02A76 : dfd9dd;
02A77 : cad1bf;
02A78 : bfc4bf;
02A79 : aece80;
02A7A : bbcd6c;
02A7B : c2c676;
02A7C : d4c29b;
02A7D : d6c1bb;
02A7E : c1cb9a;
02A7F : a1c791;
02A80 : 2c6f1f;
02A81 : 38781c;
02A82 : 3e7619;
02A83 : 406f17;
02A84 : 597a08;
02A85 : 3f7415;
02A86 : 225f1f;
02A87 : 29661f;
02A88 : 175b27;
02A89 : 155627;
02A8A : 114d26;
02A8B : 194a21;
02A8C : 345224;
02A8D : 114822;
02A8E : 0e4522;
02A8F : 0d4120;
02A90 : 0d3f1f;
02A91 : 0d3d1d;
02A92 : 0d3c1c;
02A93 : 0e3b1b;
02A94 : 0f391a;
02A95 : 123a1a;
02A96 : 444c0a;
02A97 : 294721;
02A98 : 244324;
02A99 : 4a4a07;
02A9A : 334c26;
02A9B : 436042;
02A9C : 72806c;
02A9D : 8f9786;
02A9E : 929e8f;
02A9F : 899483;
02AA0 : 909a95;
02AA1 : a4aeb4;
02AA2 : adb8be;
02AA3 : acb7bf;
02AA4 : 8d9792;
02AA5 : 7f857d;
02AA6 : a5afb6;
02AA7 : a5b3b9;
02AA8 : 91a09f;
02AA9 : 84918b;
02AAA : 797f77;
02AAB : 707065;
02AAC : 5e5f56;
02AAD : 676c6b;
02AAE : 99a4aa;
02AAF : aab1b8;
02AB0 : bec1cc;
02AB1 : a4a8ba;
02AB2 : 90736c;
02AB3 : b08873;
02AB4 : bb977f;
02AB5 : c09e83;
02AB6 : c19f84;
02AB7 : be9d82;
02AB8 : bb9b80;
02AB9 : b4947a;
02ABA : a7866e;
02ABB : a48169;
02ABC : a78369;
02ABD : b08c6f;
02ABE : b99374;
02ABF : bf9879;
02AC0 : bf9a7a;
02AC1 : bf9a7a;
02AC2 : c29d7e;
02AC3 : c5a080;
02AC4 : cba484;
02AC5 : cda582;
02AC6 : d0aa88;
02AC7 : d0aa87;
02AC8 : d1ab88;
02AC9 : cfa886;
02ACA : cea786;
02ACB : c9a484;
02ACC : a88165;
02ACD : 5d3a2c;
02ACE : 695659;
02ACF : 7f7072;
02AD0 : 897673;
02AD1 : 99a1b4;
02AD2 : 8e9cb6;
02AD3 : c0c8d5;
02AD4 : c9ced8;
02AD5 : dcdee3;
02AD6 : dedfe4;
02AD7 : dddfe4;
02AD8 : d9dbe0;
02AD9 : d6d8dd;
02ADA : d0d3da;
02ADB : cfd2d9;
02ADC : d2d5db;
02ADD : d6d7db;
02ADE : d4d6d7;
02ADF : cfd0d1;
02AE0 : d3d4d5;
02AE1 : d7d8da;
02AE2 : d4d6d8;
02AE3 : cdcfd2;
02AE4 : d3d4d6;
02AE5 : cfd0d1;
02AE6 : ced0d0;
02AE7 : d2d5d5;
02AE8 : cfd3d3;
02AE9 : cbd3d2;
02AEA : d5c9c7;
02AEB : d67270;
02AEC : d33737;
02AED : da727e;
02AEE : e3d9de;
02AEF : e0d5db;
02AF0 : e6dfe1;
02AF1 : e2d8da;
02AF2 : d4d1ac;
02AF3 : cfd49c;
02AF4 : cfd075;
02AF5 : 86c585;
02AF6 : a4cbb1;
02AF7 : a2c98f;
02AF8 : b8b5b2;
02AF9 : b9caa7;
02AFA : b4ce50;
02AFB : ccc775;
02AFC : d3b99f;
02AFD : cdaea8;
02AFE : cbb7a5;
02AFF : b7d2a5;
02B00 : 246521;
02B01 : 286e22;
02B02 : 1b5f26;
02B03 : 1b5d22;
02B04 : 2d6617;
02B05 : 3e7213;
02B06 : 2c6219;
02B07 : 265f1d;
02B08 : 114d24;
02B09 : 114a23;
02B0A : 144c22;
02B0B : 21511f;
02B0C : 0f441f;
02B0D : 0d401e;
02B0E : 0e3d1d;
02B0F : 0d3c1d;
02B10 : 0d3a1b;
02B11 : 0d381a;
02B12 : 0d3719;
02B13 : 0d3618;
02B14 : 0e3518;
02B15 : 0c3215;
02B16 : 2c3f11;
02B17 : 535a2e;
02B18 : 6d6f48;
02B19 : 797d57;
02B1A : 848d77;
02B1B : 8e9787;
02B1C : 8d9687;
02B1D : 9aa39d;
02B1E : a8b1b1;
02B1F : aab4b6;
02B20 : a1aab0;
02B21 : a8b1b8;
02B22 : adb8bd;
02B23 : a1abaf;
02B24 : 82867c;
02B25 : 8d9591;
02B26 : afbac3;
02B27 : a9b6be;
02B28 : 98a7a9;
02B29 : 899691;
02B2A : 7e857e;
02B2B : 74756d;
02B2C : 67675e;
02B2D : 5c5f5c;
02B2E : 8a9398;
02B2F : 9ca4ab;
02B30 : c5c7cf;
02B31 : bdc0ce;
02B32 : a4a1b0;
02B33 : a1796a;
02B34 : b99279;
02B35 : c19e83;
02B36 : c6a489;
02B37 : c8a68b;
02B38 : c3a186;
02B39 : be9d81;
02B3A : b7967c;
02B3B : b29075;
02B3C : b39074;
02B3D : b79374;
02B3E : be9879;
02B3F : c39c7d;
02B40 : c39c7d;
02B41 : c19b7b;
02B42 : c39e7f;
02B43 : c8a182;
02B44 : cda787;
02B45 : d0aa89;
02B46 : d1ad8b;
02B47 : d1ad8c;
02B48 : d1ac8b;
02B49 : cfa988;
02B4A : cca685;
02B4B : c29d7e;
02B4C : 936c56;
02B4D : 563c37;
02B4E : 837779;
02B4F : 8a7979;
02B50 : 8a7c7c;
02B51 : 949eb5;
02B52 : 9eacc3;
02B53 : bfc6d2;
02B54 : d6dae1;
02B55 : dcdee4;
02B56 : dee0e4;
02B57 : dddfe3;
02B58 : d9dbe0;
02B59 : d7d9de;
02B5A : d4d6dd;
02B5B : d1d4db;
02B5C : d2d5dc;
02B5D : d6d8dd;
02B5E : d8d9dc;
02B5F : d5d6d7;
02B60 : d2d3d5;
02B61 : d5d6d9;
02B62 : d4d6d8;
02B63 : cfd1d4;
02B64 : d3d4d7;
02B65 : d5d6d9;
02B66 : d0d2d4;
02B67 : d1d3d2;
02B68 : d0d2d2;
02B69 : c9cbca;
02B6A : ced2d2;
02B6B : d4d6d5;
02B6C : d2aaaa;
02B6D : da95a9;
02B6E : e1cad3;
02B6F : dfdada;
02B70 : dad8d7;
02B71 : d2d3cf;
02B72 : cdd5db;
02B73 : bfdaed;
02B74 : cfd4be;
02B75 : aac47b;
02B76 : 88c472;
02B77 : 97c781;
02B78 : 92c28d;
02B79 : bdceb2;
02B7A : b5ce61;
02B7B : b7ce62;
02B7C : b3c27c;
02B7D : bec29e;
02B7E : dbdbcc;
02B7F : e5e1ce;
02B80 : 28642d;
02B81 : 165925;
02B82 : 165925;
02B83 : 195a25;
02B84 : 1b5a1c;
02B85 : 2a6415;
02B86 : 3f680f;
02B87 : 26551b;
02B88 : 104722;
02B89 : 114620;
02B8A : 16491f;
02B8B : 466411;
02B8C : 405b11;
02B8D : 133f1a;
02B8E : 0a381a;
02B8F : 0c3719;
02B90 : 0c3618;
02B91 : 0d3618;
02B92 : 0c3418;
02B93 : 0b3317;
02B94 : 062e12;
02B95 : 234329;
02B96 : 737f69;
02B97 : 8f9581;
02B98 : 919886;
02B99 : 929c90;
02B9A : 939d95;
02B9B : 8b978e;
02B9C : 969f9d;
02B9D : b4bcc2;
02B9E : c1cad2;
02B9F : aeb8be;
02BA0 : 9da5ab;
02BA1 : aab4ba;
02BA2 : a9b3b8;
02BA3 : 969f9e;
02BA4 : 808378;
02BA5 : a1aaac;
02BA6 : b5c1cb;
02BA7 : b1bcc6;
02BA8 : a3b0b5;
02BA9 : 8b9997;
02BAA : 818b85;
02BAB : 777b73;
02BAC : 6b6c64;
02BAD : 60615c;
02BAE : 787f7f;
02BAF : 98a0a6;
02BB0 : c1c6cf;
02BB1 : cbc9cf;
02BB2 : babfcf;
02BB3 : a39093;
02BB4 : aa7a62;
02BB5 : ba9175;
02BB6 : c19a7e;
02BB7 : c8a488;
02BB8 : ceac91;
02BB9 : cdaa8f;
02BBA : c6a488;
02BBB : be9b7f;
02BBC : bb987b;
02BBD : bc9779;
02BBE : c19b7d;
02BBF : c7a181;
02BC0 : c9a283;
02BC1 : c8a182;
02BC2 : c7a181;
02BC3 : c9a282;
02BC4 : cea98a;
02BC5 : d1ac8c;
02BC6 : d2ae8d;
02BC7 : d1ad8c;
02BC8 : d1ab8a;
02BC9 : cca584;
02BCA : c59f7f;
02BCB : a88166;
02BCC : 633f34;
02BCD : 716060;
02BCE : 8e8081;
02BCF : 928181;
02BD0 : 9a959b;
02BD1 : b8c1d2;
02BD2 : bec7d4;
02BD3 : c9cfd9;
02BD4 : dcdee5;
02BD5 : dcdee4;
02BD6 : dee0e5;
02BD7 : dddfe3;
02BD8 : d9dbe0;
02BD9 : d7d9de;
02BDA : d7d9de;
02BDB : d4d7dd;
02BDC : d4d7dd;
02BDD : d6d8de;
02BDE : d8dadf;
02BDF : d9dbde;
02BE0 : d7d8db;
02BE1 : d5d7da;
02BE2 : d4d5d8;
02BE3 : d1d3d6;
02BE4 : d2d4d7;
02BE5 : d5d7da;
02BE6 : d3d5d8;
02BE7 : d3d5d7;
02BE8 : d4d5d8;
02BE9 : d0d1d2;
02BEA : cecece;
02BEB : cfd1d1;
02BEC : cdd4d3;
02BED : cfd1d1;
02BEE : d8cfd3;
02BEF : d3d5d4;
02BF0 : cbd3cd;
02BF1 : c9d0c5;
02BF2 : cbd0d5;
02BF3 : c5dae4;
02BF4 : c1d7e1;
02BF5 : 9bc477;
02BF6 : 9ac552;
02BF7 : 9ac45a;
02BF8 : aec84e;
02BF9 : c4d1ba;
02BFA : c3cb91;
02BFB : afc94b;
02BFC : 71c29e;
02BFD : 9fcb95;
02BFE : dde1c5;
02BFF : c6d8b6;
02C00 : 25612f;
02C01 : 115123;
02C02 : 135322;
02C03 : 165520;
02C04 : 18541a;
02C05 : 1c5616;
02C06 : 37590e;
02C07 : 1b461a;
02C08 : 11431e;
02C09 : 12411c;
02C0A : 14411b;
02C0B : 39540b;
02C0C : 4d5c06;
02C0D : 3f4e0c;
02C0E : 0f3615;
02C0F : 0b3417;
02C10 : 0b3416;
02C11 : 14391a;
02C12 : 0b3116;
02C13 : 0b3115;
02C14 : 365136;
02C15 : 828c7a;
02C16 : 8f9785;
02C17 : 91998c;
02C18 : 9ba29a;
02C19 : a1a8a4;
02C1A : 959e99;
02C1B : 9aa3a1;
02C1C : aab1b6;
02C1D : bfc6cd;
02C1E : b9c1c7;
02C1F : a6afb4;
02C20 : a0a8ad;
02C21 : a8b1b6;
02C22 : a5aeb2;
02C23 : 8b928a;
02C24 : 888e89;
02C25 : b0b9c1;
02C26 : bcc6d0;
02C27 : b6c1cb;
02C28 : a7b3b9;
02C29 : 909e9d;
02C2A : 85908c;
02C2B : 7b817a;
02C2C : 6f7168;
02C2D : 64645f;
02C2E : 6d7172;
02C2F : 8c9598;
02C30 : b1bbc4;
02C31 : d0d1d6;
02C32 : c6c7cf;
02C33 : b7b9c9;
02C34 : a57e70;
02C35 : b07b5d;
02C36 : ba876a;
02C37 : c19475;
02C38 : cdaa8e;
02C39 : d3b296;
02C3A : d3b296;
02C3B : cdab8f;
02C3C : c4a184;
02C3D : c29d7f;
02C3E : c49f81;
02C3F : c8a283;
02C40 : cca586;
02C41 : cba485;
02C42 : cba586;
02C43 : cca688;
02C44 : cca686;
02C45 : d0ac8b;
02C46 : d2af8f;
02C47 : d2ae8e;
02C48 : d0ad8c;
02C49 : cba584;
02C4A : b58d6f;
02C4B : 7d5543;
02C4C : 6a514e;
02C4D : 877b7c;
02C4E : 8c7e7e;
02C4F : 978c8d;
02C50 : c9cdd7;
02C51 : dae0ec;
02C52 : bcc3d1;
02C53 : d3d8e0;
02C54 : dcdfe5;
02C55 : dcdee4;
02C56 : dddfe4;
02C57 : dcdee3;
02C58 : d9dbe1;
02C59 : d9dbe0;
02C5A : d8dae0;
02C5B : d7d9df;
02C5C : d6d9df;
02C5D : d6d8df;
02C5E : d9dbe0;
02C5F : dbdce1;
02C60 : dcdde2;
02C61 : dadbe0;
02C62 : d8d9dd;
02C63 : d5d7db;
02C64 : d6d7da;
02C65 : d6d7db;
02C66 : d5d7da;
02C67 : d5d7db;
02C68 : d6d8dc;
02C69 : d6d8dc;
02C6A : d4d5d8;
02C6B : d3d4d6;
02C6C : d3d4d6;
02C6D : d2d4d5;
02C6E : d1d3d4;
02C6F : cfd2d1;
02C70 : cdd4d0;
02C71 : c2cfcf;
02C72 : bccad1;
02C73 : c0d8e0;
02C74 : c5dcde;
02C75 : c6cb3f;
02C76 : c6c931;
02C77 : b1c746;
02C78 : bfc825;
02C79 : c5c939;
02C7A : dcce98;
02C7B : 9bc65e;
02C7C : 79c7be;
02C7D : 97caa8;
02C7E : 7cc6ae;
02C7F : 65c3b5;
02C80 : 1f5a2a;
02C81 : 145021;
02C82 : 104c1d;
02C83 : 114b1b;
02C84 : 154d18;
02C85 : 1d4d12;
02C86 : 2d4d0d;
02C87 : 134018;
02C88 : 0f3d19;
02C89 : 113e19;
02C8A : 1c4217;
02C8B : 354f08;
02C8C : 455302;
02C8D : 554e01;
02C8E : 3a450a;
02C8F : 0b3216;
02C90 : 0f3316;
02C91 : 0b3013;
02C92 : 1a3a1f;
02C93 : 617056;
02C94 : 8e9484;
02C95 : 90988b;
02C96 : 939b93;
02C97 : 9ba29c;
02C98 : 9ba19b;
02C99 : a2a9a7;
02C9A : 9ea5a4;
02C9B : aab2b6;
02C9C : bdc5cc;
02C9D : c2c8cf;
02C9E : b9c1c7;
02C9F : a9b1b6;
02CA0 : a1a9ac;
02CA1 : a1a9ac;
02CA2 : 999f9e;
02CA3 : 858a82;
02CA4 : 9aa0a1;
02CA5 : b9c2cb;
02CA6 : c2cbd4;
02CA7 : bbc5cd;
02CA8 : abb6bd;
02CA9 : 98a5a6;
02CAA : 8c9894;
02CAB : 808982;
02CAC : 74776d;
02CAD : 696963;
02CAE : 616364;
02CAF : 90979b;
02CB0 : 9fb1c3;
02CB1 : 7b91ac;
02CB2 : bbc0cd;
02CB3 : bec3d2;
02CB4 : b5aeb5;
02CB5 : b18168;
02CB6 : b78265;
02CB7 : be8c6d;
02CB8 : c89d7e;
02CB9 : d0ac8f;
02CBA : d5b498;
02CBB : d7b79b;
02CBC : d4b194;
02CBD : cfaa8b;
02CBE : cca789;
02CBF : cca687;
02CC0 : cca486;
02CC1 : cca586;
02CC2 : cea88a;
02CC3 : cfa98a;
02CC4 : cfa889;
02CC5 : d2ad8d;
02CC6 : d5b496;
02CC7 : d6b497;
02CC8 : d2af8f;
02CC9 : c2997a;
02CCA : 92654f;
02CCB : 7a5d56;
02CCC : 90817f;
02CCD : 867a7b;
02CCE : 887979;
02CCF : a09da2;
02CD0 : e5edf8;
02CD1 : bfc9d9;
02CD2 : c2c9d5;
02CD3 : dbdee5;
02CD4 : dcdfe5;
02CD5 : dddfe5;
02CD6 : dddee4;
02CD7 : dcdde3;
02CD8 : dadce1;
02CD9 : d9dbe0;
02CDA : d8dae0;
02CDB : d9dbe1;
02CDC : d9dbe1;
02CDD : d7d9e0;
02CDE : d9dbe2;
02CDF : dcdee4;
02CE0 : dddfe4;
02CE1 : dddee3;
02CE2 : dcdde2;
02CE3 : dbdce1;
02CE4 : dadce0;
02CE5 : d9dbdf;
02CE6 : d8dade;
02CE7 : d9dadf;
02CE8 : d9dadf;
02CE9 : d9dbdf;
02CEA : d8d9de;
02CEB : d8d9de;
02CEC : d8d9dd;
02CED : d7d8db;
02CEE : d7d8db;
02CEF : d6d7d9;
02CF0 : d5d7d8;
02CF1 : d1d1d9;
02CF2 : c3c3d1;
02CF3 : c0d4d2;
02CF4 : ccd2a6;
02CF5 : d9ca15;
02CF6 : c5c822;
02CF7 : afc74b;
02CF8 : caca28;
02CF9 : d6cb21;
02CFA : efeacb;
02CFB : c3e0bd;
02CFC : 98ceb3;
02CFD : 4fc1ba;
02CFE : 2cb9b9;
02CFF : 42c0bf;
02D00 : 185124;
02D01 : 185123;
02D02 : 0f4719;
02D03 : 114718;
02D04 : 164815;
02D05 : 1f480e;
02D06 : 314b09;
02D07 : 264412;
02D08 : 153e15;
02D09 : 294712;
02D0A : 0f3716;
02D0B : 133813;
02D0C : 354308;
02D0D : 4b4a04;
02D0E : 223a0e;
02D0F : 092f13;
02D10 : 123010;
02D11 : 3e4b2b;
02D12 : 77816e;
02D13 : 969d97;
02D14 : 9ea7a8;
02D15 : 919a95;
02D16 : 999f99;
02D17 : abb0b1;
02D18 : b5bac0;
02D19 : aeb4ba;
02D1A : b2b7bd;
02D1B : bcc2c9;
02D1C : c4cad1;
02D1D : c1c8cf;
02D1E : b6bec3;
02D1F : a4acaf;
02D20 : a2a8ab;
02D21 : 9aa1a2;
02D22 : 8f9591;
02D23 : 8c918b;
02D24 : a8b0b5;
02D25 : c0c9d1;
02D26 : c4ccd5;
02D27 : bbc4cd;
02D28 : aeb8c0;
02D29 : a1acb2;
02D2A : 96a3a4;
02D2B : 899591;
02D2C : 7d847c;
02D2D : 70716a;
02D2E : 626462;
02D2F : a9afb7;
02D30 : abc1d7;
02D31 : 6384a6;
02D32 : 7183a0;
02D33 : c0c4d0;
02D34 : bcc0cf;
02D35 : b6a29f;
02D36 : ba876a;
02D37 : bf8d6d;
02D38 : c59574;
02D39 : c99b7a;
02D3A : d0a889;
02D3B : d6b394;
02D3C : dab89b;
02D3D : d9b698;
02D3E : d6b293;
02D3F : d6b293;
02D40 : d2aa8c;
02D41 : d1a88a;
02D42 : d2ae92;
02D43 : d4b196;
02D44 : d5b296;
02D45 : d5b295;
02D46 : d8b69a;
02D47 : d3af90;
02D48 : cca685;
02D49 : a87b60;
02D4A : 836055;
02D4B : 978a8a;
02D4C : 948684;
02D4D : 867979;
02D4E : 928e94;
02D4F : c8cdd6;
02D50 : d8dfec;
02D51 : bac2d1;
02D52 : d0d5de;
02D53 : dddfe6;
02D54 : dddfe5;
02D55 : dddee5;
02D56 : dddee4;
02D57 : dddfe5;
02D58 : dadbe1;
02D59 : d9dbe1;
02D5A : dadce2;
02D5B : dbdce2;
02D5C : dbdce2;
02D5D : d7dae0;
02D5E : d8dbe2;
02D5F : dcdee4;
02D60 : dee0e6;
02D61 : dedfe5;
02D62 : dddee4;
02D63 : dddfe5;
02D64 : dbdee3;
02D65 : dbdde2;
02D66 : dadce1;
02D67 : dbdce1;
02D68 : dadce1;
02D69 : dadce1;
02D6A : dadce1;
02D6B : dadce1;
02D6C : dadbe0;
02D6D : dbdbe0;
02D6E : dadbdf;
02D6F : d8dbde;
02D70 : d8d9dc;
02D71 : d6d8d9;
02D72 : cbd6dc;
02D73 : c6ccbf;
02D74 : ddca41;
02D75 : e2cc0b;
02D76 : cbce3f;
02D77 : aecc70;
02D78 : dedda1;
02D79 : e2d048;
02D7A : e0dc9a;
02D7B : e3e5cf;
02D7C : c8d7b2;
02D7D : 49bfb9;
02D7E : 36bcbb;
02D7F : 49c2c0;
02D80 : 12491d;
02D81 : 174e21;
02D82 : 104418;
02D83 : 114215;
02D84 : 174310;
02D85 : 1e450c;
02D86 : 26440c;
02D87 : 173b13;
02D88 : 153a13;
02D89 : 213e10;
02D8A : 0c3215;
02D8B : 0d3115;
02D8C : 0d3114;
02D8D : 103312;
02D8E : 072d11;
02D8F : 113318;
02D90 : 485d47;
02D91 : 8a9086;
02D92 : a5a9a9;
02D93 : a5abad;
02D94 : 9fa5a5;
02D95 : 909792;
02D96 : b3b7bd;
02D97 : c6cad2;
02D98 : bcc1c8;
02D99 : b2b9c0;
02D9A : b0b4bb;
02D9B : bfc3ca;
02D9C : c1c7ce;
02D9D : bcc3c9;
02D9E : adb4b8;
02D9F : a1a8ab;
02DA0 : 99a0a1;
02DA1 : 959c9c;
02DA2 : 8b928e;
02DA3 : 99a1a1;
02DA4 : b7bec6;
02DA5 : c7ced7;
02DA6 : c7cfd6;
02DA7 : bcc4cd;
02DA8 : aeb7be;
02DA9 : a8b2b9;
02DAA : a4afb5;
02DAB : 9ba7ab;
02DAC : 8b9897;
02DAD : 808884;
02DAE : 6f726e;
02DAF : 979ea3;
02DB0 : c8d5e5;
02DB1 : 97b1c7;
02DB2 : 536887;
02DB3 : 9da6b5;
02DB4 : c4c7d3;
02DB5 : bdc0ce;
02DB6 : bda299;
02DB7 : bc8968;
02DB8 : c08d6c;
02DB9 : c49472;
02DBA : cda07e;
02DBB : d3aa88;
02DBC : d5ae8c;
02DBD : d7b293;
02DBE : d7b394;
02DBF : d7b495;
02DC0 : d7b295;
02DC1 : d4ae92;
02DC2 : d3ae92;
02DC3 : d2aa8b;
02DC4 : d1aa8a;
02DC5 : d3ac8d;
02DC6 : d3ae90;
02DC7 : d0aa8a;
02DC8 : bf9777;
02DC9 : 926a58;
02DCA : 9d9294;
02DCB : 988e90;
02DCC : 968784;
02DCD : 8c878c;
02DCE : bac1cd;
02DCF : e0e5ec;
02DD0 : ced4e0;
02DD1 : c1c8d4;
02DD2 : d8dce3;
02DD3 : dddfe7;
02DD4 : dcdee5;
02DD5 : dcdee4;
02DD6 : dcdee3;
02DD7 : dcdee4;
02DD8 : dadce2;
02DD9 : dadce1;
02DDA : dbdde3;
02DDB : dbdce2;
02DDC : dbdce2;
02DDD : d8dbe1;
02DDE : d9dce2;
02DDF : dcdee5;
02DE0 : dee0e6;
02DE1 : dddfe5;
02DE2 : dddfe5;
02DE3 : dcdfe5;
02DE4 : dddfe5;
02DE5 : dddfe4;
02DE6 : dddfe4;
02DE7 : dcdfe4;
02DE8 : dddfe5;
02DE9 : dbdde3;
02DEA : dcdee3;
02DEB : dcdee3;
02DEC : dcdee4;
02DED : dcdee4;
02DEE : dcdde2;
02DEF : dbdde1;
02DF0 : dcdde1;
02DF1 : d9dbde;
02DF2 : d6d8dd;
02DF3 : d6d4c1;
02DF4 : dfc74d;
02DF5 : dfaf8b;
02DF6 : d8d9b9;
02DF7 : d3d67d;
02DF8 : d5cc3c;
02DF9 : e5d353;
02DFA : c3c929;
02DFB : a6c55a;
02DFC : aac675;
02DFD : 46beb8;
02DFE : 3dbfbf;
02DFF : 47c1be;
02E00 : 114517;
02E01 : 15481b;
02E02 : 144419;
02E03 : 0f3c11;
02E04 : 1b4312;
02E05 : 1a4111;
02E06 : 123a14;
02E07 : 0c3315;
02E08 : 0d3214;
02E09 : 0c3114;
02E0A : 0c3115;
02E0B : 0c3115;
02E0C : 0a2f12;
02E0D : 092e10;
02E0E : 314b32;
02E0F : 717d72;
02E10 : 999e9d;
02E11 : 9fa4a6;
02E12 : a1a6a7;
02E13 : a0a6a6;
02E14 : 989d99;
02E15 : a6aaaf;
02E16 : c4c7cf;
02E17 : c6c9d0;
02E18 : c1c5cd;
02E19 : b4bac1;
02E1A : a7adb4;
02E1B : b7bdc4;
02E1C : bec4ca;
02E1D : b5bdc2;
02E1E : a6adb1;
02E1F : 949b9b;
02E20 : 969c9d;
02E21 : 99a1a1;
02E22 : 9ea4a7;
02E23 : abb2b8;
02E24 : c2c8d1;
02E25 : cbd1d9;
02E26 : c7ced6;
02E27 : bbc4cc;
02E28 : adb6bd;
02E29 : aab3ba;
02E2A : aab4bb;
02E2B : a9b3bc;
02E2C : a1adb5;
02E2D : 9eaab2;
02E2E : 919ca0;
02E2F : 899499;
02E30 : afbbc8;
02E31 : b9c9d8;
02E32 : 7c92a9;
02E33 : 838d96;
02E34 : c0c5d0;
02E35 : bfc1cc;
02E36 : bdbac3;
02E37 : bda69e;
02E38 : ba8d76;
02E39 : c18d6c;
02E3A : cd9f7c;
02E3B : d1a583;
02E3C : d4aa87;
02E3D : d5ad8b;
02E3E : d5ac8a;
02E3F : d4a987;
02E40 : d3a786;
02E41 : d2a585;
02E42 : d0a281;
02E43 : cd9d7a;
02E44 : cfa281;
02E45 : d0a585;
02E46 : cea485;
02E47 : c99f7f;
02E48 : a17763;
02E49 : a09496;
02E4A : 999ba7;
02E4B : 94898b;
02E4C : 9a9599;
02E4D : a9b1bf;
02E4E : d9e0eb;
02E4F : dde1eb;
02E50 : c4cad6;
02E51 : cbd0da;
02E52 : dde0e7;
02E53 : dde0e6;
02E54 : dbdee4;
02E55 : dbdde4;
02E56 : dbdde4;
02E57 : dcdee4;
02E58 : dadce2;
02E59 : dbdde3;
02E5A : dcdee4;
02E5B : dcdde3;
02E5C : dbdce2;
02E5D : dadce2;
02E5E : dadde3;
02E5F : dddfe6;
02E60 : dfe1e7;
02E61 : dde0e5;
02E62 : dddfe5;
02E63 : dcdee5;
02E64 : dcdfe5;
02E65 : dcdfe5;
02E66 : dddfe5;
02E67 : dee0e6;
02E68 : dee0e6;
02E69 : dcdee4;
02E6A : dddee5;
02E6B : dddfe5;
02E6C : dddfe5;
02E6D : dee0e6;
02E6E : dee0e6;
02E6F : dddfe4;
02E70 : dddee3;
02E71 : dbdde1;
02E72 : d9dbde;
02E73 : d7d9dd;
02E74 : d9cfb6;
02E75 : dfc7cb;
02E76 : d7d67c;
02E77 : cdc813;
02E78 : d9cb19;
02E79 : ddd034;
02E7A : c0c929;
02E7B : abc66a;
02E7C : b8c962;
02E7D : 3abcbb;
02E7E : 3bbebc;
02E7F : 45beb9;
02E80 : 134417;
02E81 : 134217;
02E82 : 144218;
02E83 : 103c11;
02E84 : 1b4212;
02E85 : 163d14;
02E86 : 0f3615;
02E87 : 0d3213;
02E88 : 0e3213;
02E89 : 0d3114;
02E8A : 293a0f;
02E8B : 1f360c;
02E8C : 19391f;
02E8D : 566854;
02E8E : 888e88;
02E8F : 959a9b;
02E90 : 9ca1a4;
02E91 : 9a9ea1;
02E92 : a2a6a9;
02E93 : a7abad;
02E94 : 9ea2a2;
02E95 : bbbec6;
02E96 : c4c7cf;
02E97 : c6c9d0;
02E98 : c4c7cf;
02E99 : babfc7;
02E9A : a2a9b1;
02E9B : acb4bb;
02E9C : bac0c6;
02E9D : b1b8bd;
02E9E : a0a7aa;
02E9F : 979e9e;
02EA0 : a6acb1;
02EA1 : a7acb1;
02EA2 : acb1b8;
02EA3 : b2b8c0;
02EA4 : c8ced6;
02EA5 : ced3db;
02EA6 : c6ccd4;
02EA7 : b9c0c8;
02EA8 : acb4bc;
02EA9 : acb4bb;
02EAA : adb5bd;
02EAB : adb6bf;
02EAC : acb6c0;
02EAD : adb8c3;
02EAE : aebac6;
02EAF : a3afbb;
02EB0 : a1b0bc;
02EB1 : 9babb8;
02EB2 : 9dafbd;
02EB3 : 80939f;
02EB4 : 94a0aa;
02EB5 : c2cad6;
02EB6 : bfc1cd;
02EB7 : c2c4d1;
02EB8 : cdcbd4;
02EB9 : c8b5ad;
02EBA : c4997d;
02EBB : c99775;
02EBC : d0a380;
02EBD : d1a07f;
02EBE : d1a07e;
02EBF : d19f7c;
02EC0 : d09e7a;
02EC1 : cf9b79;
02EC2 : cc9674;
02EC3 : cb9674;
02EC4 : cea07e;
02EC5 : d0a585;
02EC6 : cca284;
02EC7 : a77c6a;
02EC8 : aca3aa;
02EC9 : b3bfce;
02ECA : 9092a0;
02ECB : 978f94;
02ECC : afb1bc;
02ECD : bbc7d7;
02ECE : bcc6d6;
02ECF : d8dee9;
02ED0 : c1c8d4;
02ED1 : d5d9e2;
02ED2 : dfe2e9;
02ED3 : dcdfe6;
02ED4 : dbdde3;
02ED5 : dcdee4;
02ED6 : dddee5;
02ED7 : dbdde4;
02ED8 : dbdde3;
02ED9 : dcdee4;
02EDA : dedfe5;
02EDB : dddee4;
02EDC : dcdde3;
02EDD : dcdee4;
02EDE : dcdee4;
02EDF : dee0e7;
02EE0 : dfe1e7;
02EE1 : dddfe5;
02EE2 : dddfe5;
02EE3 : dcdee5;
02EE4 : dadde3;
02EE5 : dbdde3;
02EE6 : dcdee4;
02EE7 : dddfe5;
02EE8 : dddfe5;
02EE9 : dcdee5;
02EEA : dcdfe5;
02EEB : dedfe5;
02EEC : dddfe5;
02EED : dee0e7;
02EEE : dfe1e7;
02EEF : dde0e6;
02EF0 : dedfe5;
02EF1 : dddee4;
02EF2 : dcdde1;
02EF3 : d9dade;
02EF4 : d7d9e0;
02EF5 : d7dbce;
02EF6 : d9cf2b;
02EF7 : d1c910;
02EF8 : ddcb18;
02EF9 : d9cb0d;
02EFA : ceca1d;
02EFB : c6c955;
02EFC : b2c86c;
02EFD : 51beb0;
02EFE : 34b9b6;
02EFF : 45bfbb;
02F00 : 124315;
02F01 : 154216;
02F02 : 164118;
02F03 : 153f13;
02F04 : 173f12;
02F05 : 113914;
02F06 : 0e3514;
02F07 : 0c3113;
02F08 : 0e3113;
02F09 : 0c3013;
02F0A : 2b390c;
02F0B : 475330;
02F0C : 727a6f;
02F0D : 909597;
02F0E : 909697;
02F0F : 989b9c;
02F10 : 9ba0a3;
02F11 : a2a5a8;
02F12 : aaadb1;
02F13 : a4a8ac;
02F14 : adb0b5;
02F15 : c2c6cd;
02F16 : c2c5cd;
02F17 : c1c4cc;
02F18 : c3c7cf;
02F19 : c0c4cc;
02F1A : a4abb5;
02F1B : a4abb3;
02F1C : b1b8bf;
02F1D : aeb4ba;
02F1E : a4a9ac;
02F1F : aeb5bc;
02F20 : afb5bc;
02F21 : a3a8ae;
02F22 : acb2b9;
02F23 : bcc2ca;
02F24 : cdd2da;
02F25 : ccd2da;
02F26 : c5cbd3;
02F27 : b7bfc6;
02F28 : adb5bc;
02F29 : b0b7be;
02F2A : b0b8c0;
02F2B : b2bac2;
02F2C : b4bcc5;
02F2D : b5bec8;
02F2E : b7c0cb;
02F2F : b3bdc9;
02F30 : b3c0cc;
02F31 : aebcc9;
02F32 : a0b1bf;
02F33 : 93a5b4;
02F34 : 768896;
02F35 : 82909c;
02F36 : bcc5d2;
02F37 : c3c6d1;
02F38 : c2c1cb;
02F39 : c8cad6;
02F3A : cbc8d0;
02F3B : c8ada1;
02F3C : c9997a;
02F3D : cd9877;
02F3E : ce997a;
02F3F : ce9878;
02F40 : cf9c79;
02F41 : cd9876;
02F42 : ca9372;
02F43 : cd9b79;
02F44 : cea07f;
02F45 : cea283;
02F46 : a97b65;
02F47 : a59a9f;
02F48 : c1c9d7;
02F49 : c3cbd7;
02F4A : 9898a2;
02F4B : 8c8e9c;
02F4C : cdd2dd;
02F4D : d6dbe6;
02F4E : cdd3df;
02F4F : c9d0dc;
02F50 : c6ccd7;
02F51 : dee1e9;
02F52 : dee1e8;
02F53 : dcdee5;
02F54 : dbdee4;
02F55 : dddfe6;
02F56 : dddfe6;
02F57 : dddee5;
02F58 : dbdde4;
02F59 : dcdee4;
02F5A : dcdde3;
02F5B : dcdde3;
02F5C : dddee3;
02F5D : dcdee4;
02F5E : dcdee4;
02F5F : dee0e6;
02F60 : dddfe5;
02F61 : dbdde3;
02F62 : dcdee4;
02F63 : dbdde3;
02F64 : d9dbe1;
02F65 : dbdde4;
02F66 : dedfe5;
02F67 : dee0e6;
02F68 : dee0e6;
02F69 : dcdee5;
02F6A : dcdee4;
02F6B : dddfe5;
02F6C : dddfe6;
02F6D : dee0e7;
02F6E : dee1e7;
02F6F : dddfe6;
02F70 : dee0e6;
02F71 : dee0e6;
02F72 : dddfe4;
02F73 : dcdde2;
02F74 : dadbe0;
02F75 : d9d9dd;
02F76 : cfd17d;
02F77 : 99c350;
02F78 : 90c466;
02F79 : 8dc465;
02F7A : 67bf8d;
02F7B : 4dbbad;
02F7C : 56beaf;
02F7D : 56bead;
02F7E : 54c0b0;
02F7F : 5ac2b3;
02F80 : 1b4711;
02F81 : 214811;
02F82 : 143d13;
02F83 : 153e14;
02F84 : 113912;
02F85 : 103716;
02F86 : 0f361a;
02F87 : 0e3214;
02F88 : 0c3012;
02F89 : 103115;
02F8A : 4d5a43;
02F8B : 7b7d71;
02F8C : 8b8f90;
02F8D : 8e9498;
02F8E : 959899;
02F8F : 989a9c;
02F90 : a3a7ab;
02F91 : aaacb2;
02F92 : adafb5;
02F93 : a4a7ad;
02F94 : bcbec7;
02F95 : bfc2ca;
02F96 : c2c6ce;
02F97 : c1c5cd;
02F98 : c5c8d0;
02F99 : c4c8d0;
02F9A : b2b7c0;
02F9B : 9fa6b0;
02F9C : a7aeb6;
02F9D : b1b7bd;
02F9E : b2b8bf;
02F9F : bdc3cc;
02FA0 : b0b6bc;
02FA1 : 9fa5aa;
02FA2 : b0b6be;
02FA3 : c4c9d2;
02FA4 : ced3db;
02FA5 : ccd1d9;
02FA6 : c2c8d0;
02FA7 : b8bfc7;
02FA8 : b2b8bf;
02FA9 : b4bbc3;
02FAA : b6bec5;
02FAB : b9c0c7;
02FAC : bdc3cb;
02FAD : bdc4cd;
02FAE : bec6cf;
02FAF : bec6d1;
02FB0 : bac4cf;
02FB1 : bcc6d2;
02FB2 : b1bdc9;
02FB3 : aebbc9;
02FB4 : abb8c7;
02FB5 : a4b4c3;
02FB6 : 96a8b8;
02FB7 : 8a97a7;
02FB8 : 71707f;
02FB9 : bdb9c2;
02FBA : ced1db;
02FBB : ccd0de;
02FBC : cdc2c4;
02FBD : cba28d;
02FBE : cd9576;
02FBF : cc9576;
02FC0 : cb9374;
02FC1 : cc9575;
02FC2 : cb9474;
02FC3 : cc9a79;
02FC4 : cb9b7b;
02FC5 : ad7b62;
02FC6 : 978080;
02FC7 : b3b8c5;
02FC8 : b8bcc9;
02FC9 : bdc3ce;
02FCA : a9aebb;
02FCB : 989faf;
02FCC : d6dae5;
02FCD : d9dde7;
02FCE : cfd5df;
02FCF : c4cbd7;
02FD0 : dadee7;
02FD1 : dfe2ea;
02FD2 : dee0e7;
02FD3 : dcdfe6;
02FD4 : dbdee5;
02FD5 : dcdfe5;
02FD6 : dddfe6;
02FD7 : dddfe5;
02FD8 : dcdee4;
02FD9 : dcdee4;
02FDA : dcdde3;
02FDB : dbdde3;
02FDC : dbdde3;
02FDD : dbdde3;
02FDE : dcdee3;
02FDF : dbdce2;
02FE0 : d9dbe1;
02FE1 : d9dbe1;
02FE2 : dadce2;
02FE3 : d9dbe1;
02FE4 : d8dae0;
02FE5 : dadce2;
02FE6 : dcdee4;
02FE7 : dddfe5;
02FE8 : dcdfe5;
02FE9 : dbdee4;
02FEA : dbdee4;
02FEB : dcdee4;
02FEC : dddfe6;
02FED : dee1e8;
02FEE : dfe1e7;
02FEF : dddfe6;
02FF0 : dee0e6;
02FF1 : dee0e6;
02FF2 : dee0e5;
02FF3 : dddfe4;
02FF4 : dcdde2;
02FF5 : dbdbe0;
02FF6 : d2d8dc;
02FF7 : 6ec3b0;
02FF8 : 3bbcb3;
02FF9 : 36bcbc;
02FFA : 3bbbbb;
02FFB : 49bdb4;
02FFC : 6cc09e;
02FFD : 7ec390;
02FFE : 98c77c;
02FFF : a2c973;
03000 : 3e4f06;
03001 : 324a0b;
03002 : 113b13;
03003 : 143c14;
03004 : 113914;
03005 : 0f3616;
03006 : 143a1f;
03007 : 0e3416;
03008 : 19391c;
03009 : 5c6651;
0300A : 74766a;
0300B : 848884;
0300C : 979b9d;
0300D : 8d9193;
0300E : 989a9c;
0300F : 9c9da0;
03010 : adafb6;
03011 : adb0b7;
03012 : abaeb3;
03013 : a9acb3;
03014 : c0c2ca;
03015 : c1c5cd;
03016 : cacdd5;
03017 : c0c4cc;
03018 : c4c7cf;
03019 : c4c8d0;
0301A : bdc1c9;
0301B : a4aab3;
0301C : a2aab2;
0301D : aeb4bb;
0301E : bac0c9;
0301F : c0c6ce;
03020 : adb4ba;
03021 : 9da3a8;
03022 : b4bac2;
03023 : c8ccd5;
03024 : d1d5dd;
03025 : cacfd7;
03026 : c2c8d0;
03027 : bbc0c8;
03028 : b1b7bf;
03029 : b8bec7;
0302A : b9c0c8;
0302B : bec4cc;
0302C : c0c6ce;
0302D : c0c6cf;
0302E : c3cad2;
0302F : c4cad4;
03030 : c4cbd4;
03031 : bfc8d2;
03032 : bfc8d2;
03033 : b0bbc8;
03034 : b4c1ce;
03035 : bfcbd8;
03036 : acbbcd;
03037 : 97a6b6;
03038 : 818b9b;
03039 : 6b6776;
0303A : 9c8992;
0303B : b8adb5;
0303C : c5c4ce;
0303D : cbcad2;
0303E : ceb3a7;
0303F : ce9a7c;
03040 : cc9575;
03041 : cc9677;
03042 : cb9576;
03043 : cd9d7d;
03044 : b28167;
03045 : 8d6961;
03046 : acaeb9;
03047 : b1b6c2;
03048 : b1b4c1;
03049 : c2c8d3;
0304A : bbc3d2;
0304B : c6cbd8;
0304C : dbdfe9;
0304D : d5d9e3;
0304E : c9cfda;
0304F : d7dbe4;
03050 : dee1e9;
03051 : dee1e9;
03052 : dcdfe6;
03053 : dbdee5;
03054 : dbdee5;
03055 : dddfe6;
03056 : dddfe6;
03057 : dddfe5;
03058 : dbdde4;
03059 : dbdde4;
0305A : dadce2;
0305B : dadbe2;
0305C : dbdce2;
0305D : dbdce2;
0305E : d9dbe1;
0305F : d6d8df;
03060 : d6d8de;
03061 : d7d9df;
03062 : d8dadf;
03063 : d8dadf;
03064 : d7d9df;
03065 : d8dae0;
03066 : dbdde3;
03067 : dcdee4;
03068 : dcdee4;
03069 : dcdee4;
0306A : dadde4;
0306B : dcdee4;
0306C : dddfe6;
0306D : dfe1e8;
0306E : dfe1e8;
0306F : dcdfe6;
03070 : dddfe6;
03071 : dee0e6;
03072 : dee0e7;
03073 : dfe0e6;
03074 : dedfe4;
03075 : dcdde1;
03076 : dbdbe0;
03077 : cbd7cd;
03078 : 59c0a4;
03079 : 37bdb6;
0307A : 3cbebb;
0307B : 30b1ac;
0307C : 3eb8ad;
0307D : 77c396;
0307E : aeca62;
0307F : b8cc4e;
03080 : 475204;
03081 : 2a450e;
03082 : 103916;
03083 : 133a14;
03084 : 113815;
03085 : 103514;
03086 : 1b3f21;
03087 : 0e351c;
03088 : 596756;
03089 : 79786a;
0308A : 777a72;
0308B : 8e9291;
0308C : 969898;
0308D : 929697;
0308E : 96989a;
0308F : a6a6ac;
03090 : b2b4bc;
03091 : afb1b8;
03092 : a7a9af;
03093 : aeb1b9;
03094 : c1c3cb;
03095 : c6c9d1;
03096 : ccced5;
03097 : bcc0c8;
03098 : b9bec6;
03099 : c1c4cd;
0309A : c2c6ce;
0309B : b1b7be;
0309C : a6adb6;
0309D : a8b0b8;
0309E : b8bec7;
0309F : bec5cd;
030A0 : aab1b8;
030A1 : 9ba1a6;
030A2 : b5bac2;
030A3 : cbcfd7;
030A4 : d1d5dc;
030A5 : c7ccd4;
030A6 : bfc5cd;
030A7 : b8bec6;
030A8 : b4b9c2;
030A9 : bcc2ca;
030AA : c1c7ce;
030AB : c3c9d0;
030AC : c1c7cf;
030AD : c1c7cf;
030AE : c6cbd4;
030AF : c8ced6;
030B0 : c7ced6;
030B1 : c2cbd3;
030B2 : c2cad3;
030B3 : bcc5cf;
030B4 : b5c0cc;
030B5 : bcc6d2;
030B6 : bfc9d6;
030B7 : bcc6d5;
030B8 : b6c2d3;
030B9 : a1afc2;
030BA : 868c9d;
030BB : 7b7080;
030BC : 846c7a;
030BD : 917683;
030BE : a6929d;
030BF : c1a39f;
030C0 : d09f85;
030C1 : d09c7d;
030C2 : cc997b;
030C3 : b38067;
030C4 : 865950;
030C5 : a8a3ab;
030C6 : a9adb8;
030C7 : b2b5bf;
030C8 : b9bcc8;
030C9 : c9ced9;
030CA : d2d8e3;
030CB : d6dce6;
030CC : d7dce6;
030CD : cfd4df;
030CE : d4d9e2;
030CF : dde0e8;
030D0 : dee0e9;
030D1 : dcdfe7;
030D2 : dbdde5;
030D3 : dcdee6;
030D4 : dbdee5;
030D5 : dcdee5;
030D6 : dcdee5;
030D7 : dbdde4;
030D8 : dadde3;
030D9 : dadde3;
030DA : dbdce3;
030DB : d8dae1;
030DC : dadbe1;
030DD : dbdce2;
030DE : d7d9e0;
030DF : d5d7de;
030E0 : d6d9df;
030E1 : d6d9df;
030E2 : d8dae0;
030E3 : d8dae0;
030E4 : d7d9df;
030E5 : d8dae1;
030E6 : dbdee4;
030E7 : dcdee5;
030E8 : dcdee4;
030E9 : dcdee4;
030EA : dbdee4;
030EB : dcdee5;
030EC : dee0e6;
030ED : e0e2e9;
030EE : dfe1e9;
030EF : dbdee4;
030F0 : dcdfe5;
030F1 : dde0e7;
030F2 : dfe0e8;
030F3 : dfe1e8;
030F4 : dee0e6;
030F5 : dddee4;
030F6 : dcdde2;
030F7 : dddde3;
030F8 : 7fc8b6;
030F9 : 35bdb1;
030FA : 2aa6a1;
030FB : 329d8b;
030FC : 4ec1ae;
030FD : 8bc785;
030FE : 8fc67f;
030FF : 75c18e;
03100 : 334c0a;
03101 : 103a15;
03102 : 0e3a1f;
03103 : 103b23;
03104 : 10381d;
03105 : 123615;
03106 : 1e4020;
03107 : 294433;
03108 : 73756b;
03109 : 74776b;
0310A : 7d7f7c;
0310B : 989c9d;
0310C : 909293;
0310D : 9a9d9f;
0310E : 999b9f;
0310F : afb0b8;
03110 : b5b7be;
03111 : aeb0b7;
03112 : a3a5ab;
03113 : b2b5bd;
03114 : c2c4cc;
03115 : c9ccd4;
03116 : caccd4;
03117 : b8bcc4;
03118 : b4b9c2;
03119 : c0c4cd;
0311A : c3c8d0;
0311B : bac1c9;
0311C : b0b6bf;
0311D : a6aeb7;
0311E : b3bbc3;
0311F : b7c0c9;
03120 : a1a8af;
03121 : 999ea4;
03122 : b8bdc6;
03123 : cfd3db;
03124 : d2d5dc;
03125 : c3c9d1;
03126 : bbc1c9;
03127 : b8bec6;
03128 : b7bdc5;
03129 : c2c8d1;
0312A : c4cad2;
0312B : c4c9d1;
0312C : c1c8d0;
0312D : c2c8d0;
0312E : c5cbd3;
0312F : c9cfd7;
03130 : c9cfd7;
03131 : c7cdd6;
03132 : c1c9d2;
03133 : c2c9d2;
03134 : bdc6d0;
03135 : bcc5d0;
03136 : c2cad5;
03137 : c8ced9;
03138 : c1c9d7;
03139 : bdc6d6;
0313A : b7c3d2;
0313B : acbbcc;
0313C : b2bdcd;
0313D : a0a7b9;
0313E : 7c8198;
0313F : 7e7687;
03140 : 88747d;
03141 : a98276;
03142 : b07d67;
03143 : 7d4c41;
03144 : 94878e;
03145 : aeb0bb;
03146 : b6bac4;
03147 : b4b9c5;
03148 : ced3de;
03149 : d4d9e5;
0314A : d3d9e4;
0314B : d6dbe5;
0314C : d3d8e1;
0314D : d4d9e2;
0314E : dcdee7;
0314F : dddfe7;
03150 : dde0e7;
03151 : dadde5;
03152 : dadde4;
03153 : dbdde5;
03154 : dbdde5;
03155 : dbdde4;
03156 : dbdee4;
03157 : d9dbe2;
03158 : dadce3;
03159 : dadce2;
0315A : d9dbe1;
0315B : d8dae0;
0315C : d8dae0;
0315D : dadbe1;
0315E : d4d7de;
0315F : d5d8de;
03160 : d8dae0;
03161 : d8dbe1;
03162 : dadce2;
03163 : d9dce2;
03164 : d8dae1;
03165 : dadce3;
03166 : dcdfe5;
03167 : dcdee5;
03168 : dbdee4;
03169 : dcdee4;
0316A : dbdee5;
0316B : dddfe5;
0316C : dee1e8;
0316D : e1e3ea;
0316E : e0e2ea;
0316F : dbdee5;
03170 : dcdfe6;
03171 : dfe1e8;
03172 : dfe2e9;
03173 : e0e2ea;
03174 : dee1e8;
03175 : dddfe5;
03176 : dedfe5;
03177 : dedfe7;
03178 : b7d3ba;
03179 : 86c790;
0317A : 328a76;
0317B : 33a394;
0317C : 46c0b1;
0317D : 5cbfa0;
0317E : 5fbf96;
0317F : 5bbe84;
03180 : 113c15;
03181 : 0c3817;
03182 : 0e391f;
03183 : 103c2b;
03184 : 113b2a;
03185 : 113921;
03186 : 11381f;
03187 : 455244;
03188 : 77786f;
03189 : 777a74;
0318A : 8c8f8e;
0318B : 999c9e;
0318C : 949597;
0318D : 9d9fa2;
0318E : a1a3a8;
0318F : b4b5bd;
03190 : b3b4bc;
03191 : adaeb5;
03192 : a1a3a9;
03193 : b6b8c1;
03194 : c5c6ce;
03195 : cccdd5;
03196 : c6c9d1;
03197 : b4b8c0;
03198 : b4b9c1;
03199 : bdc2ca;
0319A : c1c6ce;
0319B : c2c7d0;
0319C : bcc2ca;
0319D : aab2bb;
0319E : adb5bf;
0319F : acb5be;
031A0 : 939a9e;
031A1 : 9fa4ab;
031A2 : bfc4cd;
031A3 : cfd3db;
031A4 : cfd3da;
031A5 : c0c6ce;
031A6 : b7bdc6;
031A7 : b9bfc7;
031A8 : c0c6ce;
031A9 : c7cdd4;
031AA : c6cbd4;
031AB : c6cbd3;
031AC : c2c8d0;
031AD : c3c8d0;
031AE : c3c9d2;
031AF : c8ced6;
031B0 : cacfd8;
031B1 : c8cfd7;
031B2 : c3cad4;
031B3 : c1c9d2;
031B4 : c3cad3;
031B5 : c1c9d2;
031B6 : c1c9d3;
031B7 : c6cdd7;
031B8 : cdd2db;
031B9 : cad0db;
031BA : c5cdd8;
031BB : bac3d1;
031BC : b5c0cf;
031BD : bbc6d4;
031BE : c8d2e0;
031BF : c9d3e1;
031C0 : a8bace;
031C1 : 838ea4;
031C2 : 4b373e;
031C3 : 867679;
031C4 : a9a8b1;
031C5 : b3b5bf;
031C6 : c4cbd7;
031C7 : cad2e1;
031C8 : d7dce8;
031C9 : d4dae5;
031CA : d5dae4;
031CB : d5dae3;
031CC : d6dae3;
031CD : d8dce4;
031CE : dbdee6;
031CF : dbdee5;
031D0 : dadee5;
031D1 : d9dce4;
031D2 : dadde4;
031D3 : dadde5;
031D4 : dadce4;
031D5 : d9dbe3;
031D6 : d9dbe2;
031D7 : d8dbe1;
031D8 : d8dbe1;
031D9 : d7dae0;
031DA : d7d9e0;
031DB : d5d7de;
031DC : d7d9e0;
031DD : d8d9e0;
031DE : d6d8df;
031DF : d7d9e0;
031E0 : dbdce3;
031E1 : dbdde4;
031E2 : dcdee5;
031E3 : dcdee5;
031E4 : dbdde4;
031E5 : dcdee5;
031E6 : dcdfe6;
031E7 : dcdee5;
031E8 : dcdee5;
031E9 : dcdee5;
031EA : dcdfe6;
031EB : dee0e7;
031EC : dfe1e9;
031ED : e0e3eb;
031EE : e0e2ea;
031EF : dadde5;
031F0 : dadde5;
031F1 : dfe2e9;
031F2 : dfe2e9;
031F3 : e0e3ea;
031F4 : e0e3ea;
031F5 : dee0e7;
031F6 : dddfe5;
031F7 : e0e2e9;
031F8 : d0dcd4;
031F9 : 85b672;
031FA : 298673;
031FB : 31b5ab;
031FC : 40bdae;
031FD : 62c094;
031FE : 63be7a;
031FF : 51bb6f;
03200 : 0f3b17;
03201 : 0d3918;
03202 : 0c371c;
03203 : 0d3721;
03204 : 103a2a;
03205 : 113b2a;
03206 : 163b2a;
03207 : 585a4e;
03208 : 81837e;
03209 : 828480;
0320A : 989a9d;
0320B : 8f9295;
0320C : 9b9da0;
0320D : 9d9ea2;
0320E : a8a9b0;
0320F : b5b6be;
03210 : b2b4bc;
03211 : afb0b6;
03212 : a0a1a8;
03213 : babbc4;
03214 : c8c9d2;
03215 : ccced6;
03216 : c3c6ce;
03217 : b5b9c2;
03218 : b3b8c1;
03219 : bbc0c9;
0321A : c0c4cd;
0321B : c5cad2;
0321C : c3c8d0;
0321D : b0b7c0;
0321E : a7b0b8;
0321F : 99a1a7;
03220 : 949a9f;
03221 : a8aeb6;
03222 : c2c8d0;
03223 : cdd1d9;
03224 : ccd0d7;
03225 : bec3cb;
03226 : b6bcc5;
03227 : bec4cc;
03228 : c8cdd5;
03229 : cacfd7;
0322A : c6ccd4;
0322B : c6ccd3;
0322C : c3cad2;
0322D : c3c9d1;
0322E : c3cad2;
0322F : c7cdd6;
03230 : c9cfd7;
03231 : cad0d7;
03232 : c6cdd5;
03233 : c2cad2;
03234 : c4cad3;
03235 : c5cbd4;
03236 : c6ccd5;
03237 : c4cbd5;
03238 : cacfd9;
03239 : ccd1da;
0323A : ced3db;
0323B : cdd3db;
0323C : c5ccd8;
0323D : bac3d2;
0323E : b4c0d0;
0323F : c2cdd9;
03240 : c3d0e0;
03241 : 9da9ba;
03242 : 666772;
03243 : a3a3aa;
03244 : bec2cc;
03245 : c4cad6;
03246 : d8e1f1;
03247 : d6dfee;
03248 : d5dae5;
03249 : d4dae4;
0324A : d5dae3;
0324B : d7dbe5;
0324C : d8dce4;
0324D : d8dce4;
0324E : dadde5;
0324F : d8dce4;
03250 : d9dce3;
03251 : d7dae2;
03252 : d8dbe2;
03253 : d7dbe2;
03254 : d6d9e1;
03255 : d5d9e0;
03256 : d5d8df;
03257 : d7d9e0;
03258 : d6d9e0;
03259 : d5d8de;
0325A : d6d8df;
0325B : d6d8df;
0325C : d8dae1;
0325D : d9dbe2;
0325E : d9dbe2;
0325F : dadce3;
03260 : dcdfe6;
03261 : dcdfe6;
03262 : dcdee5;
03263 : dcdfe6;
03264 : dcdfe6;
03265 : dde0e8;
03266 : dee0e8;
03267 : dde0e7;
03268 : dee1e8;
03269 : dee0e8;
0326A : dde0e8;
0326B : dee1e8;
0326C : dfe2ea;
0326D : e0e3eb;
0326E : dfe2ea;
0326F : d9dde4;
03270 : dbdee6;
03271 : dee2e9;
03272 : dfe2ea;
03273 : e0e3ea;
03274 : e0e3eb;
03275 : dfe2e9;
03276 : dbdee5;
03277 : dfe1e9;
03278 : dddfe2;
03279 : 5ea185;
0327A : 2da28c;
0327B : 57c1ae;
0327C : 4ebd9a;
0327D : 6fbd6b;
0327E : 8dc256;
0327F : 50b97b;
03280 : 113c16;
03281 : 0e3817;
03282 : 0d3519;
03283 : 0c321a;
03284 : 0d331f;
03285 : 103724;
03286 : 344833;
03287 : 6b6a61;
03288 : 878a8a;
03289 : 828382;
0328A : 9fa1a6;
0328B : 8f9194;
0328C : 9fa0a4;
0328D : 9d9ea3;
0328E : aaacb3;
0328F : b3b4bc;
03290 : b5b7be;
03291 : acaeb5;
03292 : 9fa1a9;
03293 : bdbfc8;
03294 : cbccd4;
03295 : cbcdd5;
03296 : c3c6ce;
03297 : b8bcc5;
03298 : b1b7c0;
03299 : babec7;
0329A : babfc8;
0329B : c2c7cf;
0329C : c2c7d0;
0329D : b7bec6;
0329E : 9da5ac;
0329F : 939a9f;
032A0 : 9ca2a8;
032A1 : adb4bd;
032A2 : c4c9d1;
032A3 : cacfd7;
032A4 : caced5;
032A5 : bcc1ca;
032A6 : bcc1ca;
032A7 : c3c8d0;
032A8 : c9ced6;
032A9 : cdd2d9;
032AA : c8ced6;
032AB : c6ccd3;
032AC : c4cad2;
032AD : c3c9d1;
032AE : c4cbd3;
032AF : c6ccd4;
032B0 : cacfd7;
032B1 : c9ced7;
032B2 : c8ced7;
032B3 : c6ccd5;
032B4 : c4cbd3;
032B5 : c6ccd4;
032B6 : c8cdd6;
032B7 : c7cdd7;
032B8 : c8ced8;
032B9 : cad0d9;
032BA : ccd1da;
032BB : cdd2db;
032BC : ccd2db;
032BD : c9d1da;
032BE : c5ced8;
032BF : bbc7d4;
032C0 : a3b1bf;
032C1 : 767c84;
032C2 : 9ea2ac;
032C3 : b5b9c3;
032C4 : d9dce0;
032C5 : d8e1ee;
032C6 : d5dfee;
032C7 : d2dbea;
032C8 : d5dae4;
032C9 : d5dae3;
032CA : d6dbe4;
032CB : d8dbe4;
032CC : d6dae2;
032CD : d7dbe3;
032CE : d8dbe3;
032CF : d8dbe3;
032D0 : d8dbe2;
032D1 : d6dae2;
032D2 : d7dae1;
032D3 : d5d8e0;
032D4 : d5d8e0;
032D5 : d5d8e0;
032D6 : d5d9e0;
032D7 : d6d9e0;
032D8 : d5d9e0;
032D9 : d6d9e0;
032DA : d8dae1;
032DB : d9dbe2;
032DC : dbdee4;
032DD : dcdee5;
032DE : dcdee5;
032DF : dddfe7;
032E0 : dee0e7;
032E1 : dee0e7;
032E2 : dee1e8;
032E3 : dfe1e8;
032E4 : dee1e8;
032E5 : dee1e9;
032E6 : dee1e9;
032E7 : dee1e9;
032E8 : dee1e9;
032E9 : dfe2ea;
032EA : dee1e9;
032EB : dee1e9;
032EC : dfe2ea;
032ED : e0e3eb;
032EE : dfe2e9;
032EF : dbdee6;
032F0 : dcdfe7;
032F1 : dee1e9;
032F2 : dfe2eb;
032F3 : dfe2ea;
032F4 : dfe2ec;
032F5 : dfe2ea;
032F6 : dcdfe6;
032F7 : dfe2ea;
032F8 : e2e1e9;
032F9 : 85bfaf;
032FA : 38b696;
032FB : 40b89e;
032FC : 47b786;
032FD : 60ba69;
032FE : 8cc258;
032FF : c3cb2e;
03300 : 103c15;
03301 : 0e3816;
03302 : 0e3518;
03303 : 0d3118;
03304 : 0d3018;
03305 : 0b2e16;
03306 : 374531;
03307 : 757773;
03308 : 7d7f7e;
03309 : 8c8d8e;
0330A : 9a9ca0;
0330B : 929498;
0330C : a0a0a5;
0330D : 9b9da3;
0330E : acadb5;
0330F : b3b3bc;
03310 : b7b8c0;
03311 : a9aab1;
03312 : a0a2ab;
03313 : c4c5ce;
03314 : cccdd6;
03315 : cacbd4;
03316 : c3c6ce;
03317 : bcbfc8;
03318 : b0b5bf;
03319 : b4b9c3;
0331A : b5bbc4;
0331B : bec3cc;
0331C : c3c8d0;
0331D : bcc3ca;
0331E : a0a8ae;
0331F : 939a9f;
03320 : 9ca2a9;
03321 : afb6bf;
03322 : c4c9d2;
03323 : cacfd6;
03324 : c8ccd4;
03325 : c3c8d0;
03326 : c3c8d0;
03327 : c3c9d1;
03328 : cbd0d8;
03329 : cdd2d9;
0332A : cad0d7;
0332B : c6ccd4;
0332C : c4cbd2;
0332D : c3c9d1;
0332E : c4cad2;
0332F : c7cdd5;
03330 : c8ced6;
03331 : c9cfd7;
03332 : c9cfd7;
03333 : c7cdd6;
03334 : c4cbd3;
03335 : c5cbd3;
03336 : c7cdd5;
03337 : c7ced6;
03338 : cad0d9;
03339 : cad0d9;
0333A : cad0d9;
0333B : cbd1da;
0333C : c9d0d9;
0333D : c5ced8;
0333E : c6cfd8;
0333F : b7c5d0;
03340 : 838b92;
03341 : 767a81;
03342 : b2b8c0;
03343 : e4e1db;
03344 : e3e2db;
03345 : dae3ed;
03346 : d6dfed;
03347 : d1d9e7;
03348 : d4d9e3;
03349 : d4d9e1;
0334A : d4d9e2;
0334B : d5d9e1;
0334C : d6d9e1;
0334D : d7dae2;
0334E : d7dae3;
0334F : d7dae2;
03350 : d7dae2;
03351 : d7dae2;
03352 : d6dae1;
03353 : d6d9e1;
03354 : d5d9e0;
03355 : d5d9e0;
03356 : d6d9e0;
03357 : d6d9e0;
03358 : d6dae1;
03359 : d6dae0;
0335A : d8dbe2;
0335B : dadce3;
0335C : dddfe5;
0335D : dee0e7;
0335E : dee0e7;
0335F : dfe1e8;
03360 : e0e1e9;
03361 : e0e2e9;
03362 : e0e2ea;
03363 : dfe2ea;
03364 : e0e2eb;
03365 : dfe2eb;
03366 : dde1ea;
03367 : dde0e9;
03368 : dee1e9;
03369 : dee1ea;
0336A : dfe2ea;
0336B : dee2e9;
0336C : dfe2ea;
0336D : dfe2ea;
0336E : dee1e9;
0336F : dcdfe7;
03370 : dcdfe7;
03371 : dee1e9;
03372 : dfe2ec;
03373 : dee1ea;
03374 : dee1ea;
03375 : dfe2eb;
03376 : dee1e9;
03377 : dee1ea;
03378 : e2e4ef;
03379 : c0d4d1;
0337A : 71bfa8;
0337B : 3db488;
0337C : 49b87b;
0337D : 6fbd63;
0337E : cccc1e;
0337F : e4d002;
03380 : 103b14;
03381 : 0e3716;
03382 : 0d3418;
03383 : 0e3119;
03384 : 0d2f17;
03385 : 0d2f17;
03386 : 424c39;
03387 : 757571;
03388 : 706f6c;
03389 : 96989b;
0338A : 94969a;
0338B : 96979c;
0338C : 9a9ba1;
0338D : 9a9ba1;
0338E : b1b2ba;
0338F : b1b1ba;
03390 : b6b7c0;
03391 : a5a7ad;
03392 : a3a5ae;
03393 : c8c9d1;
03394 : cecfd7;
03395 : c6c8d1;
03396 : c4c6cf;
03397 : c3c5cd;
03398 : b2b7c1;
03399 : b0b5c0;
0339A : b3b9c3;
0339B : b9bfc8;
0339C : bec5cd;
0339D : bdc3cb;
0339E : a6aeb3;
0339F : 8f9599;
033A0 : 9a9fa6;
033A1 : b2b9c2;
033A2 : c3c8d1;
033A3 : c8cdd5;
033A4 : c7ccd4;
033A5 : c9cdd4;
033A6 : c4c9d1;
033A7 : c6ccd4;
033A8 : cbd0d8;
033A9 : ccd2d9;
033AA : cbd0d8;
033AB : c7ccd4;
033AC : c3c9d1;
033AD : c2c9d1;
033AE : c2c9d1;
033AF : c6ccd4;
033B0 : c8cdd6;
033B1 : c9cfd7;
033B2 : cacfd8;
033B3 : c8ced7;
033B4 : c4cbd3;
033B5 : c3c9d2;
033B6 : c5cbd3;
033B7 : c7cdd5;
033B8 : cad0d8;
033B9 : cbd1d9;
033BA : cad0d9;
033BB : ccd1da;
033BC : cad0d9;
033BD : c6cfd9;
033BE : c1ccd7;
033BF : 9eabb5;
033C0 : 666870;
033C1 : 9397a1;
033C2 : dcdfe4;
033C3 : e9e7de;
033C4 : e1e2e3;
033C5 : d5ddeb;
033C6 : cad3e0;
033C7 : cfd8e5;
033C8 : d2d8e1;
033C9 : d3d8e0;
033CA : d5d9e1;
033CB : d7dae2;
033CC : d7dae2;
033CD : d7dae2;
033CE : d7dbe2;
033CF : d7dae2;
033D0 : d7dae2;
033D1 : d7dbe3;
033D2 : d5dae1;
033D3 : d5d9e1;
033D4 : d5d9e1;
033D5 : d5d9e0;
033D6 : d5d9e1;
033D7 : d6d9e1;
033D8 : d7dae2;
033D9 : d6d9e1;
033DA : d7dbe2;
033DB : d9dce3;
033DC : dadde4;
033DD : dcdee4;
033DE : dddfe6;
033DF : e0e2e9;
033E0 : e0e2e9;
033E1 : e1e3ea;
033E2 : e1e3eb;
033E3 : e1e4ec;
033E4 : e1e4ed;
033E5 : e0e3ec;
033E6 : dee2eb;
033E7 : dde1ea;
033E8 : dee1ea;
033E9 : dce1e9;
033EA : dde1e9;
033EB : dee2ea;
033EC : dfe2eb;
033ED : dfe2eb;
033EE : dee1e9;
033EF : dde1e9;
033F0 : dde1e9;
033F1 : dde0e9;
033F2 : e0e3ed;
033F3 : dee1ea;
033F4 : dee1ea;
033F5 : dee1eb;
033F6 : dee1ea;
033F7 : dde0e9;
033F8 : e0e3ef;
033F9 : ced4d6;
033FA : 72b194;
033FB : 49b575;
033FC : 5db96d;
033FD : b0c63a;
033FE : e6d104;
033FF : dfd007;
03400 : 113c15;
03401 : 0e3717;
03402 : 0c3418;
03403 : 0c331b;
03404 : 0e3420;
03405 : 143523;
03406 : 515648;
03407 : 747370;
03408 : 6e6c6a;
03409 : 9d9ea4;
0340A : 95969b;
0340B : 9a99a1;
0340C : 989aa2;
0340D : 999aa0;
0340E : b8b8c0;
0340F : acadb5;
03410 : b3b5bd;
03411 : a0a2a9;
03412 : aaacb6;
03413 : c7c8d2;
03414 : cecfd7;
03415 : c5c7d0;
03416 : c3c5ce;
03417 : c2c5ce;
03418 : b9bdc7;
03419 : acb2bd;
0341A : b2b7c1;
0341B : b6bcc6;
0341C : bcc3cc;
0341D : bac2cb;
0341E : a5adb4;
0341F : 8b9093;
03420 : 9a9fa7;
03421 : b6bcc5;
03422 : c3c8d1;
03423 : c6cbd4;
03424 : cad0d7;
03425 : c9ced5;
03426 : c6ccd4;
03427 : c8ced6;
03428 : c9cfd7;
03429 : cad0d8;
0342A : ccd1d9;
0342B : c7cdd4;
0342C : c2c8d1;
0342D : c1c8d0;
0342E : c2c9d1;
0342F : c5cbd3;
03430 : c9ced6;
03431 : cad0d8;
03432 : c9cfd8;
03433 : cad0d8;
03434 : c7cdd5;
03435 : c3c9d2;
03436 : c3c9d1;
03437 : c4cad3;
03438 : c9cfd7;
03439 : cbd1d9;
0343A : ccd1da;
0343B : cdd2db;
0343C : cbd1da;
0343D : c7d1da;
0343E : b1bfca;
0343F : 80888d;
03440 : 656770;
03441 : ccd1db;
03442 : e2e9f6;
03443 : dfe7f1;
03444 : d2dae7;
03445 : d4dbe8;
03446 : cdd6e3;
03447 : d2d9e7;
03448 : d2d8e1;
03449 : d4d8e0;
0344A : d6d9e1;
0344B : d6dae1;
0344C : d5d9e1;
0344D : d8dbe2;
0344E : d7dae2;
0344F : d8dbe3;
03450 : d8dce3;
03451 : dadde4;
03452 : d8dbe3;
03453 : d8dbe3;
03454 : d7dbe2;
03455 : d5d9e1;
03456 : d6dae1;
03457 : d6d9e2;
03458 : d6dae2;
03459 : d5d8e1;
0345A : d5d9e1;
0345B : d7dbe3;
0345C : d9dce4;
0345D : dadde4;
0345E : dadce3;
0345F : dadde3;
03460 : dddfe5;
03461 : dfe1e8;
03462 : e1e3eb;
03463 : e2e4ed;
03464 : e2e5ee;
03465 : e2e4ed;
03466 : e0e4ed;
03467 : dfe3ec;
03468 : dee2eb;
03469 : dce0ea;
0346A : dce1ea;
0346B : dce1ea;
0346C : dee1eb;
0346D : dfe2eb;
0346E : dde1e9;
0346F : dde1e9;
03470 : dee1ea;
03471 : dde0ea;
03472 : e0e3ed;
03473 : dee1ea;
03474 : dee1ea;
03475 : dce0ea;
03476 : dde0ea;
03477 : dcdfe8;
03478 : dee1ec;
03479 : d6dbde;
0347A : 65b88c;
0347B : 4eb469;
0347C : 8abf60;
0347D : cccb24;
0347E : e6d208;
0347F : e3d208;
03480 : 0e3916;
03481 : 0d3717;
03482 : 0b3418;
03483 : 0d351e;
03484 : 0f3825;
03485 : 173928;
03486 : 5c5f56;
03487 : 6c6a66;
03488 : 757372;
03489 : a1a3ab;
0348A : 96989d;
0348B : 9b9ca3;
0348C : 93969f;
0348D : 98989f;
0348E : bbbcc4;
0348F : a4a7af;
03490 : b0b2ba;
03491 : 9d9fa7;
03492 : b2b4be;
03493 : c5c6d2;
03494 : cbccd4;
03495 : c4c7cf;
03496 : c0c2cb;
03497 : c2c5ce;
03498 : bbbfc8;
03499 : aab0ba;
0349A : b1b6c0;
0349B : b4bbc5;
0349C : b9c1ca;
0349D : b5bec6;
0349E : 9aa1a6;
0349F : 878c8f;
034A0 : 9fa5ac;
034A1 : bcc1ca;
034A2 : c3c9d2;
034A3 : cacfd7;
034A4 : cbd0d7;
034A5 : c9cfd7;
034A6 : c9cdd6;
034A7 : c9ced6;
034A8 : c8ced6;
034A9 : c9cfd7;
034AA : ccd1d9;
034AB : c8ced5;
034AC : c1c7cf;
034AD : c0c7cf;
034AE : c1c8d0;
034AF : c4cbd3;
034B0 : c9ced6;
034B1 : cbd0d8;
034B2 : ccd1d9;
034B3 : cbd0d9;
034B4 : c6ccd5;
034B5 : c2c9d1;
034B6 : bfc5ce;
034B7 : bec4ce;
034B8 : c7cdd6;
034B9 : cdd2da;
034BA : cdd2da;
034BB : cbd0d9;
034BC : ccd2db;
034BD : c5cfda;
034BE : a7b6c0;
034BF : 6e7277;
034C0 : 868995;
034C1 : e6ecf9;
034C2 : dde4f3;
034C3 : dde5f2;
034C4 : d0dae8;
034C5 : dae1ee;
034C6 : d1dae5;
034C7 : d4dbe8;
034C8 : d0d6e0;
034C9 : d3d7df;
034CA : d6dae1;
034CB : d6d9e1;
034CC : d4d8e0;
034CD : d7dbe2;
034CE : d6dae1;
034CF : d8dbe2;
034D0 : d9dce3;
034D1 : dadde4;
034D2 : d8dce3;
034D3 : d9dce4;
034D4 : d9dce4;
034D5 : d7dbe3;
034D6 : d7dbe3;
034D7 : d7dae3;
034D8 : d7dae3;
034D9 : d5d8e1;
034DA : d5d9e1;
034DB : d5d8e1;
034DC : d6dae3;
034DD : d9dce4;
034DE : dadde5;
034DF : d9dce3;
034E0 : d9dbe1;
034E1 : dadbe2;
034E2 : dbdde4;
034E3 : dfe1e9;
034E4 : e1e3ec;
034E5 : e1e4ed;
034E6 : e2e6ee;
034E7 : e2e6ee;
034E8 : e1e4ee;
034E9 : dee2ec;
034EA : dde1eb;
034EB : dce1ea;
034EC : dce0ea;
034ED : dee1ea;
034EE : dee2ea;
034EF : dfe2eb;
034F0 : dfe2ec;
034F1 : dee1ea;
034F2 : dfe2ed;
034F3 : dee2ec;
034F4 : dfe1ec;
034F5 : dce0ea;
034F6 : dbdfe9;
034F7 : dbdfe8;
034F8 : dbdfe8;
034F9 : dbdce2;
034FA : 8fc096;
034FB : a0c03d;
034FC : 88bb5a;
034FD : bcc633;
034FE : afd779;
034FF : a2c566;
03500 : 0d3716;
03501 : 0d3617;
03502 : 0c3518;
03503 : 0d361c;
03504 : 0e3623;
03505 : 163827;
03506 : 61645c;
03507 : 67645c;
03508 : 7e7d7e;
03509 : a5a7b0;
0350A : 989a9f;
0350B : 9d9ea5;
0350C : 92959f;
0350D : 95959c;
0350E : bdbec7;
0350F : a3a5ae;
03510 : a3a6ae;
03511 : 9fa0a7;
03512 : bcbcc6;
03513 : c7c8d2;
03514 : c7c9d2;
03515 : c3c5ce;
03516 : bec1ca;
03517 : c0c3cc;
03518 : bcc1c9;
03519 : acb1bb;
0351A : aeb4be;
0351B : b3b9c4;
0351C : b8c0ca;
0351D : aab2bb;
0351E : 8b9092;
0351F : 8b8f93;
03520 : adb3ba;
03521 : bec4ce;
03522 : c8cdd5;
03523 : cad0d8;
03524 : cacfd8;
03525 : caced7;
03526 : cbcfd8;
03527 : c9ced7;
03528 : c8ced7;
03529 : cbd0d8;
0352A : ccd1d9;
0352B : c5cbd3;
0352C : bdc4cd;
0352D : bfc6cf;
0352E : c1c8d0;
0352F : c4cad3;
03530 : c8cdd5;
03531 : cacfd7;
03532 : ccd2da;
03533 : cad0d8;
03534 : c7ccd6;
03535 : c2c9d2;
03536 : bcc3cc;
03537 : bac1cb;
03538 : c5cbd4;
03539 : c9cfd8;
0353A : cad0da;
0353B : c6ccd7;
0353C : c6ced8;
0353D : c3ced9;
0353E : a8b7c1;
0353F : 696d73;
03540 : a5a8b3;
03541 : e6edfa;
03542 : dce3f1;
03543 : dee4f2;
03544 : d4ddeb;
03545 : d7dfec;
03546 : d4dce8;
03547 : d0d8e6;
03548 : cdd4df;
03549 : d3d7df;
0354A : d7dbe2;
0354B : d5d9e0;
0354C : d5d8e0;
0354D : d7dae2;
0354E : d5d9e0;
0354F : d6d9e1;
03550 : d7dae1;
03551 : d7dae2;
03552 : d8dbe2;
03553 : d9dbe3;
03554 : dadce4;
03555 : d9dbe3;
03556 : d9dce4;
03557 : d9dce4;
03558 : d9dce4;
03559 : d7dbe3;
0355A : d6d9e2;
0355B : d6dae2;
0355C : d4d8e1;
0355D : d5d9e2;
0355E : d7dbe3;
0355F : d8dce4;
03560 : dadde5;
03561 : dadce3;
03562 : d8dae1;
03563 : d7d9e1;
03564 : dbdce4;
03565 : dee0e8;
03566 : e2e4ed;
03567 : e3e5ee;
03568 : e3e6ef;
03569 : e0e4ef;
0356A : dfe4ed;
0356B : dde2ec;
0356C : dbe0ea;
0356D : dbdfe9;
0356E : dde1ea;
0356F : dee2eb;
03570 : dee2eb;
03571 : dee1ea;
03572 : dee1eb;
03573 : dee2ed;
03574 : dee1ec;
03575 : dbdfea;
03576 : d9dee8;
03577 : dadee8;
03578 : dbdfe7;
03579 : dbdee4;
0357A : a0aa97;
0357B : 9da43c;
0357C : 4db67f;
0357D : 78bf71;
0357E : 53be92;
0357F : 3bab8f;
03580 : 0e3815;
03581 : 0e3717;
03582 : 0c3518;
03583 : 0e341a;
03584 : 0c321a;
03585 : 1b3925;
03586 : 686961;
03587 : 646158;
03588 : 858588;
03589 : a8aab4;
0358A : 94969c;
0358B : 9d9ea7;
0358C : 999ca5;
0358D : 8c8d94;
0358E : bdbec7;
0358F : abadb6;
03590 : 93969c;
03591 : a3a4ab;
03592 : c0c1ca;
03593 : cbccd5;
03594 : c4c6d0;
03595 : bec1ca;
03596 : babdc6;
03597 : bcc1ca;
03598 : bec2ca;
03599 : aeb4bd;
0359A : a8b0ba;
0359B : b4bbc6;
0359C : b0bac4;
0359D : 959ba0;
0359E : 858989;
0359F : 989da2;
035A0 : b6bcc5;
035A1 : c4c9d2;
035A2 : caced6;
035A3 : cad0d8;
035A4 : c9cfd8;
035A5 : cbcfd7;
035A6 : cbd0d8;
035A7 : c9cfd7;
035A8 : c9ced7;
035A9 : cacfd7;
035AA : cad0d8;
035AB : c0c7d0;
035AC : bcc3cc;
035AD : bec4ce;
035AE : c1c8d0;
035AF : c4cad2;
035B0 : c7ccd5;
035B1 : c9ced7;
035B2 : cdd2da;
035B3 : ccd1da;
035B4 : cacfd7;
035B5 : c6ccd5;
035B6 : bbc2cc;
035B7 : b7bec8;
035B8 : c0c6d0;
035B9 : cbd0d9;
035BA : c7ced8;
035BB : c8ced8;
035BC : cbd2db;
035BD : c3cdd9;
035BE : a9b8c3;
035BF : 6a6e75;
035C0 : b0b2bc;
035C1 : e3e9f6;
035C2 : dae2f0;
035C3 : dee5f2;
035C4 : d5deeb;
035C5 : d2dae8;
035C6 : d1dae6;
035C7 : ccd6e3;
035C8 : ced5e1;
035C9 : d3d8e0;
035CA : d7dbe3;
035CB : d4d8e0;
035CC : d3d8df;
035CD : d5d9e1;
035CE : d4d8df;
035CF : d4d7df;
035D0 : d4d8e0;
035D1 : d5d9e0;
035D2 : d7d9e1;
035D3 : d7dae1;
035D4 : d8dae2;
035D5 : d7dae1;
035D6 : d9dce3;
035D7 : d9dce4;
035D8 : d9dde4;
035D9 : d9dde4;
035DA : d9dce4;
035DB : dadde5;
035DC : d8dce4;
035DD : d6dae3;
035DE : d4d9e1;
035DF : d3d8e1;
035E0 : d6dae3;
035E1 : dadde5;
035E2 : dbdee6;
035E3 : dadce4;
035E4 : d7d9e0;
035E5 : d6d8e0;
035E6 : dadce3;
035E7 : dee1e9;
035E8 : e1e5ed;
035E9 : e2e6f0;
035EA : e2e6f0;
035EB : e1e4ef;
035EC : dee2ed;
035ED : dadfea;
035EE : dadfe9;
035EF : dadfe9;
035F0 : dce0ea;
035F1 : dee2eb;
035F2 : dde1ea;
035F3 : dfe3ed;
035F4 : dee1ec;
035F5 : dadee9;
035F6 : d6dce7;
035F7 : dce0eb;
035F8 : dee1ea;
035F9 : dde0e3;
035FA : 999da8;
035FB : 3a7866;
035FC : 42ba90;
035FD : 47ba95;
035FE : 4fbea1;
035FF : 48bfa7;
03600 : 0e3815;
03601 : 0e3715;
03602 : 0e3516;
03603 : 0f3317;
03604 : 0d3015;
03605 : 293e2a;
03606 : 6a6961;
03607 : 605c52;
03608 : 8e8e93;
03609 : a0a5af;
0360A : 8f9299;
0360B : 9c9ea7;
0360C : 9da0a9;
0360D : 87888f;
0360E : babac3;
0360F : b6b8c2;
03610 : 91959c;
03611 : 9a9ba2;
03612 : c0c1ca;
03613 : c9cbd5;
03614 : c1c4cf;
03615 : b6bbc6;
03616 : b5bac3;
03617 : babfc8;
03618 : bbbfc8;
03619 : b1b8c0;
0361A : a4aeb9;
0361B : acb5c2;
0361C : 99a1a9;
0361D : 848787;
0361E : 8d9193;
0361F : a8afb6;
03620 : bec4ce;
03621 : c7ccd4;
03622 : cacfd7;
03623 : cdd2da;
03624 : cbd0d9;
03625 : ccd0d8;
03626 : cdd1d9;
03627 : cacfd8;
03628 : c8ced7;
03629 : c9cfd7;
0362A : c4cad3;
0362B : c0c6cf;
0362C : bcc2cc;
0362D : bdc3cd;
0362E : c1c8d0;
0362F : c4cad2;
03630 : c6ccd4;
03631 : c9ced7;
03632 : ced2da;
03633 : cdd2da;
03634 : cad0d8;
03635 : c6ccd5;
03636 : bbc2cc;
03637 : b2bac4;
03638 : bac2cc;
03639 : c9cfd8;
0363A : c5cbd6;
0363B : c7ced7;
0363C : cdd3dc;
0363D : c6d0db;
0363E : abbbc6;
0363F : 6a6f78;
03640 : aaadb8;
03641 : e3e9f6;
03642 : dae2f0;
03643 : dfe6f3;
03644 : d9e2ee;
03645 : d0d9e7;
03646 : d3dce8;
03647 : d0d9e5;
03648 : ced5e2;
03649 : d6dae2;
0364A : d8dbe4;
0364B : d3d8e0;
0364C : d2d7de;
0364D : d5d9e1;
0364E : d4d8df;
0364F : d3d7df;
03650 : d4d8e0;
03651 : d5d8e0;
03652 : d6d9e1;
03653 : d5d9e0;
03654 : d6d9e1;
03655 : d6d9e1;
03656 : d7dae1;
03657 : d8dbe2;
03658 : d9dce3;
03659 : d9dce3;
0365A : d9dce4;
0365B : dbdee5;
0365C : dbdee6;
0365D : dbdfe7;
0365E : dadde6;
0365F : d6dae3;
03660 : d3d8e1;
03661 : d5d9e1;
03662 : d8dbe3;
03663 : dadde6;
03664 : dbdfe7;
03665 : d9dce4;
03666 : d6d8df;
03667 : d6d9df;
03668 : dadde4;
03669 : dfe2ea;
0366A : e2e5ef;
0366B : e3e6f1;
0366C : e3e6f1;
0366D : dfe4ef;
0366E : dce1eb;
0366F : d8dee9;
03670 : d8dde7;
03671 : dbe0e9;
03672 : dcdfe8;
03673 : dee2ed;
03674 : dee2ed;
03675 : d9dee9;
03676 : d6dbe7;
03677 : dce1ed;
03678 : dce0e9;
03679 : dcdee3;
0367A : a4a9b1;
0367B : 327f73;
0367C : 41bb96;
0367D : 4abb99;
0367E : 4cbea2;
0367F : 44bca1;
03680 : 0d3915;
03681 : 0d3715;
03682 : 0e3615;
03683 : 0f3415;
03684 : 0d3013;
03685 : 354531;
03686 : 6b6961;
03687 : 636057;
03688 : 96979e;
03689 : 9195a1;
0368A : 8f929a;
0368B : 979aa3;
0368C : a0a3ab;
0368D : 88898f;
0368E : b1b2bd;
0368F : b9bcc5;
03690 : 9ca0a6;
03691 : 898b91;
03692 : bcbec8;
03693 : caccd5;
03694 : c0c3ce;
03695 : b3b7c4;
03696 : afb3be;
03697 : b7bcc6;
03698 : b8bdc7;
03699 : b3b9c2;
0369A : a9b1bc;
0369B : 99a1ab;
0369C : 838688;
0369D : 888b8b;
0369E : 9a9fa5;
0369F : b7bdc6;
036A0 : c3c8d2;
036A1 : c7ccd5;
036A2 : cacfd7;
036A3 : ccd1d9;
036A4 : cbd0d9;
036A5 : ccd0d8;
036A6 : ccd1d9;
036A7 : cad0d8;
036A8 : c6cdd5;
036A9 : c1c7d0;
036AA : c0c7d0;
036AB : c3c9d2;
036AC : bcc3cc;
036AD : bcc2cc;
036AE : c1c8d0;
036AF : c4cbd3;
036B0 : c5cbd4;
036B1 : cacfd8;
036B2 : cdd2da;
036B3 : ced3db;
036B4 : c7cdd6;
036B5 : c4cad4;
036B6 : b7bfca;
036B7 : a6afbd;
036B8 : b6bfc9;
036B9 : c6ccd6;
036BA : cad0d9;
036BB : cad0d9;
036BC : ced4dd;
036BD : c3cdda;
036BE : a9b9c6;
036BF : 6a717a;
036C0 : a5a8b3;
036C1 : e2e8f6;
036C2 : dbe2f1;
036C3 : dfe6f4;
036C4 : d9e2ef;
036C5 : d3dbe8;
036C6 : d5deea;
036C7 : cdd7e3;
036C8 : c8d1df;
036C9 : d6dbe4;
036CA : d7dbe3;
036CB : d4d8e1;
036CC : d0d6de;
036CD : d3d8e0;
036CE : d4d8e0;
036CF : d3d7df;
036D0 : d4d9e0;
036D1 : d4d9e0;
036D2 : d4d8e0;
036D3 : d5d9e0;
036D4 : d5d9e1;
036D5 : d5d9e1;
036D6 : d6d9e1;
036D7 : d7dae1;
036D8 : d7dae2;
036D9 : d7dbe2;
036DA : d8dbe2;
036DB : dadce4;
036DC : dadde4;
036DD : dbdee6;
036DE : dde0e8;
036DF : dcdfe7;
036E0 : dbdee7;
036E1 : d9dde5;
036E2 : d6dbe3;
036E3 : d5dae2;
036E4 : d7dbe4;
036E5 : dadee6;
036E6 : dbdee6;
036E7 : d9dce3;
036E8 : d5d8df;
036E9 : d7dae1;
036EA : dde0e8;
036EB : e2e5ee;
036EC : e3e6f1;
036ED : e3e7f1;
036EE : e1e5f0;
036EF : dbe0eb;
036F0 : d8dde8;
036F1 : d8dde8;
036F2 : dbdfe9;
036F3 : dee1eb;
036F4 : dfe3ee;
036F5 : d6dce8;
036F6 : d3dae6;
036F7 : dce2f0;
036F8 : dce0e9;
036F9 : dbdde1;
036FA : adb7bc;
036FB : 337b72;
036FC : 3db691;
036FD : 45b998;
036FE : 43bba3;
036FF : 3eb99b;
03700 : 0d3915;
03701 : 0d3715;
03702 : 0f3715;
03703 : 103414;
03704 : 0e3112;
03705 : 3d4a36;
03706 : 6e6b63;
03707 : 646158;
03708 : 999aa2;
03709 : 999ca8;
0370A : 868993;
0370B : 9497a1;
0370C : 9ca0a7;
0370D : 898b8f;
0370E : a9abb6;
0370F : b7bbc5;
03710 : 9da1a8;
03711 : 83858b;
03712 : bbbec7;
03713 : cbcdd5;
03714 : c2c5cf;
03715 : b3b7c5;
03716 : a5aab7;
03717 : aeb5c0;
03718 : b6bbc6;
03719 : b1b7c2;
0371A : a0a8b2;
0371B : 868a8e;
0371C : 808284;
0371D : 96999d;
0371E : acb1bb;
0371F : c0c5cf;
03720 : c5cad3;
03721 : c8ccd6;
03722 : cacfd8;
03723 : cdd2da;
03724 : cdd1d9;
03725 : cdd1d9;
03726 : cacfd8;
03727 : c9cfd7;
03728 : bfc6cf;
03729 : bac2cb;
0372A : c2c8d1;
0372B : c5cbd4;
0372C : bcc3cd;
0372D : bcc3cc;
0372E : c0c6cf;
0372F : c4cbd4;
03730 : c5cad4;
03731 : c9ced7;
03732 : cdd2da;
03733 : cfd3db;
03734 : c9cfd7;
03735 : c4cad5;
03736 : b6beca;
03737 : a6afbd;
03738 : afb9c4;
03739 : c2c9d2;
0373A : c8cfd7;
0373B : cad0d8;
0373C : ced4dd;
0373D : c6cfdb;
0373E : b0c0cc;
0373F : 6f7883;
03740 : 9c9fab;
03741 : e1e8f6;
03742 : dbe2f1;
03743 : dee4f3;
03744 : d8e0ee;
03745 : cfd7e4;
03746 : d1dae7;
03747 : c8d2df;
03748 : cad3e1;
03749 : d6dbe4;
0374A : d7dbe3;
0374B : d5d9e1;
0374C : d0d6de;
0374D : d4d8e0;
0374E : d3d7df;
0374F : d4d8e0;
03750 : d5d9e1;
03751 : d4d9e1;
03752 : d6dae1;
03753 : d6d9e1;
03754 : d5d9e1;
03755 : d6dae1;
03756 : d7dae2;
03757 : d6dae1;
03758 : d7dbe2;
03759 : d7dbe2;
0375A : d8dbe2;
0375B : d9dce3;
0375C : d9dbe3;
0375D : dadde4;
0375E : dcdfe6;
0375F : dcdfe6;
03760 : dde0e8;
03761 : dde0e8;
03762 : dbdfe7;
03763 : d7dce4;
03764 : d5dae3;
03765 : d5dae3;
03766 : d7dce5;
03767 : dbdee7;
03768 : dbdee6;
03769 : d7dae1;
0376A : d4d8df;
0376B : dadde5;
0376C : dfe3ec;
0376D : e1e5ef;
0376E : e3e6f1;
0376F : e1e5f0;
03770 : dbe0eb;
03771 : d6dce7;
03772 : d9dee9;
03773 : dcdfe9;
03774 : dee2ed;
03775 : d9e0ed;
03776 : d6deec;
03777 : d3dae7;
03778 : dbdfe7;
03779 : dadae0;
0377A : b6cfcc;
0377B : 42a681;
0377C : 45b387;
0377D : 42ba9c;
0377E : 4dbea0;
0377F : 72cfa8;
03780 : 0d3915;
03781 : 0e3815;
03782 : 0f3815;
03783 : 103715;
03784 : 0d3111;
03785 : 434d3a;
03786 : 6e6a63;
03787 : 636159;
03788 : 909199;
03789 : a5a8b4;
0378A : 82858f;
0378B : 8d909a;
0378C : 999ba2;
0378D : 86898d;
0378E : a6a9b4;
0378F : b1b6c3;
03790 : 95989f;
03791 : 85868b;
03792 : bdbfc9;
03793 : c8cbd3;
03794 : c5c7d1;
03795 : b9bdc9;
03796 : a4a9b6;
03797 : a7aebb;
03798 : b3b9c5;
03799 : a9b0bb;
0379A : 8f959a;
0379B : 818483;
0379C : 8d9093;
0379D : a7abb3;
0379E : b3b9c4;
0379F : c2c7d0;
037A0 : c8ccd5;
037A1 : c8cdd6;
037A2 : cbd0d9;
037A3 : ced1da;
037A4 : cdd1d9;
037A5 : cbcfd8;
037A6 : cad0d8;
037A7 : c7ccd5;
037A8 : b9c1ca;
037A9 : b9c1cb;
037AA : c5cbd3;
037AB : c7ccd5;
037AC : bdc4cd;
037AD : bac1ca;
037AE : bec4ce;
037AF : c5cbd4;
037B0 : c5cbd4;
037B1 : c9ced7;
037B2 : cdd2da;
037B3 : ced3db;
037B4 : ccd1da;
037B5 : c5cbd5;
037B6 : bdc4ce;
037B7 : b0b8c3;
037B8 : afb9c4;
037B9 : bdc4ce;
037BA : c5ccd5;
037BB : c8ced7;
037BC : ccd2db;
037BD : ced5df;
037BE : bccad5;
037BF : 747f89;
037C0 : 9fa3ae;
037C1 : e4eaf8;
037C2 : dbe2f0;
037C3 : dbe2f1;
037C4 : d1dae9;
037C5 : c9d2e0;
037C6 : d5ddea;
037C7 : c7d1de;
037C8 : ced6e4;
037C9 : d8dde6;
037CA : d5dae2;
037CB : d4d9e1;
037CC : d3d7df;
037CD : d5dae1;
037CE : d5d8e0;
037CF : d4d8e0;
037D0 : d6dae2;
037D1 : d5d9e2;
037D2 : d6d9e1;
037D3 : d5d9e0;
037D4 : d5d9e1;
037D5 : d6dae1;
037D6 : d7dbe3;
037D7 : d7dbe3;
037D8 : d7dbe3;
037D9 : d8dbe3;
037DA : d7dae2;
037DB : d8dbe3;
037DC : d8dbe3;
037DD : d9dce3;
037DE : dbdde5;
037DF : dbdee5;
037E0 : dbdee6;
037E1 : dddfe7;
037E2 : dee1e9;
037E3 : dde0e9;
037E4 : dadee8;
037E5 : d6dae4;
037E6 : d5d9e3;
037E7 : d5dae4;
037E8 : d8dde5;
037E9 : dcdfe7;
037EA : d9dce3;
037EB : d5d7df;
037EC : d8dbe2;
037ED : dee1ea;
037EE : e0e4ef;
037EF : e2e6f1;
037F0 : e1e6f1;
037F1 : d8dee9;
037F2 : d6dce7;
037F3 : dadee9;
037F4 : dde1ec;
037F5 : dbe2f1;
037F6 : d6deed;
037F7 : d6dde9;
037F8 : dadee7;
037F9 : dadce1;
037FA : b8c4c7;
037FB : 3b7461;
037FC : 59ab7a;
037FD : 45b08b;
037FE : 69cc9f;
037FF : 7ed3a2;
03800 : 0d3915;
03801 : 0e3915;
03802 : 0f3815;
03803 : 0f3715;
03804 : 0d3211;
03805 : 454f3c;
03806 : 6b665e;
03807 : 66635b;
03808 : 8a8b94;
03809 : 9fa3b1;
0380A : 80828c;
0380B : 7f828a;
0380C : 91949b;
0380D : 878a8e;
0380E : a8aab6;
0380F : b0b7c3;
03810 : 888b90;
03811 : 8a8b8f;
03812 : c1c3cd;
03813 : c6c9d2;
03814 : c6c9d2;
03815 : c3c6ce;
03816 : a9aeb9;
03817 : a4abb9;
03818 : aeb6c1;
03819 : 989ea4;
0381A : 818483;
0381B : 868989;
0381C : a2a7ad;
0381D : b5b9c5;
0381E : b9bec8;
0381F : bfc4cf;
03820 : c8ccd6;
03821 : c8cdd6;
03822 : cbd0d9;
03823 : ced2da;
03824 : ccd0d8;
03825 : caced7;
03826 : cacfd7;
03827 : c0c6d0;
03828 : b2bac4;
03829 : b6bec8;
0382A : c8ced7;
0382B : c7cdd5;
0382C : bcc2cb;
0382D : b7bec8;
0382E : bfc5cf;
0382F : c5cbd4;
03830 : c7ccd4;
03831 : c7cdd6;
03832 : cbd1d9;
03833 : cdd3db;
03834 : cdd2db;
03835 : c9ced7;
03836 : c3c9d2;
03837 : b5bcc8;
03838 : aab5c1;
03839 : b9c1cc;
0383A : c1c8d2;
0383B : c6ccd6;
0383C : c9d0d8;
0383D : ced5df;
0383E : c2cfdb;
0383F : 7d8a96;
03840 : 9599a6;
03841 : dee4f1;
03842 : dbe1ef;
03843 : dce3f2;
03844 : d1dae8;
03845 : c9d2e0;
03846 : d8e0ec;
03847 : ced6e3;
03848 : d0d8e6;
03849 : d7dce6;
0384A : d4d9e1;
0384B : d4d9e1;
0384C : d4d8e0;
0384D : d5d9e1;
0384E : d6dae1;
0384F : d4d8e0;
03850 : d5d9e1;
03851 : d5d9e2;
03852 : d4d8e1;
03853 : d2d6de;
03854 : d5d9e1;
03855 : d5d9e2;
03856 : d7dae2;
03857 : d6dae2;
03858 : d7dbe3;
03859 : d8dce4;
0385A : d7dbe3;
0385B : d9dce4;
0385C : d9dce3;
0385D : d9dde4;
0385E : dcdfe6;
0385F : dcdee6;
03860 : dcdfe6;
03861 : dcdfe7;
03862 : dee0e8;
03863 : dfe1e9;
03864 : dee1ea;
03865 : dbdfe8;
03866 : d8dce5;
03867 : d6dbe5;
03868 : d5dae3;
03869 : d7dce4;
0386A : dbdfe7;
0386B : dbdee5;
0386C : d6d9e0;
0386D : d6d9e1;
0386E : dcdfe7;
0386F : dfe3ed;
03870 : e2e6f2;
03871 : dde3ef;
03872 : d6dce8;
03873 : d9dee8;
03874 : dce1eb;
03875 : dfe6f5;
03876 : d5dceb;
03877 : d3dae6;
03878 : dadee7;
03879 : d9dbe0;
0387A : bfcacd;
0387B : 499482;
0387C : 4eb493;
0387D : 47a980;
0387E : 4ec08c;
0387F : 5cc592;
03880 : 0d3a15;
03881 : 0e3915;
03882 : 0f3915;
03883 : 103816;
03884 : 0e3312;
03885 : 454e3c;
03886 : 6b6760;
03887 : 67635d;
03888 : 878890;
03889 : a4a8b6;
0388A : 81868d;
0388B : 797c81;
0388C : 8e9198;
0388D : 888b91;
0388E : a7aab5;
0388F : afb6c2;
03890 : 797d80;
03891 : 95959b;
03892 : c3c5cf;
03893 : c3c6d0;
03894 : c3c7d0;
03895 : c0c4cd;
03896 : adb3bd;
03897 : a3abb7;
03898 : 9ba2ab;
03899 : 858787;
0389A : 838583;
0389B : 95989c;
0389C : b4b8c3;
0389D : b8bcc8;
0389E : bbbfca;
0389F : c0c5cf;
038A0 : c8ccd6;
038A1 : caced7;
038A2 : cad0d9;
038A3 : cdd1d9;
038A4 : ccd0d8;
038A5 : caced7;
038A6 : c5cad3;
038A7 : bbc2cb;
038A8 : b0b7c2;
038A9 : bbc2cb;
038AA : cad0d8;
038AB : c7cdd5;
038AC : b7bec7;
038AD : b7bec9;
038AE : c0c6cf;
038AF : c6cbd4;
038B0 : c7ccd4;
038B1 : c8cdd6;
038B2 : ccd1da;
038B3 : ced3dc;
038B4 : cdd2da;
038B5 : cacfd8;
038B6 : bfc6d0;
038B7 : b6beca;
038B8 : a9b3c1;
038B9 : b5beca;
038BA : bec6d0;
038BB : c0c8d2;
038BC : c7ced6;
038BD : ced5de;
038BE : c6d2de;
038BF : 8797a4;
038C0 : 808695;
038C1 : dee5f2;
038C2 : dce3f0;
038C3 : dbe2f1;
038C4 : d2dbe8;
038C5 : c9d3e0;
038C6 : d6deec;
038C7 : cdd7e3;
038C8 : d1d9e7;
038C9 : d7dce6;
038CA : d5dae2;
038CB : d4d8e1;
038CC : d4d8e0;
038CD : d4d8e0;
038CE : d5d9e1;
038CF : d5d9e1;
038D0 : d5d9e1;
038D1 : d4d9e1;
038D2 : d1d7df;
038D3 : ccd1da;
038D4 : d3d8e0;
038D5 : d5dae2;
038D6 : d6dae2;
038D7 : d7dbe3;
038D8 : d8dce3;
038D9 : dadde5;
038DA : d9dce4;
038DB : d9dce4;
038DC : d8dce3;
038DD : d9dde4;
038DE : dcdfe6;
038DF : dcdfe7;
038E0 : dde0e7;
038E1 : dcdfe7;
038E2 : dde0e8;
038E3 : dde0e8;
038E4 : dde1e9;
038E5 : dde1ea;
038E6 : dce0e9;
038E7 : d9dee7;
038E8 : d7dce5;
038E9 : d5dae3;
038EA : d6dbe3;
038EB : d9dde6;
038EC : dcdfe8;
038ED : d8dbe2;
038EE : d4d7de;
038EF : d7dae1;
038F0 : dbdee8;
038F1 : e1e7f2;
038F2 : dae0ec;
038F3 : d7dde8;
038F4 : dbe0eb;
038F5 : dce2f0;
038F6 : d4dce9;
038F7 : d2d9e5;
038F8 : d9dee8;
038F9 : d8dae0;
038FA : c5d4d2;
038FB : 5fc5a3;
038FC : 52c098;
038FD : 43ba8b;
038FE : 45bb8b;
038FF : 60c896;
03900 : 0e3a17;
03901 : 103a17;
03902 : 103916;
03903 : 103816;
03904 : 0f3413;
03905 : 454e3c;
03906 : 6b675f;
03907 : 68645e;
03908 : 81838a;
03909 : 9ea3b1;
0390A : 878c92;
0390B : 6d6f6f;
0390C : 8f9197;
0390D : 8e9198;
0390E : a3a6b1;
0390F : a4aeb9;
03910 : 6f7272;
03911 : a1a2aa;
03912 : c1c3cd;
03913 : c1c4cf;
03914 : c0c5cf;
03915 : bcc1cb;
03916 : afb5bf;
03917 : 99a1ab;
03918 : 85888b;
03919 : 838483;
0391A : 8d8f91;
0391B : aeb1bb;
0391C : b9bcc7;
0391D : bbc0ca;
0391E : bbc0ca;
0391F : bdc2ce;
03920 : c3c8d4;
03921 : cbcfd8;
03922 : cad0d8;
03923 : cbcfd8;
03924 : ccd0d8;
03925 : c5cad4;
03926 : bfc5cf;
03927 : b6bdc6;
03928 : b0b8c2;
03929 : bfc5cf;
0392A : c7ced7;
0392B : c3cad3;
0392C : b4bcc5;
0392D : b7bec8;
0392E : b8bfcb;
0392F : b8c0cc;
03930 : c4c9d3;
03931 : c7cdd6;
03932 : cbd1d9;
03933 : ced3dc;
03934 : cdd2da;
03935 : cacfd8;
03936 : b3bccb;
03937 : bec4ce;
03938 : b3bbc7;
03939 : b3bcc7;
0393A : bcc4ce;
0393B : bfc7d1;
0393C : c3cad4;
0393D : c9d0da;
0393E : c9d4e0;
0393F : 94a3b1;
03940 : 797f8f;
03941 : dce3f0;
03942 : dde3f1;
03943 : dee6f4;
03944 : cbd6e3;
03945 : c8d2e0;
03946 : d8e0ed;
03947 : d1dae7;
03948 : d0d9e7;
03949 : d6dbe5;
0394A : d3d8e0;
0394B : d4d8e1;
0394C : d3d7df;
0394D : d5d9e1;
0394E : d6d9e1;
0394F : d5d9e1;
03950 : d5d9e1;
03951 : d4d8e1;
03952 : d3d8e0;
03953 : d1d6de;
03954 : d4d8e1;
03955 : d5dae2;
03956 : d5dae2;
03957 : d7dbe3;
03958 : d7dbe3;
03959 : d9dce4;
0395A : d9dce4;
0395B : d8dce3;
0395C : d9dce3;
0395D : d9dde4;
0395E : dbdde5;
0395F : dcdfe6;
03960 : dcdfe7;
03961 : dcdfe7;
03962 : dcdfe8;
03963 : dde0e8;
03964 : dce0e8;
03965 : dee0e9;
03966 : dde1e9;
03967 : dde1ea;
03968 : dce0e9;
03969 : d9dee7;
0396A : d5dae4;
0396B : d3d9e2;
0396C : d8dce6;
0396D : dcdfe8;
0396E : d8dce3;
0396F : d5d8df;
03970 : d4d7de;
03971 : dbdee8;
03972 : e1e6f2;
03973 : d8dde9;
03974 : dadfea;
03975 : dce1ef;
03976 : d1dae7;
03977 : cfd6e3;
03978 : d8dee8;
03979 : d8dae0;
0397A : cad2d4;
0397B : 56ac96;
0397C : 44b78a;
0397D : 4ebc86;
0397E : 4dbe8a;
0397F : 4ebc8d;
03980 : 153f15;
03981 : 0f3a16;
03982 : 103a16;
03983 : 103816;
03984 : 0f3514;
03985 : 48513e;
03986 : 6b665f;
03987 : 66625b;
03988 : 818289;
03989 : 969caa;
0398A : 80858b;
0398B : 6c6d6a;
0398C : 979ba2;
0398D : 8e9299;
0398E : 9da2ae;
0398F : 9ca5ae;
03990 : 696b6b;
03991 : aaacb6;
03992 : bfc2cc;
03993 : c0c4cf;
03994 : bfc4cf;
03995 : b6bdc7;
03996 : a1a9b3;
03997 : 898d91;
03998 : 808182;
03999 : 8a8c8c;
0399A : a0a3aa;
0399B : b6bac4;
0399C : b8bcc7;
0399D : babfca;
0399E : bec2cd;
0399F : bcc1cd;
039A0 : c0c5d1;
039A1 : cbcfd8;
039A2 : ccd0d9;
039A3 : c7cbd5;
039A4 : cacdd6;
039A5 : c1c7d0;
039A6 : b9bfc9;
039A7 : b4bcc5;
039A8 : b0b7c2;
039A9 : c2c8d1;
039AA : c8ced7;
039AB : bec6cf;
039AC : b2bac3;
039AD : b6bdc8;
039AE : b4bcc9;
039AF : b2bbc8;
039B0 : bbc3ce;
039B1 : c0c7d2;
039B2 : c8ced7;
039B3 : cdd3dc;
039B4 : ced3db;
039B5 : cacfd7;
039B6 : bac2ce;
039B7 : b4bcca;
039B8 : b2bac7;
039B9 : b4bdc7;
039BA : bcc3cd;
039BB : bdc6d0;
039BC : c0c8d2;
039BD : c5cdd6;
039BE : cad4df;
039BF : a1b1bf;
039C0 : 70788a;
039C1 : d8deeb;
039C2 : dde3f1;
039C3 : dce3f2;
039C4 : ccd7e5;
039C5 : c8d2df;
039C6 : dae1ef;
039C7 : cfd8e5;
039C8 : d2dbe9;
039C9 : d5dae5;
039CA : d0d6de;
039CB : d3d7df;
039CC : d4d8e0;
039CD : d5d9e1;
039CE : d3d7df;
039CF : d3d7e0;
039D0 : d7dae3;
039D1 : d5d9e1;
039D2 : d5d8e0;
039D3 : d2d6de;
039D4 : d3d7e0;
039D5 : d6dae2;
039D6 : d6dbe2;
039D7 : d7dbe3;
039D8 : d7dbe3;
039D9 : d8dbe4;
039DA : d8dce4;
039DB : d7dbe3;
039DC : d9dce3;
039DD : d9dce4;
039DE : dadde5;
039DF : dbdee6;
039E0 : dbdee6;
039E1 : dbdfe7;
039E2 : dcdfe7;
039E3 : dcdfe7;
039E4 : dcdfe7;
039E5 : dde0e8;
039E6 : dde0e8;
039E7 : dde1ea;
039E8 : dee2eb;
039E9 : dee2eb;
039EA : dce0e9;
039EB : d6dbe5;
039EC : d4d9e3;
039ED : d7dce5;
039EE : dcdfe7;
039EF : dadde5;
039F0 : d7dae1;
039F1 : d7dae2;
039F2 : dee2ed;
039F3 : dce1ed;
039F4 : d8dee9;
039F5 : d9dfec;
039F6 : ced7e5;
039F7 : cad3e0;
039F8 : d8dde7;
039F9 : d9dbe1;
039FA : cdd3d6;
039FB : 4a9381;
039FC : 49af7b;
039FD : 79c883;
039FE : 5bb87f;
039FF : 2a8e6d;
03A00 : 2b4a11;
03A01 : 103c17;
03A02 : 103b17;
03A03 : 103a17;
03A04 : 0f3715;
03A05 : 485240;
03A06 : 6c6862;
03A07 : 66625a;
03A08 : 818288;
03A09 : 9097a5;
03A0A : 74797b;
03A0B : 676764;
03A0C : 91959d;
03A0D : 9196a0;
03A0E : 9ba2ae;
03A0F : 879198;
03A10 : 6d6e6f;
03A11 : afb1bc;
03A12 : bec2cc;
03A13 : bfc4ce;
03A14 : bbc1cd;
03A15 : aab2be;
03A16 : 8e9298;
03A17 : 7b7d7d;
03A18 : 848687;
03A19 : 97999f;
03A1A : aeb2bc;
03A1B : b9bdc6;
03A1C : b8bcc8;
03A1D : bcc1cc;
03A1E : c0c5cf;
03A1F : bfc3cf;
03A20 : c3c7d3;
03A21 : c9ced7;
03A22 : c8cdd6;
03A23 : c1c7d1;
03A24 : c6cad4;
03A25 : bdc3cd;
03A26 : b5bcc6;
03A27 : b3bac4;
03A28 : b4bcc6;
03A29 : c3c9d3;
03A2A : c8cdd7;
03A2B : bec5ce;
03A2C : b1b9c3;
03A2D : b6bec9;
03A2E : b9c0cc;
03A2F : bdc3cf;
03A30 : bdc4cf;
03A31 : bfc6d2;
03A32 : c6ccd6;
03A33 : cdd3db;
03A34 : cbd0da;
03A35 : bec6d2;
03A36 : b3bccb;
03A37 : b2baca;
03A38 : aeb6c6;
03A39 : acb6c3;
03A3A : bcc3cc;
03A3B : bec7d1;
03A3C : bbc4cf;
03A3D : c0c9d3;
03A3E : c9d2dd;
03A3F : aebecb;
03A40 : 687285;
03A41 : cfd4e2;
03A42 : dde4f1;
03A43 : dde4f3;
03A44 : ced9e6;
03A45 : c8d2df;
03A46 : d9dfee;
03A47 : d2dbe8;
03A48 : d3dbe9;
03A49 : d3d9e4;
03A4A : cdd3dc;
03A4B : cfd4dd;
03A4C : d5d8e0;
03A4D : d5d8e0;
03A4E : d2d6de;
03A4F : d6d9e1;
03A50 : d6dae2;
03A51 : d3d8e0;
03A52 : d5d9e1;
03A53 : d0d5dd;
03A54 : d4d8e0;
03A55 : d5dae2;
03A56 : d7dbe3;
03A57 : d7dbe3;
03A58 : d8dce3;
03A59 : dadce4;
03A5A : d8dce4;
03A5B : d7dbe3;
03A5C : d9dce4;
03A5D : dadce4;
03A5E : dadde5;
03A5F : dbdde5;
03A60 : dbdee6;
03A61 : dbdee6;
03A62 : dcdfe7;
03A63 : dddfe7;
03A64 : dddfe8;
03A65 : dce0e7;
03A66 : dee0e8;
03A67 : dde0e9;
03A68 : dee1ea;
03A69 : dee2eb;
03A6A : dfe3ec;
03A6B : dce0ea;
03A6C : d6dbe6;
03A6D : d1d8e2;
03A6E : d6dbe4;
03A6F : dcdfe9;
03A70 : dadde4;
03A71 : dcdfe7;
03A72 : dadde6;
03A73 : dfe4ef;
03A74 : d9deea;
03A75 : d8dde8;
03A76 : c9d2e0;
03A77 : c5cfdd;
03A78 : d8dee9;
03A79 : d9dce3;
03A7A : ccd5d7;
03A7B : 58ac8a;
03A7C : 3c9d6c;
03A7D : 68c07d;
03A7E : 38a271;
03A7F : 36a577;
03A80 : 34530f;
03A81 : 194314;
03A82 : 113c16;
03A83 : 123c15;
03A84 : 1c3d10;
03A85 : 51563e;
03A86 : 6b6963;
03A87 : 646158;
03A88 : 7b7c81;
03A89 : 8f96a4;
03A8A : 696d6b;
03A8B : 63635f;
03A8C : 8f949e;
03A8D : 9399a4;
03A8E : 979fac;
03A8F : 767c80;
03A90 : 78797c;
03A91 : b2b5c0;
03A92 : bdc1cc;
03A93 : bdc2cd;
03A94 : b3bac7;
03A95 : 989fa7;
03A96 : 7b7b7b;
03A97 : 7c7e7e;
03A98 : 919498;
03A99 : a7abb5;
03A9A : b6bac5;
03A9B : bfc2cb;
03A9C : bcc0cb;
03A9D : c2c6d0;
03A9E : c4c8d1;
03A9F : c5c9d2;
03AA0 : c6cad4;
03AA1 : c8ccd6;
03AA2 : c2c8d1;
03AA3 : bec4ce;
03AA4 : bfc4ce;
03AA5 : b8bfc8;
03AA6 : b5bcc6;
03AA7 : b3bbc4;
03AA8 : bac1cb;
03AA9 : c6cbd5;
03AAA : c4c9d3;
03AAB : bbc1cb;
03AAC : b3bbc5;
03AAD : b9c0cc;
03AAE : c4c9d3;
03AAF : c6cbd4;
03AB0 : c6cbd4;
03AB1 : c5cbd4;
03AB2 : c7ced7;
03AB3 : cdd2da;
03AB4 : c6ccd8;
03AB5 : bbc3d1;
03AB6 : b4bdcc;
03AB7 : b5bdcc;
03AB8 : afb8c8;
03AB9 : a8b3c1;
03ABA : b7bfc9;
03ABB : c3cad3;
03ABC : b8c2ce;
03ABD : b8c2ce;
03ABE : c1cbd7;
03ABF : b8c6d3;
03AC0 : 6b788b;
03AC1 : ced4e2;
03AC2 : dfe5f3;
03AC3 : dee5f4;
03AC4 : c9d4e2;
03AC5 : c7d1df;
03AC6 : d7deec;
03AC7 : d1dae8;
03AC8 : d3dae8;
03AC9 : d3d9e4;
03ACA : cbd1da;
03ACB : d0d5dd;
03ACC : d4d8e0;
03ACD : d4d8e0;
03ACE : cfd3dd;
03ACF : d4d8e0;
03AD0 : d5d9e1;
03AD1 : d5d9e1;
03AD2 : d5d9e1;
03AD3 : cfd4dd;
03AD4 : d4d8e0;
03AD5 : d6dae2;
03AD6 : d6dae3;
03AD7 : d8dce4;
03AD8 : d8dce3;
03AD9 : d9dbe3;
03ADA : d7dbe3;
03ADB : d7dbe3;
03ADC : d8dce3;
03ADD : d9dce4;
03ADE : d9dde4;
03ADF : dadde5;
03AE0 : dbdee6;
03AE1 : dcdee6;
03AE2 : dcdfe6;
03AE3 : dddfe7;
03AE4 : dddfe8;
03AE5 : dcdfe8;
03AE6 : dcdfe8;
03AE7 : dce0e8;
03AE8 : dde0ea;
03AE9 : dee1eb;
03AEA : dfe3ec;
03AEB : dfe3ed;
03AEC : dce0ea;
03AED : d5dbe5;
03AEE : d0d7e2;
03AEF : d7dce5;
03AF0 : dbdee7;
03AF1 : dddfe9;
03AF2 : dcdee8;
03AF3 : dbdfea;
03AF4 : dce2ed;
03AF5 : d8dee9;
03AF6 : c5cfdd;
03AF7 : c1ccda;
03AF8 : d7dde8;
03AF9 : d9dbe2;
03AFA : cdd5d7;
03AFB : 54a98a;
03AFC : 34816b;
03AFD : 3fab79;
03AFE : 3aaf79;
03AFF : 3baf78;
03B00 : 274d11;
03B01 : 274c11;
03B02 : 1c4311;
03B03 : 2f460a;
03B04 : 454b07;
03B05 : 5a593c;
03B06 : 6a6965;
03B07 : 656259;
03B08 : 747476;
03B09 : 878d99;
03B0A : 646762;
03B0B : 646462;
03B0C : 898d99;
03B0D : 9ba1ac;
03B0E : 8f98a4;
03B0F : 676a6b;
03B10 : 888990;
03B11 : b4b8c3;
03B12 : bbc0cc;
03B13 : b9bfcb;
03B14 : a3acb7;
03B15 : 818485;
03B16 : 757573;
03B17 : 8a8b8e;
03B18 : a4a8b0;
03B19 : b3b7c2;
03B1A : bcbfc9;
03B1B : c0c4cd;
03B1C : c3c6d0;
03B1D : c3c7d0;
03B1E : c3c7d0;
03B1F : c3c8d1;
03B20 : c3c7d1;
03B21 : c3c9d3;
03B22 : bdc3ce;
03B23 : b8bfc9;
03B24 : b9bfca;
03B25 : b7bec7;
03B26 : b4bac5;
03B27 : b6bdc7;
03B28 : bcc2cc;
03B29 : c4cad3;
03B2A : b8bfca;
03B2B : b7bfc8;
03B2C : b3bac5;
03B2D : c1c6d1;
03B2E : c8cdd5;
03B2F : c5cad3;
03B30 : c8cdd5;
03B31 : c6ccd5;
03B32 : c7ced7;
03B33 : cbd1d9;
03B34 : cbd1da;
03B35 : bfc6d3;
03B36 : b6bfcd;
03B37 : b5becc;
03B38 : afb9c9;
03B39 : a2adbe;
03B3A : b0b8c3;
03B3B : bec7d1;
03B3C : b7c1cf;
03B3D : b1bcc9;
03B3E : b2bdcb;
03B3F : bccad7;
03B40 : 6e7d91;
03B41 : c2c9d7;
03B42 : dde3f1;
03B43 : dde4f3;
03B44 : c9d4e3;
03B45 : cad4e1;
03B46 : d7deec;
03B47 : d4ddea;
03B48 : d5ddeb;
03B49 : d0d8e3;
03B4A : cdd3dc;
03B4B : d0d6de;
03B4C : d3d8e0;
03B4D : d2d7df;
03B4E : d5d8e0;
03B4F : d4d8e0;
03B50 : d5d8e0;
03B51 : d6d9e1;
03B52 : d4d8e0;
03B53 : cfd4dd;
03B54 : d6d9e1;
03B55 : d6dae2;
03B56 : d6dbe3;
03B57 : d8dbe3;
03B58 : d7dae2;
03B59 : d7dae2;
03B5A : d7dae2;
03B5B : d7dbe3;
03B5C : d8dbe3;
03B5D : d9dce4;
03B5E : d9dde4;
03B5F : dadde5;
03B60 : dbdee6;
03B61 : dcdfe6;
03B62 : dddfe6;
03B63 : dcdfe6;
03B64 : dde0e8;
03B65 : dcdfe8;
03B66 : dcdfe8;
03B67 : dde0e9;
03B68 : dde1e9;
03B69 : dee0ea;
03B6A : dfe2ea;
03B6B : dfe3ec;
03B6C : dfe3ed;
03B6D : dbe0ea;
03B6E : d4dae5;
03B6F : d0d6e1;
03B70 : d8dde6;
03B71 : dcdfe8;
03B72 : dde0ea;
03B73 : d8dce6;
03B74 : dce1ec;
03B75 : dbdfea;
03B76 : c3cddc;
03B77 : bcc8d8;
03B78 : d5dce8;
03B79 : d9dbe3;
03B7A : cdd6d7;
03B7B : 50a789;
03B7C : 26595e;
03B7D : 359370;
03B7E : 3cb57a;
03B7F : 3aaf74;
03B80 : 184616;
03B81 : 1b4613;
03B82 : 25480f;
03B83 : 3f4e08;
03B84 : 4f5108;
03B85 : 5a593b;
03B86 : 6a6b67;
03B87 : 65645a;
03B88 : 6f6e6d;
03B89 : 7f848e;
03B8A : 5d5e56;
03B8B : 6c6d6c;
03B8C : 8d939f;
03B8D : 949ba8;
03B8E : 7e8891;
03B8F : 5e6060;
03B90 : 9699a1;
03B91 : b4b8c5;
03B92 : b8bfcb;
03B93 : b1b7c4;
03B94 : 8e949a;
03B95 : 72716e;
03B96 : 7e7f7f;
03B97 : 9ea1a8;
03B98 : b1b5bf;
03B99 : b8bcc7;
03B9A : bec2cc;
03B9B : c2c6cf;
03B9C : c5c8d1;
03B9D : c3c7d0;
03B9E : c5c8d1;
03B9F : c3c7d1;
03BA0 : bcc2cd;
03BA1 : bbc2cd;
03BA2 : bbc0cc;
03BA3 : b2b9c4;
03BA4 : b6bdc7;
03BA5 : b5bcc6;
03BA6 : b3bac5;
03BA7 : b7bfc9;
03BA8 : c0c6d0;
03BA9 : bcc4cf;
03BAA : b3bac7;
03BAB : b3bac4;
03BAC : b3bac5;
03BAD : c1c7d2;
03BAE : bcc3cf;
03BAF : c3c9d3;
03BB0 : c6ccd5;
03BB1 : c6ccd5;
03BB2 : c8ced7;
03BB3 : cbd0d8;
03BB4 : cdd2db;
03BB5 : c2c9d5;
03BB6 : bcc3d1;
03BB7 : b8c0ce;
03BB8 : b1bbcb;
03BB9 : a1adbe;
03BBA : a5b0bc;
03BBB : b6bfcb;
03BBC : bbc5d1;
03BBD : b5bfcc;
03BBE : acb8c7;
03BBF : bbc9d6;
03BC0 : 748294;
03BC1 : bbc2d1;
03BC2 : dde3f1;
03BC3 : dde3f2;
03BC4 : ccd7e4;
03BC5 : c9d3e0;
03BC6 : d5dcea;
03BC7 : d5deeb;
03BC8 : d4dcea;
03BC9 : d2d9e5;
03BCA : cdd3dc;
03BCB : d0d5de;
03BCC : d1d6de;
03BCD : d0d6de;
03BCE : d4d8e0;
03BCF : d5d9e0;
03BD0 : d5d9e0;
03BD1 : d4d8e0;
03BD2 : d2d6de;
03BD3 : d4d8e0;
03BD4 : d6dae2;
03BD5 : d6dbe2;
03BD6 : d6dae2;
03BD7 : d6dae2;
03BD8 : d7dae2;
03BD9 : d8dbe3;
03BDA : d8dbe3;
03BDB : d7dbe2;
03BDC : d6dae2;
03BDD : d8dbe3;
03BDE : d8dce4;
03BDF : dadde4;
03BE0 : dadde5;
03BE1 : dadde4;
03BE2 : dbdde5;
03BE3 : dbdee5;
03BE4 : dcdee6;
03BE5 : dcdfe7;
03BE6 : dcdfe7;
03BE7 : dde0e9;
03BE8 : dee1e9;
03BE9 : dee1ea;
03BEA : dee1ea;
03BEB : dee2ea;
03BEC : dfe2ec;
03BED : dfe3ed;
03BEE : dbe0e9;
03BEF : d2d8e2;
03BF0 : d3d9e2;
03BF1 : d9dee7;
03BF2 : dbdfe8;
03BF3 : d8dce5;
03BF4 : d9dee8;
03BF5 : dce1ec;
03BF6 : c4cddb;
03BF7 : b8c5d5;
03BF8 : d3dae7;
03BF9 : d9dbe3;
03BFA : cad3d5;
03BFB : 46a982;
03BFC : 327b65;
03BFD : 307163;
03BFE : 35926f;
03BFF : 327763;
03C00 : 154417;
03C01 : 154314;
03C02 : 1c4511;
03C03 : 2a410a;
03C04 : 3a3e07;
03C05 : 525137;
03C06 : 6c6d6a;
03C07 : 68675f;
03C08 : 6b6a68;
03C09 : 777c83;
03C0A : 58574e;
03C0B : 717374;
03C0C : 999fac;
03C0D : 8a929e;
03C0E : 6f787d;
03C0F : 605f5f;
03C10 : 9fa2ac;
03C11 : b3b7c4;
03C12 : b7beca;
03C13 : a1a9b5;
03C14 : 767877;
03C15 : 71706d;
03C16 : 93969b;
03C17 : aeb2bc;
03C18 : b6bac4;
03C19 : bcbec9;
03C1A : bfc3cd;
03C1B : c2c5cf;
03C1C : c4c7d1;
03C1D : c2c6cf;
03C1E : c4c7d0;
03C1F : c1c5ce;
03C20 : bfc4cd;
03C21 : bcc1cc;
03C22 : b4bbc5;
03C23 : aeb6c0;
03C24 : b5bcc7;
03C25 : b7bdc7;
03C26 : b2b9c4;
03C27 : b8bfc9;
03C28 : c1c7d0;
03C29 : bfc5cf;
03C2A : b0b7c4;
03C2B : adb5c0;
03C2C : b6bdc8;
03C2D : c3c9d3;
03C2E : bdc4d0;
03C2F : c3c9d2;
03C30 : c7ccd5;
03C31 : c6ccd5;
03C32 : c8ced7;
03C33 : cad0d8;
03C34 : cdd2da;
03C35 : c9cfd8;
03C36 : c3cad5;
03C37 : bdc4d1;
03C38 : b4becc;
03C39 : a7b2c3;
03C3A : 9ca8b6;
03C3B : b3bcc8;
03C3C : b9c3d0;
03C3D : bbc5d0;
03C3E : b0bcc9;
03C3F : b4c3d1;
03C40 : 798797;
03C41 : bfc6d4;
03C42 : dce2f0;
03C43 : dde4f2;
03C44 : cfdae7;
03C45 : c7d2df;
03C46 : d5dcea;
03C47 : d7dfed;
03C48 : d5deeb;
03C49 : d1d8e4;
03C4A : cdd3dc;
03C4B : ced4dc;
03C4C : d0d5dd;
03C4D : d0d5de;
03C4E : d2d6de;
03C4F : d4d8e0;
03C50 : d4d8e0;
03C51 : d4d7e0;
03C52 : cfd4dd;
03C53 : d5d8e0;
03C54 : d6d9e1;
03C55 : d5d9e1;
03C56 : d6dae2;
03C57 : d7dbe2;
03C58 : d8dbe2;
03C59 : d8dbe3;
03C5A : d8dbe3;
03C5B : d7dbe3;
03C5C : d7dae2;
03C5D : d8dbe3;
03C5E : d8dce4;
03C5F : d9dde4;
03C60 : d9dce4;
03C61 : d9dde4;
03C62 : dbdee5;
03C63 : dcdee6;
03C64 : dcdee6;
03C65 : dde0e7;
03C66 : dcdfe7;
03C67 : dde0e8;
03C68 : dde0e8;
03C69 : dee1ea;
03C6A : dee1ea;
03C6B : dee1e9;
03C6C : dee1ea;
03C6D : dee2ed;
03C6E : dee3ed;
03C6F : d7dde7;
03C70 : d1d8e2;
03C71 : d7dce6;
03C72 : d8dce6;
03C73 : d6dbe4;
03C74 : d8dce6;
03C75 : dce0eb;
03C76 : c5cddc;
03C77 : b6c3d4;
03C78 : d1d8e5;
03C79 : d9dce4;
03C7A : cdd3ce;
03C7B : 62b270;
03C7C : 328668;
03C7D : 293d4f;
03C7E : 316766;
03C7F : 2e6364;
03C80 : 144518;
03C81 : 144314;
03C82 : 164313;
03C83 : 0d2610;
03C84 : 0b1109;
03C85 : 424132;
03C86 : 6d6e69;
03C87 : 6a6a63;
03C88 : 676661;
03C89 : 707476;
03C8A : 59574e;
03C8B : 717375;
03C8C : 9ea4b2;
03C8D : 8a939e;
03C8E : 555a5a;
03C8F : 696b6d;
03C90 : 9fa5b0;
03C91 : b1b6c4;
03C92 : aeb7c5;
03C93 : 888e94;
03C94 : 686561;
03C95 : 808081;
03C96 : a6aab4;
03C97 : b7bac4;
03C98 : bbbec8;
03C99 : bdbfc9;
03C9A : bfc2cc;
03C9B : c1c4ce;
03C9C : c1c5cf;
03C9D : c0c4ce;
03C9E : bdc0ca;
03C9F : c0c4cd;
03CA0 : bdc2cc;
03CA1 : b9beca;
03CA2 : b1b7c2;
03CA3 : b0b7c2;
03CA4 : b7bdc7;
03CA5 : bac1ca;
03CA6 : b9bfc9;
03CA7 : b7bfc9;
03CA8 : c1c8d1;
03CA9 : c2c7d1;
03CAA : bac1ca;
03CAB : b2bac4;
03CAC : b7bec9;
03CAD : c0c6d1;
03CAE : c2c9d3;
03CAF : c5cbd4;
03CB0 : c7cdd6;
03CB1 : c7cdd6;
03CB2 : c9ced7;
03CB3 : c9ced7;
03CB4 : cbd1d9;
03CB5 : ccd2da;
03CB6 : cdd2db;
03CB7 : c0c6d3;
03CB8 : b5becd;
03CB9 : adb8c7;
03CBA : 9eaab8;
03CBB : afb9c5;
03CBC : bec7d2;
03CBD : c4cbd5;
03CBE : bfc8d4;
03CBF : b1c1cf;
03CC0 : 7d8b99;
03CC1 : c9cfdb;
03CC2 : dae1ef;
03CC3 : dde3f2;
03CC4 : d0dbe9;
03CC5 : c6d1de;
03CC6 : d7dfec;
03CC7 : d5ddeb;
03CC8 : d1dae7;
03CC9 : d0d8e5;
03CCA : cfd5dd;
03CCB : ced4dd;
03CCC : cfd5dd;
03CCD : ced4dd;
03CCE : d1d6de;
03CCF : d2d6de;
03CD0 : d3d7de;
03CD1 : d3d7df;
03CD2 : d4d8e0;
03CD3 : d5d9e1;
03CD4 : d6d9e1;
03CD5 : d6d9e1;
03CD6 : d7dbe2;
03CD7 : d8dbe3;
03CD8 : d8dbe2;
03CD9 : d8dbe3;
03CDA : d9dce4;
03CDB : d8dce4;
03CDC : d8dbe3;
03CDD : d7dbe3;
03CDE : d8dde4;
03CDF : d9dde4;
03CE0 : d9dde4;
03CE1 : d9dde4;
03CE2 : d7d9e2;
03CE3 : d3d8e2;
03CE4 : d6dee7;
03CE5 : dcdfe6;
03CE6 : dcdfe7;
03CE7 : dce0e8;
03CE8 : dcdfe8;
03CE9 : dde0e8;
03CEA : dde1e9;
03CEB : dee1e9;
03CEC : dde0e9;
03CED : dee1eb;
03CEE : dfe3ed;
03CEF : dce0eb;
03CF0 : d3d9e4;
03CF1 : d4d9e4;
03CF2 : d9dde7;
03CF3 : d4d9e4;
03CF4 : d4d9e3;
03CF5 : d9dee8;
03CF6 : c7cfdd;
03CF7 : b7c3d4;
03CF8 : d2d9e5;
03CF9 : d7dbe6;
03CFA : d7d5c0;
03CFB : bdb237;
03CFC : 34494c;
03CFD : 2a364c;
03CFE : 2e4e58;
03CFF : 306465;
03D00 : 17481a;
03D01 : 134417;
03D02 : 164415;
03D03 : 1b4414;
03D04 : 384b0a;
03D05 : 57572d;
03D06 : 686865;
03D07 : 6b6a65;
03D08 : 64625b;
03D09 : 686966;
03D0A : 58564b;
03D0B : 77797d;
03D0C : 969dad;
03D0D : 838b96;
03D0E : 4d4f4b;
03D0F : 74777c;
03D10 : 9ea5b1;
03D11 : adb4c2;
03D12 : 9aa4af;
03D13 : 6d6f6c;
03D14 : 6c6865;
03D15 : 95989f;
03D16 : b1b4c0;
03D17 : bbbdc7;
03D18 : bdc0ca;
03D19 : bbbec8;
03D1A : bfc2cb;
03D1B : bec2cc;
03D1C : bcc0cb;
03D1D : bdc1cb;
03D1E : bbbfc9;
03D1F : bfc3cd;
03D20 : bdc3cc;
03D21 : b7bdc8;
03D22 : afb6c0;
03D23 : b0b7c1;
03D24 : b9c0c9;
03D25 : bac1ca;
03D26 : b8bfc8;
03D27 : b8bfca;
03D28 : c1c7d1;
03D29 : bcc2cc;
03D2A : b7bec8;
03D2B : b2bac4;
03D2C : b8bfca;
03D2D : bac1cf;
03D2E : c0c7d2;
03D2F : c1c7d1;
03D30 : c6ccd5;
03D31 : c9ced7;
03D32 : c8ced7;
03D33 : c8ced7;
03D34 : cad0d9;
03D35 : cacfd9;
03D36 : ced3db;
03D37 : c6ccd6;
03D38 : bac2cf;
03D39 : b0bbca;
03D3A : abb5c2;
03D3B : a8b3bf;
03D3C : bcc5cf;
03D3D : c7cfd8;
03D3E : c6cfd9;
03D3F : b3c3cf;
03D40 : 788391;
03D41 : c9cfdb;
03D42 : d7deec;
03D43 : d9dfed;
03D44 : d2dbea;
03D45 : c4cfdd;
03D46 : d6deec;
03D47 : d4ddea;
03D48 : d0d9e7;
03D49 : d2d9e6;
03D4A : cfd5dd;
03D4B : c7ced9;
03D4C : cbd1db;
03D4D : cfd5dd;
03D4E : d0d5dd;
03D4F : d0d4dd;
03D50 : d2d7de;
03D51 : d3d7df;
03D52 : d6d9e1;
03D53 : d5d9e1;
03D54 : d5d9e0;
03D55 : d6d9e1;
03D56 : d7dae2;
03D57 : d7dae2;
03D58 : d8dbe2;
03D59 : d9dbe3;
03D5A : d9dce3;
03D5B : d8dce4;
03D5C : d7dbe3;
03D5D : d7dbe3;
03D5E : d8dce4;
03D5F : dadde5;
03D60 : d8dce3;
03D61 : d9dde5;
03D62 : c0c5cf;
03D63 : a191a1;
03D64 : a1697d;
03D65 : dad9e0;
03D66 : dce0e8;
03D67 : dcdfe8;
03D68 : dcdfe8;
03D69 : dcdfe8;
03D6A : dde1e8;
03D6B : dde1e9;
03D6C : dde0e9;
03D6D : dde0ea;
03D6E : dee2eb;
03D6F : dee2ed;
03D70 : d6dce7;
03D71 : d3d9e4;
03D72 : d7dce7;
03D73 : d1d7e2;
03D74 : ced4df;
03D75 : d6dae4;
03D76 : c8cfde;
03D77 : b9c5d6;
03D78 : d5dbe6;
03D79 : d8dce7;
03D7A : d0cdba;
03D7B : 67603f;
03D7C : 28324b;
03D7D : 2a354a;
03D7E : 313e4c;
03D7F : 4f9069;
03D80 : 1e4d19;
03D81 : 11441a;
03D82 : 164517;
03D83 : 1d4313;
03D84 : 29430b;
03D85 : 455028;
03D86 : 666560;
03D87 : 686862;
03D88 : 616058;
03D89 : 606058;
03D8A : 58554b;
03D8B : 7c7f85;
03D8C : 98a0b0;
03D8D : 70797f;
03D8E : 494a45;
03D8F : 7e8188;
03D90 : a0a6b3;
03D91 : 9ea6b5;
03D92 : 7a8081;
03D93 : 5f5c56;
03D94 : 7f7f7f;
03D95 : a7abb5;
03D96 : b9bbc6;
03D97 : bcbfc9;
03D98 : bec0ca;
03D99 : babdc7;
03D9A : bfc2cb;
03D9B : bec1cb;
03D9C : b9bdc7;
03D9D : b9bec8;
03D9E : babec8;
03D9F : bdc1cb;
03DA0 : bbc0ca;
03DA1 : b6bcc6;
03DA2 : b2b9c3;
03DA3 : afb6c1;
03DA4 : b9c0ca;
03DA5 : b9c0c9;
03DA6 : b7bec8;
03DA7 : b7bfc9;
03DA8 : bdc3cd;
03DA9 : b7bec8;
03DAA : b4bcc6;
03DAB : b4bbc5;
03DAC : bfc6d0;
03DAD : c5cbd5;
03DAE : c6cdd6;
03DAF : bfc6d0;
03DB0 : c6cbd5;
03DB1 : c8ced6;
03DB2 : c9cfd7;
03DB3 : c8ced7;
03DB4 : c8ced8;
03DB5 : c8ced8;
03DB6 : ced3db;
03DB7 : d0d4dd;
03DB8 : c3cad5;
03DB9 : b2bccb;
03DBA : b2bcc8;
03DBB : a6b1bc;
03DBC : b3bec9;
03DBD : c4ccd6;
03DBE : c8d0da;
03DBF : b5c4cf;
03DC0 : 717c89;
03DC1 : c7cdd9;
03DC2 : d7dfec;
03DC3 : d8dfed;
03DC4 : d3dcea;
03DC5 : cbd5e2;
03DC6 : d6deec;
03DC7 : d5deeb;
03DC8 : d1dae7;
03DC9 : cdd6e4;
03DCA : cad1db;
03DCB : c5ccd7;
03DCC : cbd1da;
03DCD : ced4dd;
03DCE : ced3dc;
03DCF : c2c9d5;
03DD0 : c5ccd7;
03DD1 : d0d5dd;
03DD2 : d5d9e0;
03DD3 : d6dae1;
03DD4 : d5d9e0;
03DD5 : d5d9e1;
03DD6 : d6d9e1;
03DD7 : d6dae1;
03DD8 : d7dae1;
03DD9 : d8dbe2;
03DDA : d9dbe3;
03DDB : d8dbe3;
03DDC : d8dce3;
03DDD : d8dbe3;
03DDE : d8dce3;
03DDF : d9dce4;
03DE0 : d8dce4;
03DE1 : d8dce3;
03DE2 : ccd0d9;
03DE3 : a395a4;
03DE4 : 9c5f6f;
03DE5 : d4d1d9;
03DE6 : dde1e9;
03DE7 : dddfe8;
03DE8 : dde0e8;
03DE9 : dce0e8;
03DEA : dce0e8;
03DEB : dce0e8;
03DEC : dce0e8;
03DED : dde0ea;
03DEE : dee1eb;
03DEF : dfe3ed;
03DF0 : dadfea;
03DF1 : d3dae5;
03DF2 : d5dbe6;
03DF3 : d3d9e4;
03DF4 : ccd2dd;
03DF5 : dadee9;
03DF6 : c4cddd;
03DF7 : bec9d9;
03DF8 : d2d8e4;
03DF9 : d9dde5;
03DFA : a8adb1;
03DFB : 2c3947;
03DFC : 38525a;
03DFD : 343f53;
03DFE : 34414d;
03DFF : 6f7546;
03E00 : 295417;
03E01 : 0d431f;
03E02 : 0d2b17;
03E03 : 0a1b0e;
03E04 : 0d230a;
03E05 : 364a23;
03E06 : 62625a;
03E07 : 64655e;
03E08 : 5e5e53;
03E09 : 5d5c52;
03E0A : 58564b;
03E0B : 7f8289;
03E0C : 959ead;
03E0D : 5f696b;
03E0E : 4c4c48;
03E0F : 878b93;
03E10 : 99a2b1;
03E11 : 838a91;
03E12 : 625e59;
03E13 : 6a6864;
03E14 : 9b9da5;
03E15 : b2b5c0;
03E16 : bbbdc7;
03E17 : bec1ca;
03E18 : bdbfc9;
03E19 : bcbfc9;
03E1A : bbbec8;
03E1B : b9bdc7;
03E1C : b9bdc7;
03E1D : b7bbc5;
03E1E : b7bcc6;
03E1F : bbbfc9;
03E20 : b9bec8;
03E21 : b7bdc7;
03E22 : b3b9c3;
03E23 : aeb5c0;
03E24 : b8bfc9;
03E25 : bac0c9;
03E26 : b6bdc7;
03E27 : b6bdc7;
03E28 : b9c0ca;
03E29 : b6bdc6;
03E2A : b4bbc6;
03E2B : b7bec9;
03E2C : c3c9d2;
03E2D : ccd1d9;
03E2E : c8cdd6;
03E2F : c1c7d1;
03E30 : c5cbd4;
03E31 : c8ced7;
03E32 : c9ced7;
03E33 : c8cdd6;
03E34 : c8ced7;
03E35 : c8ced7;
03E36 : ccd2db;
03E37 : cfd4dd;
03E38 : cbd1da;
03E39 : bbc3d0;
03E3A : b7c1cc;
03E3B : a7b2be;
03E3C : adb8c4;
03E3D : c1cad4;
03E3E : c4cdd7;
03E3F : b5c4d0;
03E40 : 75808d;
03E41 : cad2de;
03E42 : d7dfed;
03E43 : d9e0ee;
03E44 : d2dae8;
03E45 : d3dce9;
03E46 : d1dae7;
03E47 : d4dde9;
03E48 : ccd7e4;
03E49 : cdd6e4;
03E4A : d0d6df;
03E4B : ced4dd;
03E4C : d0d5de;
03E4D : ced4dd;
03E4E : ccd2db;
03E4F : c2c8d5;
03E50 : c7cdd8;
03E51 : d1d6de;
03E52 : d4d8e0;
03E53 : d5d9e1;
03E54 : d5d8e0;
03E55 : d4d8e0;
03E56 : d4d8e0;
03E57 : d6d9e0;
03E58 : d7dae1;
03E59 : d5d8e0;
03E5A : d7dae2;
03E5B : d7dae1;
03E5C : d6dae1;
03E5D : d8dbe3;
03E5E : d8dce3;
03E5F : d9dce4;
03E60 : d9dde5;
03E61 : d7dbe3;
03E62 : d4d8e0;
03E63 : d0d6de;
03E64 : d6dee6;
03E65 : dcdee6;
03E66 : dde0e8;
03E67 : dde0e9;
03E68 : dde0e8;
03E69 : dcdfe8;
03E6A : dce0e8;
03E6B : dcdfe8;
03E6C : dcdfe8;
03E6D : dce0e9;
03E6E : dde0ea;
03E6F : dee2ec;
03E70 : dde1ec;
03E71 : d7dde8;
03E72 : d5dbe6;
03E73 : d6dce6;
03E74 : cfd5e0;
03E75 : d8dee9;
03E76 : c1cada;
03E77 : c9d2df;
03E78 : c9d2de;
03E79 : d5dbe2;
03E7A : 8b929f;
03E7B : 253144;
03E7C : 2e404e;
03E7D : 283347;
03E7E : 2f3a49;
03E7F : 6b6643;
03E80 : 3e5f12;
03E81 : 0f4520;
03E82 : 103e1b;
03E83 : 1e4515;
03E84 : 2a4b0f;
03E85 : 40521c;
03E86 : 5f5f54;
03E87 : 62635a;
03E88 : 5d5c50;
03E89 : 5c5a50;
03E8A : 59574d;
03E8B : 7f838c;
03E8C : 8a94a4;
03E8D : 565d5d;
03E8E : 535350;
03E8F : 8b929d;
03E90 : 7d858f;
03E91 : 656563;
03E92 : 5c5852;
03E93 : 8a8c91;
03E94 : aaaeb8;
03E95 : b4b7c2;
03E96 : bbbec8;
03E97 : bfc1cb;
03E98 : bcbfc9;
03E99 : bcbfc8;
03E9A : b7bbc5;
03E9B : b3b8c3;
03E9C : b8bcc6;
03E9D : b4b8c3;
03E9E : b4b9c4;
03E9F : b9bec8;
03EA0 : b9bec8;
03EA1 : b7bdc7;
03EA2 : b1b7c1;
03EA3 : adb4c0;
03EA4 : b7bec8;
03EA5 : b9bfc9;
03EA6 : b4bcc5;
03EA7 : b1b9c3;
03EA8 : b8bfc8;
03EA9 : b5bcc6;
03EAA : b6bdc7;
03EAB : bdc3cd;
03EAC : c4cad3;
03EAD : cbd0d8;
03EAE : c7ccd6;
03EAF : c0c6d0;
03EB0 : c3c9d3;
03EB1 : c8cdd6;
03EB2 : c8cdd6;
03EB3 : c7cdd6;
03EB4 : c7cdd6;
03EB5 : c8ced7;
03EB6 : ccd2da;
03EB7 : ced3dc;
03EB8 : ced3db;
03EB9 : c5cdd6;
03EBA : c1cad4;
03EBB : acb7c2;
03EBC : a9b3c0;
03EBD : c0c9d2;
03EBE : c2cbd6;
03EBF : b6c4d0;
03EC0 : 78828f;
03EC1 : c8d0dc;
03EC2 : d4dce9;
03EC3 : d3dae7;
03EC4 : d9e0ed;
03EC5 : d9e0ec;
03EC6 : d2dbe9;
03EC7 : d3dce9;
03EC8 : d0d9e6;
03EC9 : ced8e6;
03ECA : d1d7e0;
03ECB : cfd5de;
03ECC : cfd5de;
03ECD : cfd5dd;
03ECE : c9cfda;
03ECF : c4cad6;
03ED0 : c8cfd9;
03ED1 : cdd3db;
03ED2 : d3d8df;
03ED3 : d4d9e1;
03ED4 : d4d8e0;
03ED5 : d3d7e0;
03ED6 : d4d9e1;
03ED7 : d4d9e0;
03ED8 : d6d9e1;
03ED9 : d2d6de;
03EDA : d5d8df;
03EDB : d7dae1;
03EDC : d8dbe2;
03EDD : d9dbe2;
03EDE : d9dce4;
03EDF : dadde4;
03EE0 : dbdde5;
03EE1 : d9dce4;
03EE2 : d7dbe3;
03EE3 : d9dde5;
03EE4 : dcdee6;
03EE5 : dcdee6;
03EE6 : dcdee7;
03EE7 : dcdfe7;
03EE8 : dcdfe8;
03EE9 : dce0e9;
03EEA : dcdfe8;
03EEB : dce0e8;
03EEC : dcdfe8;
03EED : dbdee7;
03EEE : dbdee7;
03EEF : dde0ea;
03EF0 : dee2ed;
03EF1 : dae0ea;
03EF2 : d6dde8;
03EF3 : d7dde7;
03EF4 : cfd6e1;
03EF5 : c6d0de;
03EF6 : c5cedc;
03EF7 : c9d2df;
03EF8 : c1ccda;
03EF9 : d7dce3;
03EFA : 717985;
03EFB : 263044;
03EFC : 283347;
03EFD : 283447;
03EFE : 2d384a;
03EFF : 2c3548;
03F00 : 596a0c;
03F01 : 153017;
03F02 : 061712;
03F03 : 113012;
03F04 : 224812;
03F05 : 435414;
03F06 : 5e5e4d;
03F07 : 616158;
03F08 : 5d5b4f;
03F09 : 5b584c;
03F0A : 5b584e;
03F0B : 7b8089;
03F0C : 7a8492;
03F0D : 525755;
03F0E : 5b5b5a;
03F0F : 7e848c;
03F10 : 61625f;
03F11 : 56524b;
03F12 : 757775;
03F13 : a0a6af;
03F14 : adb0bb;
03F15 : b3b7c2;
03F16 : bbbec8;
03F17 : bec0ca;
03F18 : babdc7;
03F19 : b8bcc6;
03F1A : b3b7c2;
03F1B : b2b8c2;
03F1C : b5b9c3;
03F1D : b1b6c1;
03F1E : b3b8c3;
03F1F : b8bdc8;
03F20 : b8bdc7;
03F21 : b6bcc5;
03F22 : b1b7c1;
03F23 : aeb4c0;
03F24 : b6bdc8;
03F25 : b6bdc7;
03F26 : aeb5bf;
03F27 : b2b9c3;
03F28 : b6bdc6;
03F29 : b6bdc7;
03F2A : b9c0ca;
03F2B : bfc5cf;
03F2C : c2c9d3;
03F2D : cad0d8;
03F2E : c6cbd5;
03F2F : bbc2cd;
03F30 : c8cdd6;
03F31 : c7ccd6;
03F32 : bfc6d1;
03F33 : c4cad4;
03F34 : c6ccd6;
03F35 : c7ced6;
03F36 : cbd1d9;
03F37 : cdd3dc;
03F38 : cdd2db;
03F39 : cad1d9;
03F3A : c6cdd6;
03F3B : b5bfc9;
03F3C : a7b2bf;
03F3D : b7c2cc;
03F3E : c2cbd6;
03F3F : b3c2ce;
03F40 : 78838f;
03F41 : c7cfdb;
03F42 : d4dcea;
03F43 : d6ddea;
03F44 : cfd3d8;
03F45 : dddede;
03F46 : e1e5eb;
03F47 : ced8e5;
03F48 : cfd9e6;
03F49 : cfd8e6;
03F4A : d4d9e3;
03F4B : d0d6df;
03F4C : cfd5de;
03F4D : d0d5de;
03F4E : ccd2db;
03F4F : c5ccd7;
03F50 : c9cfd9;
03F51 : cdd3dc;
03F52 : d1d6de;
03F53 : d1d6df;
03F54 : d3d8e0;
03F55 : d3d8e0;
03F56 : d3d8e0;
03F57 : d5d9e1;
03F58 : d6dae1;
03F59 : d6d9e1;
03F5A : d5d8e0;
03F5B : d7dae1;
03F5C : d8dbe2;
03F5D : d9dbe2;
03F5E : d9dbe3;
03F5F : d9dbe3;
03F60 : dbdee5;
03F61 : dadde4;
03F62 : d9dce4;
03F63 : d9dce4;
03F64 : dadde6;
03F65 : dbdee6;
03F66 : dcdee6;
03F67 : dcdfe7;
03F68 : dce0e8;
03F69 : dde0e9;
03F6A : dbdfe8;
03F6B : dce0e9;
03F6C : dce0e8;
03F6D : dbdfe8;
03F6E : dadde6;
03F6F : dbdee6;
03F70 : dde0eb;
03F71 : dce1ec;
03F72 : d9dfea;
03F73 : d8dee9;
03F74 : d1d8e3;
03F75 : c8d1df;
03F76 : c9d2df;
03F77 : b6c4d6;
03F78 : c4cedc;
03F79 : d3d7de;
03F7A : 505a6a;
03F7B : 243144;
03F7C : 283549;
03F7D : 2a364a;
03F7E : 2a3348;
03F7F : 293348;
03F80 : 66710a;
03F81 : 2e4213;
03F82 : 071f16;
03F83 : 0c3819;
03F84 : 0e3e18;
03F85 : 2c4914;
03F86 : 575b46;
03F87 : 616056;
03F88 : 5c5a4e;
03F89 : 59564b;
03F8A : 5c594f;
03F8B : 767d81;
03F8C : 687073;
03F8D : 4c4e4a;
03F8E : 5b5d5b;
03F8F : 656866;
03F90 : 54514a;
03F91 : 666461;
03F92 : 94979e;
03F93 : a9adb9;
03F94 : aeb2bd;
03F95 : b4b7c2;
03F96 : b9bcc7;
03F97 : bcbec9;
03F98 : b7bbc5;
03F99 : b6b9c4;
03F9A : b0b5bf;
03F9B : b1b6c0;
03F9C : b3b7c2;
03F9D : b1b6c0;
03F9E : b2b7c2;
03F9F : b7bcc6;
03FA0 : b5bbc5;
03FA1 : b3b9c3;
03FA2 : b1b7c1;
03FA3 : aeb4bf;
03FA4 : b5bcc7;
03FA5 : b2b9c2;
03FA6 : acb3bd;
03FA7 : b1b8c2;
03FA8 : b5bcc6;
03FA9 : b9bfc9;
03FAA : bdc3cd;
03FAB : c0c6d0;
03FAC : c2c9d3;
03FAD : c9ced7;
03FAE : c0c6d1;
03FAF : afb9c7;
03FB0 : c4cad4;
03FB1 : c4cbd5;
03FB2 : b5bdcb;
03FB3 : c0c7d2;
03FB4 : c7cdd7;
03FB5 : c6ccd6;
03FB6 : cad0d8;
03FB7 : cdd3db;
03FB8 : cdd3dc;
03FB9 : cad1d9;
03FBA : c7cfd7;
03FBB : bbc4ce;
03FBC : a9b5c1;
03FBD : aebac6;
03FBE : c0cad5;
03FBF : afbfcc;
03FC0 : 77828f;
03FC1 : c7cfdb;
03FC2 : d2dae8;
03FC3 : d1d8e2;
03FC4 : d9d7cf;
03FC5 : e8e5db;
03FC6 : e6e4dc;
03FC7 : d3dce4;
03FC8 : d0dae7;
03FC9 : d2dae8;
03FCA : d4d9e3;
03FCB : d1d6df;
03FCC : d1d7df;
03FCD : d0d6de;
03FCE : ccd2db;
03FCF : c3cad5;
03FD0 : cad0da;
03FD1 : cdd3dc;
03FD2 : cfd5dd;
03FD3 : cfd5de;
03FD4 : d2d8df;
03FD5 : d2d8df;
03FD6 : d2d8e0;
03FD7 : d5d9e1;
03FD8 : d6d9e1;
03FD9 : d6d9e1;
03FDA : d6dae1;
03FDB : d7dae2;
03FDC : d8dbe2;
03FDD : d8dae2;
03FDE : d7dbe2;
03FDF : d8dae2;
03FE0 : dadde3;
03FE1 : dadce3;
03FE2 : dadce3;
03FE3 : d9dde5;
03FE4 : d9dde5;
03FE5 : dadde5;
03FE6 : dbdee5;
03FE7 : dbdee6;
03FE8 : dbdfe8;
03FE9 : dde0e9;
03FEA : dde0ea;
03FEB : dde0ea;
03FEC : dde0ea;
03FED : dcdfe9;
03FEE : dbdee7;
03FEF : dadde5;
03FF0 : dbdfe8;
03FF1 : dce1ed;
03FF2 : dbe0eb;
03FF3 : dadfea;
03FF4 : d6dbe6;
03FF5 : ced5e2;
03FF6 : bac5d8;
03FF7 : b0bfd3;
03FF8 : cdd5e1;
03FF9 : c2c7ce;
03FFA : 394455;
03FFB : 273447;
03FFC : 283648;
03FFD : 2d3c4b;
03FFE : 293247;
03FFF : 293248;
END;
